time	V(V_Tout,Vcm)	V(V_tin,Vcm)
0.000000000000000e+00	9.299950e-01	3.000000e-01
3.199999909497819e-08	9.299947e-01	2.999582e-01
5.907428200177117e-08	9.299938e-01	2.998000e-01
8.511652782734265e-08	9.299920e-01	2.995477e-01
1.193091605485287e-07	9.299859e-01	2.990562e-01
1.653688095420480e-07	9.299755e-01	2.981678e-01
2.151695735900531e-07	9.299610e-01	2.969451e-01
2.749099848718499e-07	9.299462e-01	2.951832e-01
3.331172392495758e-07	9.299112e-01	2.931792e-01
4.280369954752306e-07	9.298056e-01	2.895228e-01
5.784442746353801e-07	9.297110e-01	2.837888e-01
7.519851966148843e-07	9.296826e-01	2.785252e-01
9.517747481607614e-07	9.293928e-01	2.757350e-01
1.139664338369042e-06	9.286309e-01	2.775275e-01
1.338644540496020e-06	9.269990e-01	2.832778e-01
1.474844288885679e-06	9.256076e-01	2.886923e-01
1.596855300288083e-06	9.244851e-01	2.940661e-01
1.718627500547004e-06	9.234452e-01	2.989774e-01
1.839174842326560e-06	9.224798e-01	3.025701e-01
1.983056577828272e-06	9.213337e-01	3.038258e-01
2.176993809275211e-06	9.200505e-01	2.999389e-01
2.398313153559172e-06	9.197188e-01	2.907104e-01
2.529707366816863e-06	9.198186e-01	2.837253e-01
2.669214694118794e-06	9.197042e-01	2.761388e-01
2.808091682194978e-06	9.194903e-01	2.701461e-01
2.934180960965323e-06	9.192956e-01	2.679529e-01
3.099695522040814e-06	9.189012e-01	2.721979e-01
3.262322977151679e-06	9.178752e-01	2.846134e-01
3.419991388879105e-06	9.161057e-01	3.025441e-01
3.547594486770827e-06	9.145598e-01	3.189122e-01
3.688135378990154e-06	9.133479e-01	3.362952e-01
3.818075831702561e-06	9.126271e-01	3.483998e-01
3.984754759418533e-06	9.122273e-01	3.535298e-01
4.198131963325645e-06	9.126750e-01	3.427784e-01
4.420395841185270e-06	9.150010e-01	3.177872e-01
4.561613640160779e-06	9.177748e-01	2.986434e-01
4.679996099727642e-06	9.198545e-01	2.827624e-01
4.804532195593349e-06	9.218435e-01	2.693591e-01
4.922427727730741e-06	9.236105e-01	2.620519e-01
5.045878721982758e-06	9.252487e-01	2.608566e-01
5.190601411369361e-06	9.266368e-01	2.649861e-01
5.362174567785763e-06	9.270045e-01	2.730259e-01
5.552566747715273e-06	9.251504e-01	2.821975e-01
5.689332746961413e-06	9.234947e-01	2.886052e-01
5.810659210453918e-06	9.224677e-01	2.936007e-01
5.930938344480455e-06	9.216467e-01	2.966852e-01
6.045664493533647e-06	9.209561e-01	2.968874e-01
6.165548823101785e-06	9.200444e-01	2.931223e-01
6.346785695618146e-06	9.192945e-01	2.832273e-01
6.465657365254225e-06	9.191455e-01	2.752709e-01
6.588787325603487e-06	9.187247e-01	2.662612e-01
6.721823401466129e-06	9.181786e-01	2.575658e-01
6.849302917696270e-06	9.175956e-01	2.519889e-01
7.015247648939964e-06	9.163450e-01	2.493331e-01
7.186260324062745e-06	9.140401e-01	2.499763e-01
7.339507558216607e-06	9.115468e-01	2.524402e-01
7.527186912702164e-06	9.082052e-01	2.563905e-01
7.696562431297965e-06	9.050143e-01	2.598864e-01
7.846303932447820e-06	9.021709e-01	2.622352e-01
8.006412799514214e-06	8.993419e-01	2.644342e-01
8.096968441646172e-06	8.978600e-01	2.669631e-01
8.174819663360897e-06	8.965869e-01	2.712243e-01
8.257500857353041e-06	8.953258e-01	2.780100e-01
8.376716966502443e-06	8.934830e-01	2.900391e-01
8.497593600738999e-06	8.915523e-01	3.032096e-01
8.683166819532239e-06	8.888137e-01	3.220903e-01
8.863137718352149e-06	8.870481e-01	3.344714e-01
9.074039393474207e-06	8.864777e-01	3.367280e-01
9.315857606574136e-06	8.876228e-01	3.260915e-01
9.471906908911487e-06	8.892126e-01	3.142416e-01
9.601836796695941e-06	8.908411e-01	3.031469e-01
9.726223100891756e-06	8.925210e-01	2.936507e-01
9.850650706213419e-06	8.942566e-01	2.868814e-01
9.979057741358768e-06	8.959591e-01	2.841347e-01
1.009386691794800e-05	8.973685e-01	2.867628e-01
1.021148577326464e-05	8.987911e-01	2.951480e-01
1.034934307969857e-05	8.998330e-01	3.094552e-01
1.046569528859641e-05	9.002670e-01	3.235086e-01
1.058425093234075e-05	9.008188e-01	3.384928e-01
1.070900016689041e-05	9.015430e-01	3.528162e-01
1.083586507421139e-05	9.025986e-01	3.637143e-01
1.097669139140017e-05	9.038274e-01	3.680958e-01
1.116611703644077e-05	9.054737e-01	3.609608e-01
1.139035167836934e-05	9.112576e-01	3.441067e-01
1.152968436468074e-05	9.159284e-01	3.308374e-01
1.164303655728613e-05	9.192471e-01	3.191856e-01
1.175598200523570e-05	9.223649e-01	3.094154e-01
1.190691360920146e-05	9.263324e-01	3.013246e-01
1.204683888400755e-05	9.297157e-01	2.999949e-01
1.218849511485084e-05	9.328373e-01	3.047529e-01
1.235347998546171e-05	9.357025e-01	3.145690e-01
1.249341205698144e-05	9.374698e-01	3.244530e-01
1.262166932177159e-05	9.389725e-01	3.337850e-01
1.275049064891056e-05	9.403928e-01	3.417923e-01
1.289438542199761e-05	9.418940e-01	3.477652e-01
1.300799563031903e-05	9.432067e-01	3.492244e-01
1.310904842582136e-05	9.445249e-01	3.469251e-01
1.321266527045423e-05	9.460250e-01	3.411250e-01
1.331245440731544e-05	9.475423e-01	3.329359e-01
1.342830575819026e-05	9.494199e-01	3.215416e-01
1.354479796806504e-05	9.514088e-01	3.095087e-01
1.367949862882914e-05	9.536303e-01	2.966180e-01
1.382918635798434e-05	9.560549e-01	2.861331e-01
1.398251036753788e-05	9.589118e-01	2.817456e-01
1.417201411940965e-05	9.609647e-01	2.801318e-01
1.434659704362156e-05	9.608536e-01	2.776057e-01
1.452595445875191e-05	9.598075e-01	2.741065e-01
1.473074988407696e-05	9.579011e-01	2.704360e-01
1.492375506745328e-05	9.559120e-01	2.688749e-01
1.512870324526624e-05	9.537974e-01	2.706576e-01
1.534387816311750e-05	9.512310e-01	2.758265e-01
1.549403872692240e-05	9.488924e-01	2.804295e-01
1.563075030319095e-05	9.466190e-01	2.847521e-01
1.576600071269094e-05	9.443889e-01	2.883729e-01
1.591363090810060e-05	9.420833e-01	2.911548e-01
1.606513954855909e-05	9.401141e-01	2.944268e-01
1.616289164965545e-05	9.391150e-01	2.992890e-01
1.628769847713018e-05	9.378513e-01	3.096566e-01
1.640535419517474e-05	9.366784e-01	3.219246e-01
1.656653937957020e-05	9.352309e-01	3.398587e-01
1.674215501902519e-05	9.341306e-01	3.563032e-01
1.695928182830423e-05	9.341819e-01	3.672011e-01
1.720264262803092e-05	9.359536e-01	3.671934e-01
1.741337950383834e-05	9.384165e-01	3.604035e-01
1.758398595679771e-05	9.417639e-01	3.539399e-01
1.775455093561454e-05	9.459079e-01	3.484197e-01
1.789095922579253e-05	9.493387e-01	3.456950e-01
1.803448038269936e-05	9.528247e-01	3.452294e-01
1.814422450516230e-05	9.554622e-01	3.469667e-01
1.825703551558474e-05	9.581318e-01	3.505357e-01
1.835825766053522e-05	9.604836e-01	3.547307e-01
1.845833290845475e-05	9.628968e-01	3.595368e-01
1.859198237681294e-05	9.661638e-01	3.660120e-01
1.875272891482603e-05	9.699805e-01	3.723763e-01
1.894016311779093e-05	9.744560e-01	3.763539e-01
1.912574000533688e-05	9.791924e-01	3.759053e-01
1.931816827091055e-05	9.848728e-01	3.721647e-01
1.944598869226200e-05	9.888762e-01	3.684611e-01
1.957392294536403e-05	9.927769e-01	3.642069e-01
1.970153294657653e-05	9.966260e-01	3.604377e-01
1.987343129376172e-05	1.001723e+00	3.570463e-01
2.004495620385721e-05	1.006444e+00	3.540724e-01
2.016501944701222e-05	1.009369e+00	3.492509e-01
2.028884899905199e-05	1.012180e+00	3.401745e-01
2.041397736291890e-05	1.014768e+00	3.281295e-01
2.057882875995285e-05	1.017864e+00	3.112773e-01
2.076200759050720e-05	1.020975e+00	2.962753e-01
2.098530200011687e-05	1.025731e+00	2.924945e-01
2.123138589280340e-05	1.031170e+00	3.099701e-01
2.142487164322174e-05	1.028310e+00	3.309778e-01
2.156888352380026e-05	1.024779e+00	3.500052e-01
2.168777249514206e-05	1.023117e+00	3.665447e-01
2.177815932370855e-05	1.022700e+00	3.779119e-01
2.186227366558344e-05	1.022592e+00	3.859655e-01
2.194553176682814e-05	1.022363e+00	3.901307e-01
2.209022726642089e-05	1.022934e+00	3.934798e-01
2.222819929394098e-05	1.024457e+00	3.969635e-01
2.239884364207179e-05	1.026662e+00	4.023372e-01
2.256725367731747e-05	1.028620e+00	4.070868e-01
2.282825548556478e-05	1.033683e+00	4.126678e-01
2.313622739615586e-05	1.042253e+00	4.136192e-01
2.344132116414905e-05	1.053167e+00	4.092056e-01
2.362834242728851e-05	1.060584e+00	4.050269e-01
2.376834551543484e-05	1.066036e+00	4.020112e-01
2.390474366603496e-05	1.071354e+00	4.003985e-01
2.413226772265284e-05	1.079716e+00	3.989108e-01
2.425708257242482e-05	1.084020e+00	3.975818e-01
2.442276243535413e-05	1.089637e+00	3.950405e-01
2.457649590314855e-05	1.094662e+00	3.925679e-01
2.481318297965811e-05	1.102021e+00	3.896741e-01
2.505253774504623e-05	1.108605e+00	3.859803e-01
2.518695094315240e-05	1.111752e+00	3.800283e-01
2.533510332506938e-05	1.114946e+00	3.680620e-01
2.548303026684932e-05	1.117795e+00	3.532270e-01
2.567909558703393e-05	1.121232e+00	3.342626e-01
2.586230006933630e-05	1.124231e+00	3.239240e-01
2.611736201838800e-05	1.131061e+00	3.308948e-01
2.634985565872881e-05	1.132046e+00	3.497123e-01
2.652654775634761e-05	1.127239e+00	3.667767e-01
2.664210005672362e-05	1.124536e+00	3.792773e-01
2.676000918887948e-05	1.123347e+00	3.919188e-01
2.684596468538197e-05	1.123080e+00	3.994680e-01
2.693096318883960e-05	1.122832e+00	4.039869e-01
2.701962749525903e-05	1.122347e+00	4.049238e-01
2.719695610809788e-05	1.122488e+00	4.021237e-01
2.735931720596897e-05	1.123647e+00	3.972794e-01
2.753076900443897e-05	1.124978e+00	3.902329e-01
2.771751885026163e-05	1.126998e+00	3.830672e-01
2.785514097393149e-05	1.128710e+00	3.793348e-01
2.797613258589211e-05	1.130153e+00	3.775708e-01
2.809796041111834e-05	1.131432e+00	3.760801e-01
2.817724755447950e-05	1.132191e+00	3.741624e-01
2.827628886033008e-05	1.133132e+00	3.703475e-01
2.838420903932764e-05	1.134114e+00	3.651628e-01
2.851782541173483e-05	1.135306e+00	3.582484e-01
2.871180786123202e-05	1.137127e+00	3.495914e-01
2.891095104404742e-05	1.138770e+00	3.443300e-01
2.914400435334869e-05	1.138796e+00	3.401648e-01
2.931336995758551e-05	1.137700e+00	3.357467e-01
2.950793469930241e-05	1.136311e+00	3.293685e-01
2.970669198179962e-05	1.134815e+00	3.236533e-01
2.992062822242726e-05	1.132745e+00	3.206625e-01
3.010775202628055e-05	1.130633e+00	3.243035e-01
3.027890910448535e-05	1.128201e+00	3.351027e-01
3.044459633190059e-05	1.125079e+00	3.503838e-01
3.057989089765081e-05	1.122323e+00	3.639674e-01
3.072224413311171e-05	1.119708e+00	3.769227e-01
3.087303369982283e-05	1.117385e+00	3.862510e-01
3.103511590381314e-05	1.115767e+00	3.900499e-01
3.123712017376801e-05	1.115360e+00	3.896474e-01
3.140203079417637e-05	1.115566e+00	3.871460e-01
3.160164611688196e-05	1.116211e+00	3.832189e-01
3.181920947035970e-05	1.117421e+00	3.799060e-01
3.203266695168430e-05	1.118848e+00	3.774358e-01
3.214621052122933e-05	1.119607e+00	3.749027e-01
3.221835027581632e-05	1.120136e+00	3.719078e-01
3.228815707442778e-05	1.120593e+00	3.678063e-01
3.240839399276922e-05	1.121392e+00	3.594921e-01
3.253600443833863e-05	1.122372e+00	3.503605e-01
3.271062793289577e-05	1.123856e+00	3.394582e-01
3.289405053283901e-05	1.125297e+00	3.331385e-01
3.308918372733029e-05	1.126236e+00	3.367981e-01
3.328015861016280e-05	1.125881e+00	3.527475e-01
3.346236916721523e-05	1.123791e+00	3.755990e-01
3.358250380397691e-05	1.122340e+00	3.925189e-01
3.369570954241561e-05	1.121582e+00	4.078847e-01
3.381128122838109e-05	1.121192e+00	4.202788e-01
3.394391538931096e-05	1.121227e+00	4.271581e-01
3.414673920704109e-05	1.121754e+00	4.232994e-01
3.436664411947181e-05	1.124221e+00	4.082875e-01
3.451022898401975e-05	1.126949e+00	3.950685e-01
3.463221960704603e-05	1.129534e+00	3.833856e-01
3.475530369581344e-05	1.132045e+00	3.731664e-01
3.487988036653637e-05	1.134501e+00	3.662087e-01
3.500404899452073e-05	1.136684e+00	3.624863e-01
3.513250692162539e-05	1.138413e+00	3.584118e-01
3.525174790078000e-05	1.139587e+00	3.515007e-01
3.537585562090561e-05	1.140762e+00	3.414605e-01
3.555096597641743e-05	1.142882e+00	3.266057e-01
3.575234707324304e-05	1.144320e+00	3.121101e-01
3.597668388060061e-05	1.144398e+00	3.050667e-01
3.623195451388108e-05	1.139843e+00	3.068273e-01
3.643859898403811e-05	1.135161e+00	3.150593e-01
3.657529278542474e-05	1.132411e+00	3.228365e-01
3.671762599834509e-05	1.129120e+00	3.301830e-01
3.685944614902429e-05	1.125722e+00	3.353856e-01
3.700228682004686e-05	1.122628e+00	3.391306e-01
3.710999191952602e-05	1.120615e+00	3.434454e-01
3.720142133687362e-05	1.118985e+00	3.502886e-01
3.730244920761437e-05	1.117312e+00	3.614347e-01
3.744649847874023e-05	1.114855e+00	3.802039e-01
3.759358013169265e-05	1.112274e+00	3.993456e-01
3.778480128295084e-05	1.110048e+00	4.194425e-01
3.799846430160660e-05	1.110320e+00	4.320686e-01
3.824671941391967e-05	1.111915e+00	4.356466e-01
3.845614959350784e-05	1.113378e+00	4.345533e-01
3.873092848395157e-05	1.118763e+00	4.344953e-01
3.903723856075275e-05	1.127814e+00	4.334669e-01
3.933420187915420e-05	1.137357e+00	4.263287e-01
3.962344702212670e-05	1.147673e+00	4.152653e-01
3.977410175828473e-05	1.153190e+00	4.103159e-01
3.997406054784500e-05	1.160002e+00	4.077401e-01
4.016474137464619e-05	1.165967e+00	4.106155e-01
4.033737415993207e-05	1.170646e+00	4.172807e-01
4.046585645667561e-05	1.173833e+00	4.239213e-01
4.058371643766539e-05	1.176773e+00	4.305147e-01
4.070144382073939e-05	1.179742e+00	4.364698e-01
4.086369134369103e-05	1.183769e+00	4.424187e-01
4.110268214767589e-05	1.189992e+00	4.454209e-01
4.121418817679108e-05	1.193135e+00	4.457364e-01
4.133628626227852e-05	1.196651e+00	4.461356e-01
4.150177729722980e-05	1.201558e+00	4.467529e-01
4.168660154775481e-05	1.207204e+00	4.474517e-01
4.194272201572843e-05	1.215231e+00	4.478656e-01
4.208335465917881e-05	1.219676e+00	4.461926e-01
4.217414025954373e-05	1.222469e+00	4.423625e-01
4.226156304111140e-05	1.225092e+00	4.360312e-01
4.236066814560186e-05	1.227983e+00	4.268920e-01
4.247806571429795e-05	1.231275e+00	4.147691e-01
4.262887520913304e-05	1.235318e+00	3.996755e-01
4.281073948995772e-05	1.239950e+00	3.865570e-01
4.303453680152795e-05	1.244574e+00	3.784287e-01
4.324995843184019e-05	1.247159e+00	3.730097e-01
4.342975351138593e-05	1.248817e+00	3.677097e-01
4.362778605530544e-05	1.251583e+00	3.627902e-01
4.381315375786820e-05	1.251033e+00	3.579055e-01
4.406530662747938e-05	1.246560e+00	3.553644e-01
4.426778560547041e-05	1.242388e+00	3.607909e-01
4.440465149462514e-05	1.240841e+00	3.700894e-01
4.453102748278906e-05	1.238838e+00	3.796917e-01
4.465644466052684e-05	1.236562e+00	3.886428e-01
4.479097104977712e-05	1.233898e+00	3.956651e-01
4.499278386837743e-05	1.230279e+00	4.001494e-01
4.520708838577514e-05	1.228109e+00	3.993034e-01
4.537254604696346e-05	1.227312e+00	3.956420e-01
4.550612639716788e-05	1.226562e+00	3.912021e-01
4.567040947847286e-05	1.225700e+00	3.856910e-01
4.582020194739147e-05	1.225027e+00	3.818722e-01
4.596326887004436e-05	1.224358e+00	3.795835e-01
4.611391242267612e-05	1.223376e+00	3.767235e-01
4.620614993158398e-05	1.222655e+00	3.730671e-01
4.631114148799296e-05	1.221840e+00	3.666103e-01
4.643768099512457e-05	1.220912e+00	3.573922e-01
4.656408303647835e-05	1.220009e+00	3.480335e-01
4.676310264646324e-05	1.218365e+00	3.358083e-01
4.695212110547501e-05	1.216179e+00	3.300212e-01
4.716528405877796e-05	1.212740e+00	3.316470e-01
4.738864532364154e-05	1.207345e+00	3.381157e-01
4.752479330902034e-05	1.203607e+00	3.433677e-01
4.766519053834621e-05	1.199914e+00	3.491250e-01
4.780507270236541e-05	1.196257e+00	3.537705e-01
4.794150677084701e-05	1.192856e+00	3.569512e-01
4.807556557709704e-05	1.189910e+00	3.609295e-01
4.816542518732488e-05	1.188179e+00	3.669533e-01
4.827523828776535e-05	1.186105e+00	3.790370e-01
4.839182505896914e-05	1.183897e+00	3.950868e-01
4.854055962897691e-05	1.181045e+00	4.170664e-01
4.870796047655570e-05	1.178221e+00	4.389355e-01
4.890913012553194e-05	1.177447e+00	4.565577e-01
4.911157911904670e-05	1.178201e+00	4.599400e-01
4.941169120119197e-05	1.179245e+00	4.476407e-01
4.965409088068717e-05	1.184177e+00	4.367106e-01
4.979674616012394e-05	1.188486e+00	4.318086e-01
4.991497814303109e-05	1.191672e+00	4.292043e-01
5.005307688145508e-05	1.195205e+00	4.281610e-01
5.016344837851681e-05	1.197952e+00	4.281624e-01
5.030648493732377e-05	1.201734e+00	4.285456e-01
5.040536732153777e-05	1.204357e+00	4.288348e-01
5.060313208996577e-05	1.209497e+00	4.293636e-01
5.094467360790651e-05	1.217704e+00	4.296148e-01
5.112547781470951e-05	1.221863e+00	4.251756e-01
5.120183597962184e-05	1.223527e+00	4.193326e-01
5.128937370710082e-05	1.225262e+00	4.099533e-01
5.141294969170226e-05	1.227579e+00	3.940644e-01
5.155325001374692e-05	1.230117e+00	3.751535e-01
5.172582127190398e-05	1.232859e+00	3.549674e-01
5.192403780566823e-05	1.235897e+00	3.420844e-01
5.213539646464601e-05	1.240516e+00	3.426123e-01
5.232745730219304e-05	1.240574e+00	3.460728e-01
5.254325445397478e-05	1.235551e+00	3.480258e-01
5.273173216550448e-05	1.229720e+00	3.492019e-01
5.284895678529489e-05	1.228143e+00	3.518127e-01
5.294793717348307e-05	1.226470e+00	3.531491e-01
5.306733627351675e-05	1.224261e+00	3.541137e-01
5.314956390840026e-05	1.222723e+00	3.548551e-01
5.323461675796438e-05	1.220940e+00	3.557066e-01
5.333670066124739e-05	1.218774e+00	3.569514e-01
5.343073943547468e-05	1.216762e+00	3.582238e-01
5.352005539881923e-05	1.214843e+00	3.594768e-01
5.360934647697051e-05	1.212913e+00	3.606431e-01
5.378792863327308e-05	1.209083e+00	3.624215e-01
5.401804754219758e-05	1.204552e+00	3.645474e-01
5.416584982688776e-05	1.201960e+00	3.670842e-01
5.431302117628108e-05	1.199479e+00	3.713867e-01
5.446559039176080e-05	1.196980e+00	3.770056e-01
5.467420930646953e-05	1.193691e+00	3.844390e-01
5.486810916209796e-05	1.190957e+00	3.891237e-01
5.511119532655062e-05	1.188919e+00	3.930682e-01
5.530233216696685e-05	1.188135e+00	3.967751e-01
5.551031732708514e-05	1.187513e+00	4.017035e-01
5.571751181223791e-05	1.187204e+00	4.061026e-01
5.596675476268138e-05	1.187436e+00	4.090419e-01
5.622313130508170e-05	1.188504e+00	4.094575e-01
5.645780431418708e-05	1.190381e+00	4.088171e-01
5.666726366976877e-05	1.192464e+00	4.081039e-01
5.690118335016496e-05	1.194953e+00	4.075941e-01
5.703105148242182e-05	1.196429e+00	4.081015e-01
5.725788281515602e-05	1.199228e+00	4.136019e-01
5.738835071564443e-05	1.200925e+00	4.190743e-01
5.755803705545680e-05	1.203038e+00	4.267312e-01
5.772383029823235e-05	1.205008e+00	4.330887e-01
5.792698296076017e-05	1.207708e+00	4.380276e-01
5.813352148874624e-05	1.211367e+00	4.414239e-01
5.846916516406840e-05	1.218796e+00	4.503011e-01
5.886428473275109e-05	1.228377e+00	4.597893e-01
5.909265288424312e-05	1.234530e+00	4.609551e-01
5.935070344239357e-05	1.242529e+00	4.598061e-01
5.949906422314024e-05	1.247424e+00	4.585104e-01
5.965618265742717e-05	1.252526e+00	4.568704e-01
5.981173807073697e-05	1.257601e+00	4.557762e-01
6.001501611424293e-05	1.264071e+00	4.550033e-01
6.017341494896821e-05	1.268905e+00	4.541697e-01
6.031618708689289e-05	1.273128e+00	4.527516e-01
6.046784350568553e-05	1.277500e+00	4.507340e-01
6.065459418516528e-05	1.282714e+00	4.483580e-01
6.088011458142359e-05	1.288651e+00	4.458828e-01
6.112570804139047e-05	1.294343e+00	4.406221e-01
6.126784744683667e-05	1.297148e+00	4.327680e-01
6.142016499864713e-05	1.299961e+00	4.196478e-01
6.156947973124210e-05	1.302565e+00	4.056890e-01
6.173791982068305e-05	1.305043e+00	3.923971e-01
6.195605208709543e-05	1.308806e+00	3.862344e-01
6.220543211731287e-05	1.313735e+00	3.962003e-01
6.239573857742378e-05	1.311320e+00	4.081188e-01
6.254590230620896e-05	1.308230e+00	4.203791e-01
6.266024340742333e-05	1.306421e+00	4.303415e-01
6.277486652275579e-05	1.305407e+00	4.396004e-01
6.286852208280563e-05	1.304989e+00	4.454447e-01
6.296115461525254e-05	1.304569e+00	4.483058e-01
6.306615170505213e-05	1.303918e+00	4.469424e-01
6.323944885511559e-05	1.303559e+00	4.379350e-01
6.339659124917566e-05	1.304210e+00	4.257229e-01
6.351760217967442e-05	1.304822e+00	4.143694e-01
6.364132868485826e-05	1.305400e+00	4.028136e-01
6.377184005490259e-05	1.306014e+00	3.926888e-01
6.389840352500344e-05	1.306471e+00	3.865651e-01
6.402885884580166e-05	1.306782e+00	3.859893e-01
6.418671324332326e-05	1.306836e+00	3.929982e-01
6.436546155935843e-05	1.305197e+00	4.063130e-01
6.449011152538409e-05	1.303496e+00	4.177039e-01
6.462220014861497e-05	1.302052e+00	4.306577e-01
6.473057766511810e-05	1.301066e+00	4.402593e-01
6.483972753546722e-05	1.300259e+00	4.475313e-01
6.496207228305382e-05	1.299335e+00	4.503821e-01
6.515309856100780e-05	1.297992e+00	4.428308e-01
6.541316515512324e-05	1.298831e+00	4.206464e-01
6.555106489429832e-05	1.300400e+00	4.060971e-01
6.568108469081583e-05	1.301377e+00	3.920017e-01
6.581580706970528e-05	1.302230e+00	3.806650e-01
6.594598829563583e-05	1.302758e+00	3.751782e-01
6.608726324238883e-05	1.303094e+00	3.771306e-01
6.625547194129153e-05	1.302427e+00	3.873689e-01
6.641771084380007e-05	1.300109e+00	4.013527e-01
6.654086696522832e-05	1.298099e+00	4.136356e-01
6.666709757155415e-05	1.296422e+00	4.263432e-01
6.677184316056002e-05	1.295287e+00	4.354568e-01
6.687701206867594e-05	1.294254e+00	4.416535e-01
6.700435377054913e-05	1.293186e+00	4.448539e-01
6.718094845946829e-05	1.292776e+00	4.461150e-01
6.733007313123245e-05	1.293178e+00	4.466356e-01
6.750105563689581e-05	1.293689e+00	4.466875e-01
6.770832513817663e-05	1.294798e+00	4.466855e-01
6.795852107406733e-05	1.296859e+00	4.473288e-01
6.818180119397526e-05	1.299419e+00	4.499187e-01
6.845132713012865e-05	1.302702e+00	4.554405e-01
6.868413255600218e-05	1.305675e+00	4.607221e-01
6.886926437408223e-05	1.308242e+00	4.634151e-01
6.905994597737466e-05	1.311222e+00	4.614884e-01
6.918804770954107e-05	1.313348e+00	4.537749e-01
6.930403829070406e-05	1.315273e+00	4.406127e-01
6.943320907086652e-05	1.317558e+00	4.221676e-01
6.956091718151839e-05	1.319799e+00	4.029505e-01
6.971790738873432e-05	1.322172e+00	3.820965e-01
6.990156270478779e-05	1.325317e+00	3.690126e-01
7.010842662656739e-05	1.329898e+00	3.752077e-01
7.029620324929190e-05	1.329117e+00	3.946922e-01
7.044486213168041e-05	1.325761e+00	4.171725e-01
7.056034027896194e-05	1.322847e+00	4.368973e-01
7.068024859637730e-05	1.320715e+00	4.574676e-01
7.076805372267886e-05	1.319820e+00	4.708978e-01
7.085708384911595e-05	1.319257e+00	4.814029e-01
7.093826218565329e-05	1.318635e+00	4.860132e-01
7.110061885872796e-05	1.318243e+00	4.849675e-01
7.127126726359498e-05	1.318738e+00	4.752812e-01
7.145305453207910e-05	1.320273e+00	4.591045e-01
7.158744220527036e-05	1.322224e+00	4.461549e-01
7.170292640221121e-05	1.323907e+00	4.356518e-01
7.181769989658876e-05	1.325670e+00	4.278480e-01
7.196098204186463e-05	1.327735e+00	4.223519e-01
7.208831188246146e-05	1.329189e+00	4.191356e-01
7.221513663708043e-05	1.330220e+00	4.139917e-01
7.233330627529931e-05	1.330989e+00	4.064237e-01
7.248527684959774e-05	1.332065e+00	3.952330e-01
7.271392313525462e-05	1.332942e+00	3.795990e-01
7.291980468685205e-05	1.332492e+00	3.720035e-01
7.314167842715298e-05	1.330720e+00	3.774661e-01
7.338015084381216e-05	1.326029e+00	3.963621e-01
7.353618278199625e-05	1.322692e+00	4.140807e-01
7.365920258354887e-05	1.320079e+00	4.283516e-01
7.379072509516331e-05	1.317456e+00	4.406271e-01
7.393773185660306e-05	1.314969e+00	4.483814e-01
7.409551647397076e-05	1.313292e+00	4.498862e-01
7.428059738886650e-05	1.312738e+00	4.467257e-01
7.444688007017430e-05	1.312624e+00	4.414262e-01
7.462741753477614e-05	1.312697e+00	4.347591e-01
7.478069214635161e-05	1.313090e+00	4.300604e-01
7.491765178012036e-05	1.313582e+00	4.275561e-01
7.505406576523256e-05	1.313933e+00	4.261519e-01
7.512230738815194e-05	1.314052e+00	4.251092e-01
7.518792926793747e-05	1.314219e+00	4.234376e-01
7.525760866520220e-05	1.314377e+00	4.210086e-01
7.534557692627008e-05	1.314583e+00	4.173172e-01
7.543275494385471e-05	1.314746e+00	4.131971e-01
7.556944422655071e-05	1.315012e+00	4.067482e-01
7.576157896817106e-05	1.315404e+00	3.995515e-01
7.596655024651901e-05	1.315388e+00	3.952124e-01
7.618898853665410e-05	1.314061e+00	3.920510e-01
7.634553039882916e-05	1.312424e+00	3.888541e-01
7.653331711226441e-05	1.310414e+00	3.842805e-01
7.673381098219143e-05	1.308151e+00	3.801838e-01
7.694314384041390e-05	1.305464e+00	3.778458e-01
7.720429249834076e-05	1.301204e+00	3.761794e-01
7.739256504598605e-05	1.297503e+00	3.743586e-01
7.760468640077279e-05	1.293291e+00	3.720302e-01
7.778701287217690e-05	1.289630e+00	3.706098e-01
7.800226378468080e-05	1.285108e+00	3.714274e-01
7.811021970921710e-05	1.282802e+00	3.760853e-01
7.819897628735905e-05	1.280891e+00	3.849692e-01
7.827911734588815e-05	1.279101e+00	3.965226e-01
7.835859020497720e-05	1.277365e+00	4.103917e-01
7.845596098318510e-05	1.275230e+00	4.290343e-01
7.860086124510668e-05	1.271940e+00	4.564027e-01
7.875198108580838e-05	1.269110e+00	4.807055e-01
7.891356839157776e-05	1.268339e+00	4.974072e-01
7.910211272304520e-05	1.269536e+00	5.030112e-01
7.930341100074793e-05	1.270065e+00	4.965948e-01
7.951484484714065e-05	1.271608e+00	4.851584e-01
7.968300931393240e-05	1.275856e+00	4.778389e-01
7.982690614705150e-05	1.280039e+00	4.731231e-01
7.996818036683744e-05	1.284316e+00	4.711308e-01
8.013058633598718e-05	1.289199e+00	4.717703e-01
8.024287452706770e-05	1.292519e+00	4.734960e-01
8.033976279287714e-05	1.295483e+00	4.757324e-01
8.045465451529884e-05	1.299152e+00	4.788906e-01
8.061279667212689e-05	1.304181e+00	4.831685e-01
8.096160601454157e-05	1.315281e+00	4.884672e-01
8.111926020864370e-05	1.320327e+00	4.863079e-01
8.129436704017772e-05	1.326074e+00	4.791616e-01
8.145334094653997e-05	1.331470e+00	4.699427e-01
8.160698864843110e-05	1.336591e+00	4.604038e-01
8.176785778378342e-05	1.341707e+00	4.524831e-01
8.197961730753373e-05	1.348038e+00	4.486539e-01
8.219309827658861e-05	1.353967e+00	4.541762e-01
8.243572903772338e-05	1.358517e+00	4.673573e-01
8.257346237472614e-05	1.360369e+00	4.761681e-01
8.271570267347053e-05	1.362562e+00	4.851364e-01
8.284658428696876e-05	1.364502e+00	4.909907e-01
8.299403967593982e-05	1.366862e+00	4.935632e-01
8.310812489663317e-05	1.368937e+00	4.915371e-01
8.320778275965019e-05	1.370865e+00	4.860808e-01
8.330846386501839e-05	1.372880e+00	4.777929e-01
8.341519176449671e-05	1.375073e+00	4.671924e-01
8.353139937152646e-05	1.377498e+00	4.548938e-01
8.366089380143885e-05	1.380094e+00	4.421228e-01
8.383114916867899e-05	1.383385e+00	4.296475e-01
8.398484775300755e-05	1.386172e+00	4.249053e-01
8.419047610271679e-05	1.388778e+00	4.253219e-01
8.436902897039943e-05	1.391035e+00	4.287059e-01
8.456218980894911e-05	1.391623e+00	4.317948e-01
8.478326601485872e-05	1.389302e+00	4.327144e-01
8.492625648605656e-05	1.387903e+00	4.331234e-01
8.504991776015546e-05	1.387305e+00	4.339560e-01
8.515446421269803e-05	1.386936e+00	4.352489e-01
8.523804525575112e-05	1.386540e+00	4.367490e-01
8.533077894059379e-05	1.386006e+00	4.387950e-01
8.542860253047351e-05	1.385420e+00	4.412282e-01
8.552668380499849e-05	1.384832e+00	4.437872e-01
8.562422912341514e-05	1.384230e+00	4.462181e-01
8.574613738484665e-05	1.383462e+00	4.486119e-01
8.596264942240206e-05	1.382339e+00	4.507196e-01
8.610117157993045e-05	1.381774e+00	4.487212e-01
8.623309199717290e-05	1.381282e+00	4.421294e-01
8.635816612374931e-05	1.381020e+00	4.325577e-01
8.647989335972036e-05	1.380867e+00	4.215858e-01
8.660849296435966e-05	1.380736e+00	4.100681e-01
8.677523654942909e-05	1.380459e+00	3.977675e-01
8.692855644743355e-05	1.380076e+00	3.923015e-01
8.711182945842356e-05	1.378812e+00	3.956555e-01
8.728853681078642e-05	1.375976e+00	4.076694e-01
8.745024713103181e-05	1.372694e+00	4.243177e-01
8.756734070394217e-05	1.370300e+00	4.378403e-01
8.768594845977193e-05	1.368051e+00	4.507652e-01
8.781681869598231e-05	1.365857e+00	4.619931e-01
8.794672391171919e-05	1.363951e+00	4.678334e-01
8.812265264433171e-05	1.362740e+00	4.697864e-01
8.828298729468578e-05	1.362582e+00	4.689211e-01
8.847593773863206e-05	1.362689e+00	4.662362e-01
8.864984141317153e-05	1.363159e+00	4.636121e-01
8.888709690798332e-05	1.364570e+00	4.612718e-01
8.913880988759573e-05	1.366397e+00	4.596515e-01
8.927419649514382e-05	1.367433e+00	4.582330e-01
8.938330576164117e-05	1.368356e+00	4.564964e-01
8.948742682498946e-05	1.369302e+00	4.546354e-01
8.959082393440882e-05	1.370244e+00	4.528083e-01
8.976586384309872e-05	1.371886e+00	4.503345e-01
8.993337382179120e-05	1.373463e+00	4.493826e-01
9.009775349210848e-05	1.374912e+00	4.510271e-01
9.024138746022174e-05	1.376048e+00	4.554649e-01
9.038507103900863e-05	1.376990e+00	4.622285e-01
9.051612594437311e-05	1.377716e+00	4.692593e-01
9.065391934796825e-05	1.378529e+00	4.764757e-01
9.079852014829315e-05	1.379460e+00	4.824845e-01
9.095034308847534e-05	1.380539e+00	4.853274e-01
9.113572549265980e-05	1.381926e+00	4.826808e-01
9.133922427435298e-05	1.384851e+00	4.749546e-01
9.147929297465847e-05	1.387453e+00	4.676812e-01
9.159679699264120e-05	1.389447e+00	4.608423e-01
9.171446521837528e-05	1.391314e+00	4.546705e-01
9.185690546467056e-05	1.393516e+00	4.495096e-01
9.200380099547585e-05	1.395616e+00	4.475753e-01
9.214792590742150e-05	1.397479e+00	4.489796e-01
9.232134886104170e-05	1.399422e+00	4.532611e-01
9.250499558341247e-05	1.400648e+00	4.585139e-01
9.267069355252846e-05	1.401033e+00	4.627881e-01
9.281984247223539e-05	1.401390e+00	4.658788e-01
9.295578777740779e-05	1.401878e+00	4.675820e-01
9.307568685359264e-05	1.402426e+00	4.682967e-01
9.321573425757338e-05	1.403229e+00	4.691097e-01
9.334370314039070e-05	1.404092e+00	4.701994e-01
9.348641784774812e-05	1.405034e+00	4.715123e-01
9.383353051595612e-05	1.407523e+00	4.741456e-01
9.409046331607459e-05	1.409539e+00	4.746670e-01
9.438946099273694e-05	1.412360e+00	4.745258e-01
9.455509845609708e-05	1.414080e+00	4.742546e-01
9.471539617684410e-05	1.415709e+00	4.739281e-01
9.490403958196384e-05	1.417623e+00	4.737317e-01
9.494953514867749e-05	1.418072e+00	4.734173e-01
9.499503071539115e-05	1.418523e+00	4.735526e-01
9.504052628210479e-05	1.418978e+00	4.741375e-01
9.508602184881844e-05	1.419435e+00	4.751720e-01
9.513151741553209e-05	1.419895e+00	4.766561e-01
9.517701298224574e-05	1.420357e+00	4.785898e-01
9.522250854895939e-05	1.420823e+00	4.809732e-01
9.527045311774945e-05	1.421320e+00	4.839205e-01
9.531383792170178e-05	1.421790e+00	4.869113e-01
9.538554254978390e-05	1.422656e+00	4.924064e-01
9.548412037760617e-05	1.423922e+00	5.003350e-01
9.566915298014184e-05	1.426027e+00	5.139713e-01
9.584125726084755e-05	1.427999e+00	5.234835e-01
9.597107133771703e-05	1.430042e+00	5.269692e-01
9.608604331875471e-05	1.432398e+00	5.262657e-01
9.614987810664229e-05	1.433792e+00	5.236179e-01
9.622808663753235e-05	1.435610e+00	5.183370e-01
9.627353325280600e-05	1.436715e+00	5.145136e-01
9.633629966021353e-05	1.438053e+00	5.080867e-01
9.643860018376394e-05	1.440414e+00	4.967449e-01
9.654889770212203e-05	1.443209e+00	4.843733e-01
9.667330814056198e-05	1.446330e+00	4.716023e-01
9.683770524162741e-05	1.450297e+00	4.593293e-01
9.699831717811581e-05	1.453710e+00	4.536847e-01
9.715123627193349e-05	1.456137e+00	4.524867e-01
9.730396500266500e-05	1.457889e+00	4.522602e-01
9.747999622404829e-05	1.459650e+00	4.521700e-01
9.769916988764714e-05	1.462553e+00	4.536108e-01
9.794801132207681e-05	1.461300e+00	4.529652e-01
9.812967681681471e-05	1.459256e+00	4.561410e-01
9.826977886836468e-05	1.458468e+00	4.653556e-01
9.840355404762222e-05	1.457709e+00	4.786639e-01
9.853105075529477e-05	1.456879e+00	4.927818e-01
9.867311532357424e-05	1.456120e+00	5.073964e-01
9.886271647414930e-05	1.455972e+00	5.227963e-01
9.896894719937246e-05	1.456244e+00	5.274707e-01
9.905110347088590e-05	1.456665e+00	5.278603e-01
9.910104253431605e-05	1.457033e+00	5.267808e-01
9.913479565087962e-05	1.457280e+00	5.253692e-01
9.921265496943669e-05	1.457996e+00	5.208680e-01
9.924387343650231e-05	1.458311e+00	5.185809e-01
9.928319677242892e-05	1.458727e+00	5.153904e-01
9.932443309701703e-05	1.459198e+00	5.117484e-01
9.937516415832810e-05	1.459750e+00	5.068569e-01
9.943724002660932e-05	1.460498e+00	5.005568e-01
9.952174788009212e-05	1.461600e+00	4.918084e-01
9.963327302150750e-05	1.463324e+00	4.809347e-01
9.975367623263894e-05	1.465362e+00	4.713520e-01
9.991266833457525e-05	1.467964e+00	4.636046e-01
1.000587244665050e-04	1.469960e+00	4.612457e-01
1.001969752672991e-04	1.471331e+00	4.613895e-01
1.003396316667446e-04	1.472641e+00	4.623159e-01
1.004951824739353e-04	1.474191e+00	4.639494e-01
1.008062840883166e-04	1.474098e+00	4.647010e-01
1.009843266183338e-04	1.472833e+00	4.643346e-01
1.011318707535530e-04	1.472486e+00	4.657248e-01
1.012556459470822e-04	1.472219e+00	4.682674e-01
1.013962038327095e-04	1.471797e+00	4.722848e-01
1.015306161847481e-04	1.471343e+00	4.765422e-01
1.016815024348010e-04	1.470772e+00	4.808969e-01
1.018727337281514e-04	1.470130e+00	4.846928e-01
1.020858728128073e-04	1.469983e+00	4.875402e-01
1.022256581713443e-04	1.470250e+00	4.899400e-01
1.023784778682888e-04	1.470625e+00	4.936151e-01
1.025393278536588e-04	1.471164e+00	4.979049e-01
1.027729442159317e-04	1.472129e+00	5.030499e-01
1.029936157698225e-04	1.473333e+00	5.052630e-01
1.032425033516003e-04	1.475524e+00	5.050455e-01
1.034384727722257e-04	1.477830e+00	5.038529e-01
1.036125333352897e-04	1.480162e+00	5.025944e-01
1.038126815828950e-04	1.482932e+00	5.014302e-01
1.039688907627579e-04	1.485065e+00	5.010431e-01
1.041589850858669e-04	1.487638e+00	5.035301e-01
1.042149357681538e-04	1.488464e+00	5.054488e-01
1.043268371327276e-04	1.490143e+00	5.102556e-01
1.044434959201717e-04	1.491810e+00	5.158686e-01
1.045921235258600e-04	1.493918e+00	5.231383e-01
1.047597894207930e-04	1.496184e+00	5.296969e-01
1.049589373508633e-04	1.499118e+00	5.340977e-01
1.051522516637405e-04	1.502764e+00	5.360405e-01
1.053125232213574e-04	1.506336e+00	5.373953e-01
1.054986721284529e-04	1.510720e+00	5.392532e-01
1.056777082948660e-04	1.515140e+00	5.409783e-01
1.058583503598169e-04	1.519750e+00	5.422943e-01
1.060056596127793e-04	1.523601e+00	5.419942e-01
1.061068056449419e-04	1.526273e+00	5.391415e-01
1.061819684188031e-04	1.528270e+00	5.342584e-01
1.062546957834428e-04	1.530053e+00	5.269787e-01
1.063729115561111e-04	1.532912e+00	5.123361e-01
1.064959964279334e-04	1.535902e+00	4.956695e-01
1.066545941303577e-04	1.539510e+00	4.750951e-01
1.068278556405200e-04	1.543076e+00	4.596897e-01
1.070705214498817e-04	1.546413e+00	4.506673e-01
1.072964117559305e-04	1.550527e+00	4.512052e-01
1.075444149339878e-04	1.552470e+00	4.521922e-01
1.077693467546652e-04	1.545978e+00	4.464374e-01
1.079986740401120e-04	1.539058e+00	4.424907e-01
1.081157610922573e-04	1.537668e+00	4.440831e-01
1.082199937282232e-04	1.535916e+00	4.463330e-01
1.083421649676961e-04	1.533455e+00	4.496182e-01
1.084439441130482e-04	1.531236e+00	4.526955e-01
1.085698233641801e-04	1.528283e+00	4.565170e-01
1.086840485540731e-04	1.525546e+00	4.596439e-01
1.088354751991830e-04	1.521847e+00	4.625266e-01
1.090357249909576e-04	1.517533e+00	4.659886e-01
1.091530274665122e-04	1.515373e+00	4.701189e-01
1.092718862931329e-04	1.513229e+00	4.774164e-01
1.093944054829733e-04	1.511084e+00	4.872817e-01
1.095613391366184e-04	1.508206e+00	5.016291e-01
1.097441767681967e-04	1.505382e+00	5.147884e-01
1.099600408730856e-04	1.503825e+00	5.252410e-01
1.100895374844515e-04	1.503494e+00	5.283523e-01
1.101842560273753e-04	1.503460e+00	5.301015e-01
1.102546498119507e-04	1.503601e+00	5.320173e-01
1.103279827689779e-04	1.503906e+00	5.344730e-01
1.104149801663752e-04	1.504476e+00	5.377589e-01
1.105281290871477e-04	1.505594e+00	5.422896e-01
1.106819703986389e-04	1.507080e+00	5.475360e-01
1.108354579655791e-04	1.509155e+00	5.517257e-01
1.109404194852026e-04	1.511107e+00	5.534582e-01
1.110345659840026e-04	1.512995e+00	5.524856e-01
1.111340433336484e-04	1.515039e+00	5.468720e-01
1.112471964381364e-04	1.518283e+00	5.362339e-01
1.112993354787702e-04	1.520027e+00	5.299310e-01
1.113661031014423e-04	1.521993e+00	5.200239e-01
1.114184599821769e-04	1.523490e+00	5.115714e-01
1.114794501509232e-04	1.525165e+00	5.012852e-01
1.115458601630822e-04	1.526959e+00	4.900122e-01
1.116051274948821e-04	1.528491e+00	4.801753e-01
1.116855406634321e-04	1.530421e+00	4.677706e-01
1.117433589081551e-04	1.531705e+00	4.599062e-01
1.118042006196611e-04	1.532959e+00	4.530260e-01
1.118956833113791e-04	1.534642e+00	4.460890e-01
1.120066404566305e-04	1.536652e+00	4.453465e-01
1.121990929018788e-04	1.540190e+00	4.611580e-01
1.124040950126254e-04	1.543510e+00	4.923946e-01
1.125678513803896e-04	1.541846e+00	5.190942e-01
1.126811866717997e-04	1.539553e+00	5.359514e-01
1.128066599168522e-04	1.538388e+00	5.528330e-01
1.128608407925252e-04	1.538396e+00	5.589268e-01
1.128935923986125e-04	1.538502e+00	5.617552e-01
1.129205912732026e-04	1.538561e+00	5.635028e-01
1.129474737783441e-04	1.538572e+00	5.645763e-01
1.130012387886272e-04	1.538648e+00	5.652521e-01
1.130520891989219e-04	1.538855e+00	5.641431e-01
1.131154632188177e-04	1.539160e+00	5.601086e-01
1.131798114405296e-04	1.539445e+00	5.532326e-01
1.132703733775522e-04	1.540407e+00	5.407339e-01
1.133282908817728e-04	1.541466e+00	5.316062e-01
1.133672314129096e-04	1.542168e+00	5.247239e-01
1.133986204145554e-04	1.542674e+00	5.187976e-01
1.134313041637787e-04	1.543157e+00	5.123794e-01
1.134675277455287e-04	1.543786e+00	5.052238e-01
1.135052986436665e-04	1.544389e+00	4.976193e-01
1.135303163941866e-04	1.544759e+00	4.925539e-01
1.135577992585450e-04	1.545173e+00	4.870421e-01
1.135922421635148e-04	1.545675e+00	4.802419e-01
1.136316976170506e-04	1.546253e+00	4.727127e-01
1.136793985213536e-04	1.546920e+00	4.641026e-01
1.137359129934696e-04	1.547680e+00	4.548989e-01
1.138089345864688e-04	1.548571e+00	4.451265e-01
1.139043118718344e-04	1.549637e+00	4.371763e-01
1.140359992619280e-04	1.552036e+00	4.362696e-01
1.142165188588604e-04	1.554214e+00	4.450888e-01
1.143810824401675e-04	1.553255e+00	4.570388e-01
1.145753087592169e-04	1.549126e+00	4.721155e-01
1.147021882953944e-04	1.545802e+00	4.812539e-01
1.148073693748177e-04	1.543926e+00	4.881416e-01
1.149115626253382e-04	1.542507e+00	4.929131e-01
1.150073522315619e-04	1.541372e+00	4.951805e-01
1.151083017708660e-04	1.540297e+00	4.966554e-01
1.152022649524732e-04	1.539452e+00	4.985836e-01
1.153212766371547e-04	1.538436e+00	5.018767e-01
1.154459978219595e-04	1.537473e+00	5.058684e-01
1.155783061823645e-04	1.536566e+00	5.101400e-01
1.157480431149220e-04	1.535723e+00	5.146227e-01
1.159826502725585e-04	1.535035e+00	5.184223e-01
1.162373012901266e-04	1.535463e+00	5.220387e-01
1.164213804819778e-04	1.536537e+00	5.257487e-01
1.166504149640643e-04	1.538170e+00	5.307813e-01
1.168397333053245e-04	1.539649e+00	5.336682e-01
1.170437490028042e-04	1.541937e+00	5.360120e-01
1.173594108485792e-04	1.546876e+00	5.449678e-01
1.174496423022474e-04	1.548467e+00	5.488949e-01
1.175731439395007e-04	1.550828e+00	5.543455e-01
1.177393237506968e-04	1.554088e+00	5.607399e-01
1.179782504993916e-04	1.559260e+00	5.650968e-01
1.181229194454881e-04	1.562824e+00	5.628769e-01
1.182592037784025e-04	1.566961e+00	5.581730e-01
1.183348127764334e-04	1.569442e+00	5.544056e-01
1.183932251496474e-04	1.571263e+00	5.508455e-01
1.184517195424891e-04	1.573044e+00	5.470068e-01
1.185122898179749e-04	1.574873e+00	5.429413e-01
1.186271277612511e-04	1.578305e+00	5.353763e-01
1.187176778978427e-04	1.580857e+00	5.300426e-01
1.188596239681763e-04	1.584615e+00	5.236741e-01
1.190022736543392e-04	1.588103e+00	5.216392e-01
1.190736353152055e-04	1.589753e+00	5.222110e-01
1.191757551854713e-04	1.592035e+00	5.242901e-01
1.193103261655023e-04	1.594841e+00	5.284152e-01
1.194883972425175e-04	1.597860e+00	5.346765e-01
1.196389645356543e-04	1.599864e+00	5.397602e-01
1.197794167247766e-04	1.601651e+00	5.437765e-01
1.199196134561038e-04	1.603352e+00	5.461975e-01
1.200695392550666e-04	1.605261e+00	5.473483e-01
1.202774609093873e-04	1.608127e+00	5.487581e-01
1.203976130684970e-04	1.609726e+00	5.498120e-01
1.206379173867163e-04	1.613162e+00	5.522121e-01
1.209629470283429e-04	1.618187e+00	5.544860e-01
1.211055207042246e-04	1.620440e+00	5.528905e-01
1.212300351715406e-04	1.622435e+00	5.474897e-01
1.212921637203669e-04	1.623367e+00	5.434896e-01
1.213682169596450e-04	1.624542e+00	5.379962e-01
1.214443356844350e-04	1.625620e+00	5.319586e-01
1.215714963452759e-04	1.627281e+00	5.218001e-01
1.217423193255338e-04	1.629633e+00	5.107326e-01
1.219466537137280e-04	1.632252e+00	5.027332e-01
1.221755087128189e-04	1.634433e+00	4.962640e-01
1.223298725013849e-04	1.634518e+00	4.882801e-01
1.225148768269290e-04	1.633728e+00	4.749943e-01
1.226950437785825e-04	1.631792e+00	4.623906e-01
1.229066903983893e-04	1.628916e+00	4.539053e-01
1.231642766543508e-04	1.624080e+00	4.538911e-01
1.234465252809367e-04	1.617776e+00	4.620754e-01
1.235981320357729e-04	1.613275e+00	4.672681e-01
1.237462213717403e-04	1.608755e+00	4.720203e-01
1.238929568764791e-04	1.604358e+00	4.753238e-01
1.240300477206403e-04	1.600568e+00	4.781904e-01
1.241199946861234e-04	1.598263e+00	4.822567e-01
1.242067296123934e-04	1.596045e+00	4.894382e-01
1.242959772460652e-04	1.593892e+00	4.998376e-01
1.244270047899618e-04	1.590483e+00	5.176000e-01
1.244972215506126e-04	1.588638e+00	5.277592e-01
1.245482720547534e-04	1.587467e+00	5.354290e-01
1.245749761836593e-04	1.586908e+00	5.394329e-01
1.246193953152317e-04	1.586034e+00	5.459096e-01
1.246623879235460e-04	1.585258e+00	5.517628e-01
1.247483731401746e-04	1.583865e+00	5.620270e-01
1.248589230804980e-04	1.582367e+00	5.719952e-01
1.249611349454675e-04	1.581958e+00	5.771917e-01
1.250756795317902e-04	1.581507e+00	5.761577e-01
1.252182271851160e-04	1.580615e+00	5.664124e-01
1.253962422177326e-04	1.581945e+00	5.493737e-01
1.254936376814702e-04	1.584517e+00	5.397204e-01
1.255513575575473e-04	1.585948e+00	5.334330e-01
1.256015836832275e-04	1.586955e+00	5.277807e-01
1.256516074289249e-04	1.587918e+00	5.223506e-01
1.257050231157442e-04	1.588919e+00	5.168619e-01
1.257618682231369e-04	1.589933e+00	5.116317e-01
1.258412203850504e-04	1.591290e+00	5.057892e-01
1.259060416312272e-04	1.592303e+00	5.023525e-01
1.260088395396190e-04	1.593864e+00	5.007420e-01
1.261163834548173e-04	1.595399e+00	5.039975e-01
1.261890938238876e-04	1.596455e+00	5.086901e-01
1.262918784396848e-04	1.598052e+00	5.179545e-01
1.264340855226290e-04	1.599547e+00	5.327335e-01
1.265583019198716e-04	1.600178e+00	5.459392e-01
1.266836419191417e-04	1.600476e+00	5.585627e-01
1.267389760126537e-04	1.600647e+00	5.636079e-01
1.267728954520401e-04	1.600913e+00	5.664681e-01
1.268049697890221e-04	1.601192e+00	5.689005e-01
1.268347618145037e-04	1.601477e+00	5.708446e-01
1.268943458654667e-04	1.602049e+00	5.737199e-01
1.269731332976054e-04	1.602821e+00	5.757023e-01
1.270592709679493e-04	1.603754e+00	5.758951e-01
1.271512637691427e-04	1.604952e+00	5.747898e-01
1.272520620388973e-04	1.606336e+00	5.725028e-01
1.273968223100961e-04	1.609406e+00	5.690469e-01
1.274940942750263e-04	1.612064e+00	5.668012e-01
1.275767222824039e-04	1.614191e+00	5.645738e-01
1.276639337326353e-04	1.616432e+00	5.622943e-01
1.277577141320844e-04	1.618898e+00	5.602309e-01
1.278627410088876e-04	1.621626e+00	5.584740e-01
1.280082671591185e-04	1.625287e+00	5.571131e-01
1.281545938836435e-04	1.628712e+00	5.510577e-01
1.282326908891437e-04	1.630424e+00	5.443397e-01
1.283286946221931e-04	1.632601e+00	5.340957e-01
1.283739505167985e-04	1.633633e+00	5.286537e-01
1.284627582383322e-04	1.635438e+00	5.168708e-01
1.285024157978742e-04	1.636192e+00	5.114589e-01
1.285489308505356e-04	1.637009e+00	5.051167e-01
1.286072785229303e-04	1.637934e+00	4.973870e-01
1.286868124247581e-04	1.639053e+00	4.877179e-01
1.287902753838127e-04	1.640244e+00	4.777543e-01
1.289436849281157e-04	1.642004e+00	4.717483e-01
1.291907499895532e-04	1.647289e+00	4.817378e-01
1.293773405880824e-04	1.647133e+00	4.957141e-01
1.295980783458117e-04	1.640764e+00	5.125301e-01
1.297232139497381e-04	1.636368e+00	5.208523e-01
1.298518468693995e-04	1.634465e+00	5.295888e-01
1.299339088250574e-04	1.633902e+00	5.335604e-01
1.300143400870611e-04	1.632995e+00	5.347646e-01
1.301036861925725e-04	1.632050e+00	5.342495e-01
1.302098927195864e-04	1.631115e+00	5.322276e-01
1.303299264699030e-04	1.630291e+00	5.288016e-01
1.304609422199337e-04	1.629545e+00	5.241986e-01
1.306070767206022e-04	1.628848e+00	5.188527e-01
1.307471325351614e-04	1.628301e+00	5.144347e-01
1.308874689112052e-04	1.627813e+00	5.115961e-01
1.310227207588175e-04	1.627250e+00	5.110943e-01
1.311308865009231e-04	1.626768e+00	5.131056e-01
1.312408918007247e-04	1.626269e+00	5.175539e-01
1.313602211721451e-04	1.625666e+00	5.241639e-01
1.314900780225059e-04	1.624927e+00	5.323262e-01
1.316301243825111e-04	1.624139e+00	5.412365e-01
1.317075105592725e-04	1.623793e+00	5.458644e-01
1.317524332337888e-04	1.623672e+00	5.483058e-01
1.317899985381989e-04	1.623587e+00	5.501105e-01
1.318255899559158e-04	1.623527e+00	5.515518e-01
1.318967727913497e-04	1.623439e+00	5.536623e-01
1.319759209124049e-04	1.623425e+00	5.547489e-01
1.320601293250618e-04	1.623494e+00	5.538410e-01
1.321401985941246e-04	1.623665e+00	5.506153e-01
1.322205813733822e-04	1.624106e+00	5.455271e-01
1.322649473326458e-04	1.624443e+00	5.419993e-01
1.323022002169449e-04	1.624680e+00	5.385320e-01
1.323371113556341e-04	1.624894e+00	5.349986e-01
1.323811657029687e-04	1.625194e+00	5.303106e-01
1.324115816059885e-04	1.625430e+00	5.269732e-01
1.324411850110876e-04	1.625626e+00	5.235984e-01
1.324755611453363e-04	1.625849e+00	5.196148e-01
1.325204092637864e-04	1.626129e+00	5.143872e-01
1.325725684625073e-04	1.626465e+00	5.084109e-01
1.326390244182029e-04	1.626874e+00	5.011595e-01
1.327221109250623e-04	1.627428e+00	4.932618e-01
1.328407331171470e-04	1.628274e+00	4.851064e-01
1.329738310115462e-04	1.629228e+00	4.807751e-01
1.331381278433842e-04	1.629271e+00	4.784097e-01
1.332952830459974e-04	1.627590e+00	4.746635e-01
1.334616144726327e-04	1.625248e+00	4.694173e-01
1.336338511234111e-04	1.622466e+00	4.640783e-01
1.338212556796570e-04	1.619172e+00	4.600102e-01
1.340185357012728e-04	1.615886e+00	4.608207e-01
1.341731570299383e-04	1.612834e+00	4.681655e-01
1.343161833331149e-04	1.609491e+00	4.817151e-01
1.344693539172493e-04	1.605305e+00	5.002027e-01
1.346147061687280e-04	1.601183e+00	5.183952e-01
1.347330399802299e-04	1.598404e+00	5.324917e-01
1.347895208419522e-04	1.597322e+00	5.384012e-01
1.348280051193049e-04	1.596600e+00	5.417257e-01
1.348630912270782e-04	1.595945e+00	5.441432e-01
1.349181611688096e-04	1.594962e+00	5.468690e-01
1.349755564436244e-04	1.594053e+00	5.483697e-01
1.350419784764796e-04	1.593111e+00	5.484542e-01
1.351127802130831e-04	1.592239e+00	5.470579e-01
1.352272950129412e-04	1.591535e+00	5.434959e-01
1.352890558007329e-04	1.591308e+00	5.408857e-01
1.353480351247663e-04	1.591063e+00	5.377302e-01
1.354179673295471e-04	1.590908e+00	5.336965e-01
1.354732057424919e-04	1.590862e+00	5.303693e-01
1.355378097638444e-04	1.590899e+00	5.264381e-01
1.355692676743934e-04	1.590938e+00	5.245366e-01
1.356004957478465e-04	1.590981e+00	5.226760e-01
1.356389868517833e-04	1.591036e+00	5.204547e-01
1.356971691040146e-04	1.591161e+00	5.173374e-01
1.357622672542999e-04	1.591342e+00	5.143156e-01
1.358527310311463e-04	1.591683e+00	5.112665e-01
1.359671748675799e-04	1.592183e+00	5.097069e-01
1.360866529719555e-04	1.592630e+00	5.113956e-01
1.361889059547404e-04	1.592932e+00	5.161211e-01
1.362930987853094e-04	1.593143e+00	5.236620e-01
1.363872256197506e-04	1.593317e+00	5.320837e-01
1.365022383806989e-04	1.593384e+00	5.432417e-01
1.365685454678351e-04	1.593365e+00	5.497217e-01
1.366064399895717e-04	1.593457e+00	5.534502e-01
1.366337921590095e-04	1.593551e+00	5.560783e-01
1.366611612438259e-04	1.593686e+00	5.586279e-01
1.367087550761975e-04	1.593992e+00	5.627319e-01
1.368039427409407e-04	1.594720e+00	5.695482e-01
1.369156897548581e-04	1.595585e+00	5.747039e-01
1.370173252728626e-04	1.596232e+00	5.762077e-01
1.371319234179128e-04	1.597573e+00	5.762822e-01
1.372468354742107e-04	1.599634e+00	5.762516e-01
1.373791259977644e-04	1.602685e+00	5.763620e-01
1.375155492177192e-04	1.606480e+00	5.766436e-01
1.376620587372110e-04	1.610972e+00	5.769573e-01
1.378043078589283e-04	1.615588e+00	5.772657e-01
1.379735429244153e-04	1.621048e+00	5.771473e-01
1.380644227738480e-04	1.623939e+00	5.759485e-01
1.381287948927946e-04	1.625985e+00	5.735088e-01
1.381888699041083e-04	1.627882e+00	5.696713e-01
1.382618256880468e-04	1.630165e+00	5.635442e-01
1.383399597793506e-04	1.632629e+00	5.557993e-01
1.384146331042823e-04	1.634928e+00	5.475392e-01
1.384946675723011e-04	1.637310e+00	5.381891e-01
1.385960285693926e-04	1.640062e+00	5.262699e-01
1.387200419709639e-04	1.643088e+00	5.129736e-01
1.387561610491756e-04	1.643880e+00	5.095466e-01
1.387922801273873e-04	1.644634e+00	5.065729e-01
1.388283992055989e-04	1.645350e+00	5.040525e-01
1.388645182838106e-04	1.646027e+00	5.019852e-01
1.389006373620223e-04	1.646667e+00	5.003711e-01
1.389367564402339e-04	1.647268e+00	4.992103e-01
1.389728755184456e-04	1.647831e+00	4.985027e-01
1.390557804690893e-04	1.649025e+00	4.981664e-01
1.391802936401657e-04	1.650500e+00	4.987038e-01
1.393596033550061e-04	1.651870e+00	4.996215e-01
1.395596890670761e-04	1.655186e+00	5.033450e-01
1.397849989122103e-04	1.655088e+00	5.047722e-01
1.400572203213134e-04	1.648122e+00	5.029054e-01
1.402325787021299e-04	1.645609e+00	5.085484e-01
1.403403657804699e-04	1.644740e+00	5.160150e-01
1.404779614219446e-04	1.643052e+00	5.271097e-01
1.406208801585032e-04	1.641515e+00	5.391238e-01
1.406948811005482e-04	1.640754e+00	5.449798e-01
1.407387539017376e-04	1.640310e+00	5.480880e-01
1.407761666985623e-04	1.639940e+00	5.504453e-01
1.408132911237629e-04	1.639590e+00	5.524256e-01
1.408875399741640e-04	1.638958e+00	5.554411e-01
1.409598804659644e-04	1.638485e+00	5.572250e-01
1.410495080871349e-04	1.638027e+00	5.584757e-01
1.411474645430952e-04	1.637856e+00	5.606408e-01
1.412647428845092e-04	1.638059e+00	5.650169e-01
1.413905697010591e-04	1.638949e+00	5.713972e-01
1.416072839837241e-04	1.640680e+00	5.825034e-01
1.417889691604074e-04	1.641652e+00	5.890960e-01
1.419343047117482e-04	1.643783e+00	5.922669e-01
1.421113359708102e-04	1.648167e+00	5.940927e-01
1.422299044864238e-04	1.652013e+00	5.951581e-01
1.423380717851808e-04	1.655554e+00	5.958852e-01
1.424660335396977e-04	1.659897e+00	5.967250e-01
1.425978856759900e-04	1.664535e+00	5.975845e-01
1.427293302224222e-04	1.669175e+00	5.982873e-01
1.428399707914993e-04	1.673080e+00	5.987321e-01
1.430342725517731e-04	1.679924e+00	5.986374e-01
1.431860643229508e-04	1.685139e+00	5.946918e-01
1.432746007760961e-04	1.688119e+00	5.904317e-01
1.433742984991394e-04	1.691422e+00	5.845671e-01
1.434884716357585e-04	1.695123e+00	5.771951e-01
1.436036217293318e-04	1.698700e+00	5.698627e-01
1.438096599929799e-04	1.704286e+00	5.584021e-01
1.439471680094007e-04	1.707489e+00	5.548379e-01
1.441034490238449e-04	1.710517e+00	5.541933e-01
1.441984431077017e-04	1.712186e+00	5.544269e-01
1.442645365158125e-04	1.713253e+00	5.546150e-01
1.443484560519663e-04	1.714512e+00	5.548878e-01
1.444630529635974e-04	1.716107e+00	5.553470e-01
1.446384687087636e-04	1.718327e+00	5.561993e-01
1.449467892857343e-04	1.721032e+00	5.567732e-01
1.452680879440480e-04	1.722444e+00	5.553026e-01
1.456549071099665e-04	1.721971e+00	5.505464e-01
1.458426542640934e-04	1.722455e+00	5.494034e-01
1.459696870337056e-04	1.722648e+00	5.494446e-01
1.460805062135106e-04	1.722641e+00	5.508289e-01
1.461656384243001e-04	1.722613e+00	5.536384e-01
1.462557849863246e-04	1.722467e+00	5.581581e-01
1.463099222672044e-04	1.722337e+00	5.614434e-01
1.463479184048944e-04	1.722259e+00	5.640364e-01
1.463840159113859e-04	1.722213e+00	5.666719e-01
1.464234222842458e-04	1.722190e+00	5.696857e-01
1.464886034657908e-04	1.722244e+00	5.748487e-01
1.465874868598606e-04	1.722391e+00	5.824774e-01
1.467285575779554e-04	1.722561e+00	5.918949e-01
1.468619727739387e-04	1.722763e+00	5.980709e-01
1.469885336980050e-04	1.723154e+00	5.999403e-01
1.471271088484103e-04	1.723625e+00	5.964957e-01
1.472688142752507e-04	1.726178e+00	5.901709e-01
1.473560906056875e-04	1.728331e+00	5.848560e-01
1.474267649439123e-04	1.729808e+00	5.794141e-01
1.474974829362056e-04	1.731185e+00	5.735622e-01
1.475777759780811e-04	1.732754e+00	5.670095e-01
1.476840792278511e-04	1.734753e+00	5.589557e-01
1.477766570399649e-04	1.736205e+00	5.526864e-01
1.478844264493109e-04	1.737642e+00	5.475197e-01
1.479490950819053e-04	1.738499e+00	5.461333e-01
1.480845850898922e-04	1.739714e+00	5.445864e-01
1.481213531276532e-04	1.740026e+00	5.439156e-01
1.481581211654141e-04	1.740316e+00	5.430932e-01
1.481948892031750e-04	1.740583e+00	5.421194e-01
1.482316572409360e-04	1.740827e+00	5.409941e-01
1.482684252786969e-04	1.741048e+00	5.397172e-01
1.483051933164578e-04	1.741246e+00	5.382888e-01
1.483419613542187e-04	1.741422e+00	5.367090e-01
1.484243272644544e-04	1.741992e+00	5.333351e-01
1.485515368608441e-04	1.742666e+00	5.280602e-01
1.487292833667048e-04	1.743089e+00	5.222739e-01
1.489993623115315e-04	1.740643e+00	5.182769e-01
1.491941876639135e-04	1.738101e+00	5.253351e-01
1.494178009329684e-04	1.734679e+00	5.447688e-01
1.495140052786303e-04	1.733081e+00	5.553284e-01
1.495718090368600e-04	1.732195e+00	5.621013e-01
1.496106247814407e-04	1.731632e+00	5.665725e-01
1.496470729103946e-04	1.731116e+00	5.705791e-01
1.497073532740601e-04	1.730304e+00	5.766005e-01
1.498081204162749e-04	1.729050e+00	5.848481e-01
1.499141813800125e-04	1.728017e+00	5.904825e-01
1.500278733893615e-04	1.727205e+00	5.930059e-01
1.501385909211556e-04	1.726850e+00	5.940494e-01
1.502680677217713e-04	1.727192e+00	5.957344e-01
1.504255479824161e-04	1.728405e+00	5.985090e-01
1.506003425936812e-04	1.729784e+00	6.008690e-01
1.508404733980553e-04	1.734102e+00	6.042439e-01
1.510637570418122e-04	1.739247e+00	6.044721e-01
1.512363672592428e-04	1.743398e+00	6.001638e-01
1.514039983133257e-04	1.747833e+00	5.927070e-01
1.515046197567521e-04	1.750519e+00	5.874079e-01
1.516364635127368e-04	1.753715e+00	5.803921e-01
1.517781299184005e-04	1.756812e+00	5.740101e-01
1.518964325014826e-04	1.758912e+00	5.701154e-01
1.519737329872272e-04	1.760130e+00	5.687834e-01
1.520542146922457e-04	1.761325e+00	5.678838e-01
1.522192324188839e-04	1.763311e+00	5.631413e-01
1.523823244340077e-04	1.764932e+00	5.545880e-01
1.524900026848249e-04	1.765750e+00	5.478698e-01
1.525747394118580e-04	1.766198e+00	5.425301e-01
1.526740161266327e-04	1.766890e+00	5.372785e-01
1.528481725154901e-04	1.768789e+00	5.321185e-01
1.530382065399646e-04	1.768957e+00	5.299286e-01
1.532538269939113e-04	1.765718e+00	5.290860e-01
1.534279955354559e-04	1.762426e+00	5.297572e-01
1.535782570578612e-04	1.760148e+00	5.316142e-01
1.537232589902271e-04	1.758016e+00	5.335520e-01
1.538789551457029e-04	1.755821e+00	5.353632e-01
1.539903753196879e-04	1.754189e+00	5.364783e-01
1.540689542869691e-04	1.752937e+00	5.378076e-01
1.541170577682896e-04	1.752155e+00	5.395379e-01
1.541642473976563e-04	1.751383e+00	5.421726e-01
1.542193476241224e-04	1.750489e+00	5.460936e-01
1.542743646546562e-04	1.749548e+00	5.506268e-01
1.543083397196800e-04	1.748969e+00	5.537415e-01
1.543608766508156e-04	1.748109e+00	5.590163e-01
1.543861299707088e-04	1.747718e+00	5.617126e-01
1.544233253550632e-04	1.747182e+00	5.658271e-01
1.544775062844989e-04	1.746455e+00	5.719643e-01
1.545624560622968e-04	1.745490e+00	5.814388e-01
1.547235206040421e-04	1.743887e+00	5.973979e-01
1.548582337613046e-04	1.742771e+00	6.069117e-01
1.549853926597819e-04	1.741996e+00	6.108287e-01
1.551236728181983e-04	1.742161e+00	6.117559e-01
1.552751187731990e-04	1.743209e+00	6.118436e-01
1.554154790449526e-04	1.745793e+00	6.129524e-01
1.555666305973823e-04	1.749506e+00	6.144212e-01
1.557541842780772e-04	1.754683e+00	6.160664e-01
1.558763738301963e-04	1.758217e+00	6.168294e-01
1.560081474389853e-04	1.761951e+00	6.169176e-01
1.560934954901201e-04	1.764362e+00	6.161571e-01
1.561779712551813e-04	1.766783e+00	6.144014e-01
1.562548307376661e-04	1.768957e+00	6.119483e-01
1.563737709143052e-04	1.772290e+00	6.071853e-01
1.565035402120537e-04	1.775890e+00	6.015369e-01
1.566569388082787e-04	1.779979e+00	5.952600e-01
1.568315071221114e-04	1.784131e+00	5.897713e-01
1.569779210408103e-04	1.787000e+00	5.872944e-01
1.570884916628051e-04	1.788905e+00	5.871690e-01
1.572145070762684e-04	1.790885e+00	5.882171e-01
1.573456807590919e-04	1.792572e+00	5.896485e-01
1.574451688623496e-04	1.793716e+00	5.909521e-01
1.575423266741073e-04	1.794832e+00	5.923998e-01
1.576608642360847e-04	1.796091e+00	5.940797e-01
1.577759619143122e-04	1.797188e+00	5.953990e-01
1.579144165250088e-04	1.798403e+00	5.964805e-01
1.580410790657896e-04	1.799488e+00	5.966183e-01
1.582225976158311e-04	1.800908e+00	5.930065e-01
1.583128590187755e-04	1.801549e+00	5.898472e-01
1.584080364939350e-04	1.802272e+00	5.860810e-01
1.585096886248733e-04	1.803046e+00	5.818169e-01
1.586174354716933e-04	1.803858e+00	5.774596e-01
1.587399297035248e-04	1.804736e+00	5.731407e-01
1.588354487461924e-04	1.805219e+00	5.704036e-01
1.589052015152491e-04	1.805502e+00	5.691465e-01
1.589931228698376e-04	1.805787e+00	5.683255e-01
1.590856771109516e-04	1.805883e+00	5.672042e-01
1.591664606238535e-04	1.805821e+00	5.652477e-01
1.592354979975159e-04	1.805731e+00	5.627243e-01
1.593089575376840e-04	1.805581e+00	5.593578e-01
1.593939218132144e-04	1.805348e+00	5.549182e-01
1.594813309193327e-04	1.805036e+00	5.500331e-01
1.595739749776755e-04	1.804611e+00	5.448629e-01
1.596925449701489e-04	1.803933e+00	5.387672e-01
1.597909045003855e-04	1.803218e+00	5.347448e-01
1.599223153141479e-04	1.802022e+00	5.316104e-01
1.600560733431196e-04	1.800603e+00	5.311488e-01
1.602610779044004e-04	1.797373e+00	5.327532e-01
1.604342751147395e-04	1.793994e+00	5.349077e-01
1.606356787490324e-04	1.790000e+00	5.380088e-01
1.608409139869387e-04	1.785788e+00	5.405059e-01
1.610232091158864e-04	1.782132e+00	5.419216e-01
1.611438732691358e-04	1.779788e+00	5.427365e-01
1.612386848108437e-04	1.777921e+00	5.435675e-01
1.613428425143599e-04	1.775887e+00	5.447651e-01
1.615167570953896e-04	1.772531e+00	5.469724e-01
1.616797079279369e-04	1.769460e+00	5.488786e-01
1.618714656467495e-04	1.766021e+00	5.504325e-01
1.620366113742880e-04	1.763228e+00	5.498095e-01
1.621604180568097e-04	1.761165e+00	5.459054e-01
1.622867900197444e-04	1.759222e+00	5.381617e-01
1.624014966372626e-04	1.757625e+00	5.289779e-01
1.625194991632348e-04	1.756010e+00	5.185452e-01
1.626540586858091e-04	1.754131e+00	5.072223e-01
1.628053078740390e-04	1.751864e+00	4.974472e-01
1.629705901497358e-04	1.749167e+00	4.937933e-01
1.631622456677314e-04	1.745512e+00	5.014830e-01
1.633614520523660e-04	1.739915e+00	5.197590e-01
1.635011990027355e-04	1.735131e+00	5.364951e-01
1.635836907308263e-04	1.732572e+00	5.473977e-01
1.636242629524490e-04	1.731464e+00	5.527928e-01
1.636491998739829e-04	1.730809e+00	5.560046e-01
1.636732579700668e-04	1.730192e+00	5.589931e-01
1.637019006760709e-04	1.729461e+00	5.623390e-01
1.637591860880791e-04	1.728040e+00	5.683034e-01
1.638427227417272e-04	1.726049e+00	5.751830e-01
1.639361839143499e-04	1.723974e+00	5.797705e-01
1.640349966637150e-04	1.722056e+00	5.811635e-01
1.641406874692118e-04	1.720538e+00	5.804173e-01
1.642827066447741e-04	1.720071e+00	5.789561e-01
1.644033208479249e-04	1.719666e+00	5.765562e-01
1.645336431226903e-04	1.719628e+00	5.735465e-01
1.646700732374811e-04	1.720148e+00	5.707079e-01
1.648007063866648e-04	1.720994e+00	5.686789e-01
1.649458228903204e-04	1.722008e+00	5.673608e-01
1.650432119925898e-04	1.722601e+00	5.670026e-01
1.651257456375096e-04	1.723166e+00	5.670810e-01
1.652393785713500e-04	1.724037e+00	5.673636e-01
1.654120620495520e-04	1.725334e+00	5.678484e-01
1.656563131378986e-04	1.727103e+00	5.685291e-01
1.657318797371060e-04	1.727619e+00	5.684792e-01
1.658074463363135e-04	1.728135e+00	5.685541e-01
1.658830129355209e-04	1.728653e+00	5.687538e-01
1.659585795347284e-04	1.729171e+00	5.690782e-01
1.660341461339359e-04	1.729691e+00	5.695274e-01
1.661097127331433e-04	1.730211e+00	5.701014e-01
1.661852793323508e-04	1.730732e+00	5.708001e-01
1.662698429263836e-04	1.731382e+00	5.724015e-01
1.663840238955846e-04	1.732200e+00	5.748712e-01
1.664911440872920e-04	1.732975e+00	5.773988e-01
1.666399102020192e-04	1.734064e+00	5.807555e-01
1.668192646831685e-04	1.735318e+00	5.838024e-01
1.669705137440657e-04	1.736457e+00	5.849057e-01
1.671096646864942e-04	1.737636e+00	5.839510e-01
1.672634897618250e-04	1.739392e+00	5.811023e-01
1.673622408932807e-04	1.740752e+00	5.785221e-01
1.674383335169897e-04	1.741712e+00	5.760428e-01
1.675145150329943e-04	1.742606e+00	5.733821e-01
1.676208139391747e-04	1.743839e+00	5.698276e-01
1.677532508233312e-04	1.745384e+00	5.661374e-01
1.678840171351473e-04	1.746667e+00	5.633945e-01
1.680264241443012e-04	1.747850e+00	5.625530e-01
1.681078428149230e-04	1.748504e+00	5.633461e-01
1.681993599940890e-04	1.749072e+00	5.648120e-01
1.682584272813879e-04	1.749407e+00	5.661119e-01
1.683235034007881e-04	1.749786e+00	5.678795e-01
1.683964468763281e-04	1.750136e+00	5.700184e-01
1.684547675276298e-04	1.750347e+00	5.717803e-01
1.684929489744231e-04	1.750501e+00	5.729898e-01
1.685321883658918e-04	1.750674e+00	5.742590e-01
1.685809285582685e-04	1.750897e+00	5.758239e-01
1.686452194766074e-04	1.751190e+00	5.777584e-01
1.687738013132851e-04	1.751677e+00	5.809665e-01
1.688929002888504e-04	1.752063e+00	5.829273e-01
1.690051611219067e-04	1.752482e+00	5.835620e-01
1.691267576864744e-04	1.753018e+00	5.829574e-01
1.692577394669140e-04	1.753883e+00	5.814695e-01
1.693658696040089e-04	1.754792e+00	5.798285e-01
1.694503747586372e-04	1.755493e+00	5.782693e-01
1.695363014974371e-04	1.756170e+00	5.765550e-01
1.696218186205225e-04	1.756847e+00	5.749104e-01
1.697310276315213e-04	1.757709e+00	5.730835e-01
1.698467182474194e-04	1.758628e+00	5.717187e-01
1.699672566741928e-04	1.759501e+00	5.709202e-01
1.700874266357884e-04	1.760209e+00	5.701014e-01
1.701952807250445e-04	1.760708e+00	5.685367e-01
1.703097724335384e-04	1.761197e+00	5.659346e-01
1.704113281529324e-04	1.761592e+00	5.631111e-01
1.705276624456874e-04	1.762009e+00	5.596320e-01
1.706066948808285e-04	1.762240e+00	5.573031e-01
1.707033852195686e-04	1.762458e+00	5.547410e-01
1.708107466295691e-04	1.762618e+00	5.525201e-01
1.709297169142616e-04	1.762613e+00	5.509118e-01
1.710027375966538e-04	1.762534e+00	5.504805e-01
1.711015102430043e-04	1.762358e+00	5.502011e-01
1.712060667078630e-04	1.761990e+00	5.495169e-01
1.713719957284941e-04	1.761127e+00	5.477572e-01
1.715745398575675e-04	1.759830e+00	5.453514e-01
1.717928059558239e-04	1.758364e+00	5.435676e-01
1.720419887572025e-04	1.756499e+00	5.441207e-01
1.721909861189041e-04	1.755314e+00	5.478910e-01
1.723549390536234e-04	1.753547e+00	5.553769e-01
1.724254226664433e-04	1.752695e+00	5.593182e-01
1.724703737173530e-04	1.752222e+00	5.621261e-01
1.725133775399964e-04	1.751806e+00	5.648824e-01
1.725604005466523e-04	1.751382e+00	5.678676e-01
1.726544465599642e-04	1.750598e+00	5.734838e-01
1.727681909430514e-04	1.749677e+00	5.791549e-01
1.728916464484391e-04	1.748756e+00	5.831162e-01
1.730231910217706e-04	1.748029e+00	5.844665e-01
1.731501080771298e-04	1.747579e+00	5.831618e-01
1.733226349004677e-04	1.748010e+00	5.797833e-01
1.734344967363801e-04	1.748869e+00	5.772125e-01
1.735207332167486e-04	1.749439e+00	5.747662e-01
1.736180478038873e-04	1.750085e+00	5.719871e-01
1.737147706173146e-04	1.750787e+00	5.695724e-01
1.738349090822855e-04	1.751624e+00	5.672179e-01
1.739277310942787e-04	1.752199e+00	5.660778e-01
1.740109412462383e-04	1.752663e+00	5.653009e-01
1.740939665745538e-04	1.753034e+00	5.634210e-01
1.741890124715722e-04	1.753366e+00	5.590234e-01
1.742771306400469e-04	1.753638e+00	5.530889e-01
1.743581449664993e-04	1.753917e+00	5.464987e-01
1.744206428266947e-04	1.754102e+00	5.408709e-01
1.744800235649947e-04	1.754224e+00	5.352538e-01
1.745422201697343e-04	1.754306e+00	5.293111e-01
1.745923308717338e-04	1.754334e+00	5.246208e-01
1.746530080937162e-04	1.754312e+00	5.192752e-01
1.747375859049537e-04	1.754302e+00	5.129955e-01
1.748672060147172e-04	1.754278e+00	5.070419e-01
1.750558908074146e-04	1.752985e+00	5.035495e-01
1.752805350224872e-04	1.748815e+00	5.012657e-01
1.754698486404106e-04	1.744342e+00	4.996110e-01
1.756456780338250e-04	1.740609e+00	4.990726e-01
1.758321000392042e-04	1.736156e+00	4.987583e-01
1.760512757230057e-04	1.730287e+00	4.986789e-01
1.762895118353521e-04	1.723386e+00	4.987963e-01
1.765889411140304e-04	1.714330e+00	4.989806e-01
1.769666809223335e-04	1.703287e+00	5.010888e-01
1.771296654788561e-04	1.698716e+00	5.059989e-01
1.772475256927824e-04	1.695412e+00	5.145661e-01
1.773580513434188e-04	1.692331e+00	5.264512e-01
1.774892620216887e-04	1.688487e+00	5.424312e-01
1.775446583208619e-04	1.686920e+00	5.494502e-01
1.775852913884955e-04	1.685919e+00	5.546693e-01
1.776247269028625e-04	1.685010e+00	5.595529e-01
1.776974730202400e-04	1.683453e+00	5.677867e-01
1.778007939089132e-04	1.681344e+00	5.771965e-01
1.779184338083760e-04	1.679217e+00	5.837120e-01
1.780367658375114e-04	1.678245e+00	5.857850e-01
1.781605481368950e-04	1.677524e+00	5.827605e-01
1.783194586198446e-04	1.677409e+00	5.748452e-01
1.784159765564165e-04	1.678324e+00	5.692422e-01
1.784951624421713e-04	1.679172e+00	5.639549e-01
1.785724984498975e-04	1.680060e+00	5.586824e-01
1.786521947797416e-04	1.681030e+00	5.534965e-01
1.787314131037550e-04	1.682122e+00	5.490175e-01
1.788213091659178e-04	1.683227e+00	5.446408e-01
1.788654999472409e-04	1.683724e+00	5.429350e-01
1.789574460072163e-04	1.684748e+00	5.410071e-01
1.790724895078235e-04	1.685925e+00	5.420845e-01
1.791542083243129e-04	1.686579e+00	5.453582e-01
1.792298807451381e-04	1.687297e+00	5.505876e-01
1.792890566990969e-04	1.687861e+00	5.556461e-01
1.793540309321880e-04	1.688276e+00	5.616059e-01
1.793934523924650e-04	1.688478e+00	5.654492e-01
1.794485606320416e-04	1.688838e+00	5.711835e-01
1.794749790060019e-04	1.689042e+00	5.740275e-01
1.795009829569537e-04	1.689265e+00	5.768592e-01
1.795459546806393e-04	1.689711e+00	5.817795e-01
1.796047295198333e-04	1.690393e+00	5.880478e-01
1.797100128681353e-04	1.691450e+00	5.980578e-01
1.798063207058720e-04	1.692153e+00	6.051143e-01
1.799093175329029e-04	1.693007e+00	6.096136e-01
1.800271316953717e-04	1.694481e+00	6.118143e-01
1.801431646769484e-04	1.697026e+00	6.137918e-01
1.802453044657775e-04	1.699796e+00	6.164572e-01
1.803797255332670e-04	1.703926e+00	6.211176e-01
1.805177514587595e-04	1.708763e+00	6.264741e-01
1.807111283796106e-04	1.716043e+00	6.330638e-01
1.809171250689582e-04	1.724410e+00	6.374829e-01
1.811055440123508e-04	1.732830e+00	6.391672e-01
1.812272899077522e-04	1.738604e+00	6.396197e-01
1.813130763147035e-04	1.742669e+00	6.398307e-01
1.813979661051243e-04	1.746671e+00	6.400250e-01
1.815232300719518e-04	1.752550e+00	6.403194e-01
1.818125012966353e-04	1.765809e+00	6.409074e-01
1.820848682840725e-04	1.777500e+00	6.391285e-01
1.821736632708341e-04	1.781139e+00	6.357589e-01
1.822675009797020e-04	1.784878e+00	6.301432e-01
1.823729859306288e-04	1.788954e+00	6.222225e-01
1.824943306679737e-04	1.793503e+00	6.122026e-01
1.826189495799372e-04	1.797911e+00	6.021674e-01
1.827667809576151e-04	1.802555e+00	5.919287e-01
1.828866388383730e-04	1.805691e+00	5.858413e-01
1.829655673705224e-04	1.807514e+00	5.840708e-01
1.830690333757832e-04	1.809692e+00	5.849066e-01
1.831681711146599e-04	1.811422e+00	5.880733e-01
1.832402549464909e-04	1.812478e+00	5.917174e-01
1.832895724895513e-04	1.813171e+00	5.948729e-01
1.833341388457373e-04	1.813815e+00	5.981443e-01
1.833895169232251e-04	1.814583e+00	6.025139e-01
1.834396951735814e-04	1.815166e+00	6.065609e-01
1.834906996439923e-04	1.815772e+00	6.108399e-01
1.835538603402647e-04	1.816625e+00	6.162699e-01
1.836113900496063e-04	1.817519e+00	6.211414e-01
1.837057984679454e-04	1.818943e+00	6.283377e-01
1.838220814689871e-04	1.820324e+00	6.350387e-01
1.839306835471756e-04	1.821432e+00	6.384621e-01
1.840367913099321e-04	1.822696e+00	6.388090e-01
1.841367250398083e-04	1.824169e+00	6.365852e-01
1.842379887208389e-04	1.826051e+00	6.324580e-01
1.843353889171365e-04	1.828299e+00	6.274195e-01
1.844180359059730e-04	1.830299e+00	6.224440e-01
1.845038040613679e-04	1.832314e+00	6.168542e-01
1.845870057307044e-04	1.834188e+00	6.114683e-01
1.847096811812752e-04	1.836863e+00	6.043465e-01
1.848256656880161e-04	1.839297e+00	5.992232e-01
1.849358952308207e-04	1.841272e+00	5.962754e-01
1.850512023409134e-04	1.842871e+00	5.936202e-01
1.852697303497390e-04	1.844706e+00	5.786679e-01
1.853924821960253e-04	1.845517e+00	5.651346e-01
1.854798178644622e-04	1.846067e+00	5.544616e-01
1.855526089542139e-04	1.846364e+00	5.452686e-01
1.856233696943122e-04	1.846707e+00	5.366354e-01
1.856456751354664e-04	1.846746e+00	5.339839e-01
1.856812912271701e-04	1.846771e+00	5.299712e-01
1.857203741116016e-04	1.846817e+00	5.259759e-01
1.857925738057037e-04	1.846796e+00	5.195813e-01
1.858602206118968e-04	1.846758e+00	5.153438e-01
1.859725258543195e-04	1.846274e+00	5.123955e-01
1.861011758367854e-04	1.845134e+00	5.155575e-01
1.863584758017170e-04	1.838095e+00	5.298229e-01
1.865079979669200e-04	1.834358e+00	5.425527e-01
1.866112200769896e-04	1.831774e+00	5.524514e-01
1.866748911036470e-04	1.830081e+00	5.582501e-01
1.867098269869196e-04	1.829148e+00	5.612199e-01
1.867340898903194e-04	1.828482e+00	5.631280e-01
1.867600460202608e-04	1.827773e+00	5.650336e-01
1.867909470582711e-04	1.826906e+00	5.670360e-01
1.868527491342916e-04	1.825174e+00	5.702330e-01
1.869367384240857e-04	1.822914e+00	5.730500e-01
1.870144054016675e-04	1.820915e+00	5.737022e-01
1.870987564292521e-04	1.818821e+00	5.720728e-01
1.871875232573615e-04	1.816833e+00	5.683004e-01
1.872822070677778e-04	1.815191e+00	5.628880e-01
1.873388827942075e-04	1.814343e+00	5.590169e-01
1.873869390911545e-04	1.813535e+00	5.552310e-01
1.874341716722369e-04	1.812753e+00	5.513092e-01
1.874781230428369e-04	1.812026e+00	5.475495e-01
1.875219140676821e-04	1.811301e+00	5.437575e-01
1.875602853584795e-04	1.810660e+00	5.404434e-01
1.875866929694431e-04	1.810216e+00	5.381984e-01
1.876190288530669e-04	1.809678e+00	5.355141e-01
1.876499417817476e-04	1.809153e+00	5.330287e-01
1.876901049858618e-04	1.808480e+00	5.299817e-01
1.877360652883410e-04	1.807693e+00	5.267817e-01
1.877957909264737e-04	1.806655e+00	5.231893e-01
1.878609560160073e-04	1.805507e+00	5.202568e-01
1.879554260415291e-04	1.803851e+00	5.183347e-01
1.880789585916420e-04	1.801817e+00	5.206695e-01
1.882901362732617e-04	1.797035e+00	5.315544e-01
1.884353815030260e-04	1.792707e+00	5.418340e-01
1.885537079562684e-04	1.789348e+00	5.518669e-01
1.886078658008788e-04	1.787905e+00	5.565663e-01
1.886416042511531e-04	1.787063e+00	5.594364e-01
1.886739421901375e-04	1.786261e+00	5.620581e-01
1.887102469314962e-04	1.785378e+00	5.647851e-01
1.887828564142138e-04	1.783621e+00	5.694376e-01
1.888772039400195e-04	1.781417e+00	5.738230e-01
1.889782834591710e-04	1.779195e+00	5.758618e-01
1.890797369428208e-04	1.777226e+00	5.747064e-01
1.891795173603386e-04	1.775429e+00	5.701511e-01
1.893142080509488e-04	1.774178e+00	5.615321e-01
1.893767694752512e-04	1.773851e+00	5.567331e-01
1.894244006000331e-04	1.773426e+00	5.524260e-01
1.894746124858272e-04	1.772964e+00	5.476881e-01
1.895248415563699e-04	1.772509e+00	5.428869e-01
1.895459492728219e-04	1.772307e+00	5.408598e-01
1.895648482899479e-04	1.772137e+00	5.390708e-01
1.895922299416817e-04	1.771882e+00	5.365068e-01
1.896218239696210e-04	1.771609e+00	5.338017e-01
1.896535821975061e-04	1.771304e+00	5.309832e-01
1.896862047429229e-04	1.771006e+00	5.282661e-01
1.897430567063268e-04	1.770452e+00	5.239014e-01
1.897948429938287e-04	1.769928e+00	5.204515e-01
1.898586247180408e-04	1.769261e+00	5.171635e-01
1.899336263055479e-04	1.768535e+00	5.152220e-01
1.900525739023868e-04	1.767502e+00	5.174927e-01
1.902160977026040e-04	1.765541e+00	5.297893e-01
1.904116033392128e-04	1.761139e+00	5.519591e-01
1.904939290884735e-04	1.759015e+00	5.630794e-01
1.905480291333805e-04	1.757950e+00	5.711139e-01
1.905968588042339e-04	1.757077e+00	5.783115e-01
1.906432279171894e-04	1.756320e+00	5.848027e-01
1.907359661431005e-04	1.754861e+00	5.962252e-01
1.908413804721657e-04	1.753282e+00	6.060303e-01
1.909528317735980e-04	1.752455e+00	6.119286e-01
1.910641314086657e-04	1.751405e+00	6.110190e-01
1.911983752083263e-04	1.750868e+00	6.032455e-01
1.913255247439094e-04	1.752290e+00	5.928068e-01
1.914072057496111e-04	1.753724e+00	5.846237e-01
1.914788253048416e-04	1.754889e+00	5.765275e-01
1.915511367716975e-04	1.756109e+00	5.682285e-01
1.916220626490148e-04	1.757312e+00	5.604236e-01
1.917178770492969e-04	1.758680e+00	5.505751e-01
1.917792266210309e-04	1.759324e+00	5.448975e-01
1.918776648056745e-04	1.760273e+00	5.383867e-01
1.919373365703589e-04	1.760798e+00	5.363061e-01
1.920514691519471e-04	1.761302e+00	5.351269e-01
1.921000666223883e-04	1.761546e+00	5.360862e-01
1.921305860267766e-04	1.761682e+00	5.369608e-01
1.921719187508529e-04	1.761844e+00	5.384304e-01
1.922141571038438e-04	1.761985e+00	5.402434e-01
1.922712385647442e-04	1.762158e+00	5.431460e-01
1.923355839201496e-04	1.762321e+00	5.469097e-01
1.924287019458496e-04	1.762426e+00	5.528922e-01
1.925479043040353e-04	1.761843e+00	5.602510e-01
1.926767719512707e-04	1.760769e+00	5.676291e-01
1.927361720339102e-04	1.760400e+00	5.708580e-01
1.927726670329887e-04	1.760228e+00	5.726631e-01
1.928075597956464e-04	1.760045e+00	5.741685e-01
1.928457343837867e-04	1.759825e+00	5.755266e-01
1.929059480091632e-04	1.759470e+00	5.770837e-01
1.929715955983610e-04	1.759137e+00	5.780764e-01
1.930451435933427e-04	1.758796e+00	5.788387e-01
1.931380725844197e-04	1.758565e+00	5.807306e-01
1.932482932244000e-04	1.758595e+00	5.847145e-01
1.933669426140944e-04	1.758949e+00	5.905435e-01
1.935429900057443e-04	1.759666e+00	5.999912e-01
1.937092196013677e-04	1.760407e+00	6.078322e-01
1.938676088327621e-04	1.761026e+00	6.122971e-01
1.940222499356144e-04	1.762456e+00	6.122719e-01
1.941720459557192e-04	1.765123e+00	6.066137e-01
1.942874360438756e-04	1.768052e+00	5.982288e-01
1.943674549416930e-04	1.770057e+00	5.902180e-01
1.944518251302486e-04	1.771971e+00	5.805137e-01
1.945368377388772e-04	1.773878e+00	5.705143e-01
1.946412787366860e-04	1.775930e+00	5.584717e-01
1.947146688467056e-04	1.777064e+00	5.505180e-01
1.948379000965992e-04	1.778662e+00	5.403163e-01
1.949054547445119e-04	1.779380e+00	5.369783e-01
1.950274169824673e-04	1.780203e+00	5.342624e-01
1.950733074032886e-04	1.780486e+00	5.351546e-01
1.951255970453521e-04	1.780753e+00	5.369236e-01
1.951743291444689e-04	1.780996e+00	5.392288e-01
1.952461242386715e-04	1.781508e+00	5.438350e-01
1.953208593402180e-04	1.782134e+00	5.497895e-01
1.954477594209232e-04	1.782558e+00	5.607587e-01
1.955796673385668e-04	1.780873e+00	5.707194e-01
1.956528362751452e-04	1.779888e+00	5.761055e-01
1.957088532306821e-04	1.779482e+00	5.802981e-01
1.957373050052508e-04	1.779309e+00	5.823005e-01
1.957645963310629e-04	1.779151e+00	5.840838e-01
1.957899172164577e-04	1.778971e+00	5.855495e-01
1.958405589872474e-04	1.778597e+00	5.880203e-01
1.958993313344489e-04	1.778192e+00	5.901518e-01
1.959692592431804e-04	1.777767e+00	5.915091e-01
1.960418822135244e-04	1.777337e+00	5.916734e-01
1.961364118288301e-04	1.776828e+00	5.907789e-01
1.962628210881381e-04	1.776623e+00	5.890056e-01
1.964053493524460e-04	1.777163e+00	5.868494e-01
1.965215321731686e-04	1.777866e+00	5.848939e-01
1.966246543143017e-04	1.778468e+00	5.830281e-01
1.967363824040431e-04	1.779140e+00	5.812153e-01
1.968486851619934e-04	1.779889e+00	5.799807e-01
1.969859711827478e-04	1.780655e+00	5.790588e-01
1.970674806012061e-04	1.781026e+00	5.785306e-01
1.971393041943215e-04	1.781362e+00	5.776998e-01
1.972335262063497e-04	1.781782e+00	5.758806e-01
1.973433804554646e-04	1.782221e+00	5.730736e-01
1.974557176114849e-04	1.782658e+00	5.697955e-01
1.975859680460801e-04	1.783118e+00	5.659355e-01
1.977247768558510e-04	1.783430e+00	5.620707e-01
1.977978878282247e-04	1.783504e+00	5.603852e-01
1.978802045640349e-04	1.783572e+00	5.591317e-01
1.979737668506208e-04	1.783547e+00	5.583423e-01
1.980669180705210e-04	1.783394e+00	5.577309e-01
1.981540716214868e-04	1.783131e+00	5.566316e-01
1.983536816712397e-04	1.782262e+00	5.519160e-01
1.984766068752746e-04	1.781549e+00	5.481882e-01
1.986476718721704e-04	1.780456e+00	5.434068e-01
1.988765034987536e-04	1.778825e+00	5.396707e-01
1.990930554792754e-04	1.776872e+00	5.416687e-01
1.992525323597148e-04	1.774794e+00	5.486531e-01
1.993492299548468e-04	1.773269e+00	5.555606e-01
1.994026420023274e-04	1.772457e+00	5.601485e-01
1.994343194406239e-04	1.772008e+00	5.630652e-01
1.994600826581636e-04	1.771666e+00	5.655106e-01
1.994853209690232e-04	1.771341e+00	5.679341e-01
1.995304609741078e-04	1.770799e+00	5.722888e-01
1.995999636341902e-04	1.770018e+00	5.787082e-01
1.997389689543549e-04	1.768475e+00	5.898265e-01
1.998677760764373e-04	1.767225e+00	5.970373e-01
1.999985966389847e-04	1.766299e+00	6.006165e-01
2.001233465158293e-04	1.766188e+00	6.028511e-01
2.002375460712485e-04	1.766833e+00	6.060993e-01
2.003896945373146e-04	1.768242e+00	6.121149e-01
2.005357962895772e-04	1.769493e+00	6.178654e-01
2.007051616124447e-04	1.771957e+00	6.240256e-01
2.009212984664011e-04	1.776383e+00	6.291062e-01
2.011136042205872e-04	1.781826e+00	6.312759e-01
2.012484907968035e-04	1.786258e+00	6.319889e-01
2.013439965478378e-04	1.789396e+00	6.322720e-01
2.014586955566191e-04	1.793171e+00	6.325320e-01
2.016079157142849e-04	1.798070e+00	6.328078e-01
2.017343843988091e-04	1.802178e+00	6.329865e-01
2.018693942628268e-04	1.806544e+00	6.331757e-01
2.020324856142568e-04	1.811737e+00	6.335616e-01
2.022080513010716e-04	1.817271e+00	6.346444e-01
2.024427613557473e-04	1.824105e+00	6.365466e-01
2.026456256463951e-04	1.829745e+00	6.384256e-01
2.030036717363886e-04	1.839743e+00	6.399842e-01
2.031229631471634e-04	1.843003e+00	6.357892e-01
2.031712277870903e-04	1.844173e+00	6.316288e-01
2.032612462087911e-04	1.846311e+00	6.214551e-01
2.033469007706905e-04	1.848464e+00	6.100141e-01
2.034446069863366e-04	1.850888e+00	5.954165e-01
2.035328548760295e-04	1.852949e+00	5.817713e-01
2.036334527263182e-04	1.854879e+00	5.663257e-01
2.037524071403696e-04	1.856544e+00	5.503445e-01
2.039261864478714e-04	1.858015e+00	5.355430e-01
2.039697375090592e-04	1.858245e+00	5.339030e-01
2.039974525762672e-04	1.858339e+00	5.336928e-01
2.040346782018067e-04	1.858425e+00	5.339307e-01
2.040790874216690e-04	1.858480e+00	5.348373e-01
2.041294279155718e-04	1.858470e+00	5.365782e-01
2.041920769919269e-04	1.858696e+00	5.400206e-01
2.042720944287875e-04	1.859554e+00	5.463635e-01
2.043835480870360e-04	1.860677e+00	5.569352e-01
2.045470676233285e-04	1.858654e+00	5.704177e-01
2.046745185700291e-04	1.854380e+00	5.783264e-01
2.047493856768652e-04	1.852615e+00	5.832464e-01
2.047890372531575e-04	1.852031e+00	5.858615e-01
2.048151878171787e-04	1.851634e+00	5.873823e-01
2.048389170869129e-04	1.851225e+00	5.885594e-01
2.048710024914717e-04	1.850590e+00	5.898231e-01
2.049153282085216e-04	1.849772e+00	5.911762e-01
2.049649531555534e-04	1.848889e+00	5.920396e-01
2.050247857127764e-04	1.847815e+00	5.922549e-01
2.051001550795832e-04	1.846425e+00	5.918434e-01
2.052135458900724e-04	1.844863e+00	5.911829e-01
2.053355730653251e-04	1.843887e+00	5.906559e-01
2.054652501391192e-04	1.842958e+00	5.897546e-01
2.055869012130319e-04	1.842103e+00	5.886909e-01
2.057292094034450e-04	1.841252e+00	5.875926e-01
2.058987570467434e-04	1.840299e+00	5.866549e-01
2.060079054625780e-04	1.839697e+00	5.865944e-01
2.061546414879408e-04	1.839037e+00	5.891639e-01
2.062267122079378e-04	1.838830e+00	5.919514e-01
2.063361908749631e-04	1.838559e+00	5.973513e-01
2.064524254359694e-04	1.838276e+00	6.038189e-01
2.066141688125197e-04	1.837916e+00	6.127522e-01
2.067771357775579e-04	1.837576e+00	6.199546e-01
2.069282763232388e-04	1.837586e+00	6.234450e-01
2.070983932759985e-04	1.838059e+00	6.229942e-01
2.072810931438987e-04	1.840446e+00	6.205077e-01
2.073840343015917e-04	1.842488e+00	6.185559e-01
2.074831908831775e-04	1.844099e+00	6.157490e-01
2.075811383431130e-04	1.845675e+00	6.128992e-01
2.077021799924284e-04	1.847616e+00	6.097521e-01
2.078363979615712e-04	1.849690e+00	6.072250e-01
2.079770006593525e-04	1.851493e+00	6.052318e-01
2.080954709285427e-04	1.852589e+00	6.022215e-01
2.081901913227312e-04	1.853284e+00	5.970340e-01
2.082957430772521e-04	1.854134e+00	5.884548e-01
2.083643025454983e-04	1.854646e+00	5.816821e-01
2.084648090298126e-04	1.855232e+00	5.706419e-01
2.085483446626458e-04	1.855765e+00	5.613707e-01
2.086066468195745e-04	1.856040e+00	5.550275e-01
2.086791903548710e-04	1.856207e+00	5.475895e-01
2.087500334110462e-04	1.856133e+00	5.408498e-01
2.087846865763514e-04	1.856023e+00	5.378815e-01
2.088080320688268e-04	1.855964e+00	5.361606e-01
2.088437758310410e-04	1.855880e+00	5.339154e-01
2.088840770480517e-04	1.855751e+00	5.319039e-01
2.089390577626184e-04	1.855513e+00	5.301365e-01
2.089987221735933e-04	1.855147e+00	5.293774e-01
2.090829809394466e-04	1.854384e+00	5.293484e-01
2.091883179813394e-04	1.852938e+00	5.295464e-01
2.093602237533970e-04	1.848977e+00	5.290443e-01
2.095234157805598e-04	1.845232e+00	5.292524e-01
2.096843435094759e-04	1.841718e+00	5.301461e-01
2.098525905204668e-04	1.837528e+00	5.308373e-01
2.099817092288945e-04	1.834053e+00	5.318705e-01
2.100843375638619e-04	1.831202e+00	5.352017e-01
2.101700614224533e-04	1.828800e+00	5.418617e-01
2.102500532574485e-04	1.826364e+00	5.511447e-01
2.102985693176732e-04	1.824804e+00	5.578988e-01
2.103251635783322e-04	1.823971e+00	5.620151e-01
2.103459420965482e-04	1.823356e+00	5.654309e-01
2.103670335203099e-04	1.822751e+00	5.690316e-01
2.103995762221523e-04	1.821872e+00	5.748055e-01
2.104462082575309e-04	1.820692e+00	5.833616e-01
2.105209964984568e-04	1.819000e+00	5.972654e-01
2.106460904241085e-04	1.815763e+00	6.187853e-01
2.107558958583529e-04	1.812757e+00	6.342380e-01
2.108782319816332e-04	1.811255e+00	6.468997e-01
2.109994915612526e-04	1.811385e+00	6.533842e-01
2.111406408649895e-04	1.811024e+00	6.539618e-01
2.113075767082566e-04	1.811607e+00	6.528165e-01
2.114646876361690e-04	1.816465e+00	6.548940e-01
2.116326361100063e-04	1.822823e+00	6.570864e-01
2.118150246623086e-04	1.830416e+00	6.589926e-01
2.119991777717337e-04	1.837799e+00	6.587192e-01
2.120894263119626e-04	1.841261e+00	6.556281e-01
2.121619274738276e-04	1.844068e+00	6.497042e-01
2.122351189306702e-04	1.846809e+00	6.405315e-01
2.123270914660700e-04	1.850198e+00	6.260839e-01
2.124270045761398e-04	1.853891e+00	6.083855e-01
2.125331867300100e-04	1.857600e+00	5.886624e-01
2.126319731343217e-04	1.860437e+00	5.704630e-01
2.127058255275147e-04	1.862050e+00	5.577144e-01
2.127655973709068e-04	1.863145e+00	5.487893e-01
2.128399210074713e-04	1.864307e+00	5.402912e-01
2.129436756804899e-04	1.865455e+00	5.324852e-01
2.130025889799198e-04	1.865926e+00	5.305069e-01
2.130481702530593e-04	1.866215e+00	5.312629e-01
2.130769298177037e-04	1.866353e+00	5.326883e-01
2.131094080609944e-04	1.866483e+00	5.349563e-01
2.131456077750152e-04	1.866584e+00	5.382702e-01
2.131875252652876e-04	1.866670e+00	5.430798e-01
2.132381006454262e-04	1.866735e+00	5.500953e-01
2.133007391348499e-04	1.866837e+00	5.603674e-01
2.133815058522395e-04	1.867436e+00	5.759297e-01
2.134914243257862e-04	1.868779e+00	5.992876e-01
2.136057359422331e-04	1.866673e+00	6.204164e-01
2.136674488875084e-04	1.864914e+00	6.307407e-01
2.136999298598545e-04	1.864396e+00	6.362008e-01
2.137238746239218e-04	1.864186e+00	6.401443e-01
2.137477987033162e-04	1.864059e+00	6.438982e-01
2.137894116784115e-04	1.863897e+00	6.497334e-01
2.138625794918103e-04	1.863223e+00	6.575956e-01
2.139330725425242e-04	1.862401e+00	6.621388e-01
2.140072443832757e-04	1.861847e+00	6.637964e-01
2.140819821057635e-04	1.861734e+00	6.633356e-01
2.141659353760551e-04	1.861982e+00	6.614010e-01
2.142706500564699e-04	1.862473e+00	6.575037e-01
2.143847102998083e-04	1.864254e+00	6.529497e-01
2.145173566179627e-04	1.868033e+00	6.481537e-01
2.146240100029488e-04	1.871502e+00	6.444287e-01
2.147357070202113e-04	1.874888e+00	6.406829e-01
2.148561105978704e-04	1.878550e+00	6.379649e-01
2.149982007464873e-04	1.882547e+00	6.367326e-01
2.151348480910677e-04	1.885715e+00	6.369947e-01
2.152450767863797e-04	1.888096e+00	6.382336e-01
2.153764069489700e-04	1.890812e+00	6.404322e-01
2.154979879791956e-04	1.893137e+00	6.426853e-01
2.156349724413644e-04	1.895693e+00	6.452345e-01
2.157709792125023e-04	1.898121e+00	6.472690e-01
2.160462615429432e-04	1.903086e+00	6.487750e-01
2.161520098792577e-04	1.905111e+00	6.482075e-01
2.162480972693369e-04	1.906958e+00	6.471451e-01
2.163566031412733e-04	1.909057e+00	6.455652e-01
2.164570150610354e-04	1.910981e+00	6.439013e-01
2.165895051862527e-04	1.913438e+00	6.416717e-01
2.167517280363177e-04	1.916429e+00	6.394494e-01
2.170457166215981e-04	1.921252e+00	6.374145e-01
2.174556727387207e-04	1.926133e+00	6.316751e-01
2.176054842522799e-04	1.927670e+00	6.289248e-01
2.177865430764057e-04	1.929407e+00	6.264551e-01
2.179914197383210e-04	1.930931e+00	6.246013e-01
2.181491903286576e-04	1.931624e+00	6.227337e-01
2.182650288413125e-04	1.931945e+00	6.202572e-01
2.184017960641445e-04	1.932173e+00	6.161459e-01
2.185231836030677e-04	1.932307e+00	6.122082e-01
2.186917850041035e-04	1.932367e+00	6.072584e-01
2.188643911688360e-04	1.932332e+00	6.043372e-01
2.190863451642874e-04	1.931626e+00	6.049757e-01
2.192907656689015e-04	1.930016e+00	6.098889e-01
2.194555024244827e-04	1.928327e+00	6.164229e-01
2.195916597207248e-04	1.927001e+00	6.225236e-01
2.197370618823575e-04	1.925735e+00	6.282174e-01
2.198967929499548e-04	1.924573e+00	6.318927e-01
2.200589065541627e-04	1.923786e+00	6.307113e-01
2.201983761743990e-04	1.923367e+00	6.232988e-01
2.203447576584624e-04	1.924287e+00	6.109146e-01
2.204214146056810e-04	1.925037e+00	6.030136e-01
2.205068488100861e-04	1.925406e+00	5.930029e-01
2.205981568954953e-04	1.925857e+00	5.826324e-01
2.207035562011355e-04	1.925841e+00	5.711962e-01
2.207726012631000e-04	1.925444e+00	5.644478e-01
2.208317818185114e-04	1.925111e+00	5.599171e-01
2.209007134582916e-04	1.924769e+00	5.564940e-01
2.209919516056666e-04	1.923782e+00	5.539338e-01
2.210511754300191e-04	1.922902e+00	5.532097e-01
2.211023280831332e-04	1.922194e+00	5.529965e-01
2.211600800779313e-04	1.921333e+00	5.526498e-01
2.212220119813749e-04	1.920281e+00	5.521166e-01
2.212819870171249e-04	1.919159e+00	5.514828e-01
2.213433731929477e-04	1.917882e+00	5.507095e-01
2.214083013371250e-04	1.916529e+00	5.499177e-01
2.214772674653604e-04	1.914991e+00	5.490344e-01
2.215650536836700e-04	1.912932e+00	5.479336e-01
2.216543554341811e-04	1.910719e+00	5.468944e-01
2.217574067183978e-04	1.908005e+00	5.458740e-01
2.218704994741323e-04	1.904860e+00	5.450834e-01
2.219793448676743e-04	1.901665e+00	5.445913e-01
2.221278633130044e-04	1.896990e+00	5.434709e-01
2.222994489888783e-04	1.891279e+00	5.408436e-01
2.224937658732883e-04	1.884769e+00	5.369325e-01
2.226732670841552e-04	1.878723e+00	5.335276e-01
2.228911393930968e-04	1.871144e+00	5.310367e-01
2.230662186063147e-04	1.864833e+00	5.327148e-01
2.231778584581995e-04	1.860808e+00	5.385536e-01
2.232970553813643e-04	1.856218e+00	5.492510e-01
2.233587975911910e-04	1.853708e+00	5.559915e-01
2.233938654567053e-04	1.852367e+00	5.603082e-01
2.234222450224926e-04	1.851318e+00	5.639682e-01
2.234508888465791e-04	1.850313e+00	5.677836e-01
2.235000143020317e-04	1.848686e+00	5.744526e-01
2.235754266939314e-04	1.846380e+00	5.844481e-01
2.237262514777307e-04	1.841324e+00	6.015812e-01
2.238457942651935e-04	1.837369e+00	6.112753e-01
2.239635086868813e-04	1.834157e+00	6.155658e-01
2.240872914288787e-04	1.831714e+00	6.137220e-01
2.242607104389200e-04	1.831633e+00	6.060792e-01
2.243568337051473e-04	1.831801e+00	5.990218e-01
2.244378895714848e-04	1.831969e+00	5.915671e-01
2.245227053130688e-04	1.832304e+00	5.834232e-01
2.246078399723362e-04	1.832764e+00	5.754720e-01
2.246940207142373e-04	1.833268e+00	5.681753e-01
2.247921149347785e-04	1.833465e+00	5.608099e-01
2.248548594791252e-04	1.833358e+00	5.569363e-01
2.249062552751134e-04	1.833322e+00	5.548335e-01
2.249693958859810e-04	1.833368e+00	5.538217e-01
2.250547382955942e-04	1.833074e+00	5.543669e-01
2.251109746116098e-04	1.832645e+00	5.560227e-01
2.251484670841518e-04	1.832394e+00	5.580335e-01
2.251843894295887e-04	1.832206e+00	5.606059e-01
2.252286075651333e-04	1.831934e+00	5.643202e-01
2.252708862978388e-04	1.831655e+00	5.683836e-01
2.253248485815420e-04	1.831185e+00	5.740235e-01
2.253548716191627e-04	1.830883e+00	5.773465e-01
2.253759214969645e-04	1.830692e+00	5.798099e-01
2.253957038258056e-04	1.830525e+00	5.822003e-01
2.254155417222235e-04	1.830365e+00	5.846536e-01
2.254499950602472e-04	1.830112e+00	5.890196e-01
2.254990961530930e-04	1.829785e+00	5.953245e-01
2.255903848905930e-04	1.829191e+00	6.067234e-01
2.257110107619740e-04	1.828248e+00	6.200083e-01
2.258304841551501e-04	1.827386e+00	6.298088e-01
2.259563430200164e-04	1.826846e+00	6.347816e-01
2.260809235888132e-04	1.827035e+00	6.335895e-01
2.261932944913163e-04	1.827879e+00	6.274734e-01
2.262876634963762e-04	1.829361e+00	6.195914e-01
2.263748741138346e-04	1.831152e+00	6.107097e-01
2.264550407118542e-04	1.832835e+00	6.016040e-01
2.265358079204661e-04	1.834444e+00	5.920686e-01
2.266335299110994e-04	1.836371e+00	5.811003e-01
2.267456424129473e-04	1.838209e+00	5.699060e-01
2.268407440586966e-04	1.839076e+00	5.618820e-01
2.268992762424883e-04	1.839455e+00	5.584223e-01
2.269643613294004e-04	1.839908e+00	5.564827e-01
2.270334568659950e-04	1.840242e+00	5.557627e-01
2.271036894941537e-04	1.840384e+00	5.554667e-01
2.271385493323421e-04	1.840411e+00	5.553118e-01
2.271617851165168e-04	1.840437e+00	5.552155e-01
2.271892354687399e-04	1.840476e+00	5.551105e-01
2.272200546568528e-04	1.840513e+00	5.549876e-01
2.272576165375257e-04	1.840524e+00	5.548121e-01
2.272997897196103e-04	1.840513e+00	5.546041e-01
2.273521068196895e-04	1.840448e+00	5.543231e-01
2.274148888253814e-04	1.840301e+00	5.539713e-01
2.274985681634608e-04	1.839909e+00	5.534278e-01
2.276103768390757e-04	1.838745e+00	5.523530e-01
2.277823605073048e-04	1.836082e+00	5.504890e-01
2.279360206336621e-04	1.833803e+00	5.499822e-01
2.281116707163692e-04	1.831405e+00	5.520121e-01
2.282707037729841e-04	1.829276e+00	5.567589e-01
2.283609600781997e-04	1.827763e+00	5.604229e-01
2.284128676079187e-04	1.826822e+00	5.628138e-01
2.284551501220417e-04	1.826058e+00	5.648665e-01
2.284948468218787e-04	1.825361e+00	5.668440e-01
2.285673996477059e-04	1.824106e+00	5.703693e-01
2.287125052993602e-04	1.821555e+00	5.765928e-01
2.288459171517397e-04	1.819257e+00	5.807967e-01
2.289687976076422e-04	1.817416e+00	5.833356e-01
2.291029586883812e-04	1.816010e+00	5.870604e-01
2.291968665056819e-04	1.815440e+00	5.925851e-01
2.293159562219550e-04	1.814893e+00	6.032440e-01
2.294349270425465e-04	1.814594e+00	6.159693e-01
2.295940583355257e-04	1.814543e+00	6.333428e-01
2.297656041144951e-04	1.814443e+00	6.482858e-01
2.299257871193532e-04	1.814269e+00	6.551371e-01
2.300630255397778e-04	1.816662e+00	6.555340e-01
2.302036500812642e-04	1.820929e+00	6.502761e-01
2.303171559432781e-04	1.825306e+00	6.428668e-01
2.304177844959783e-04	1.829186e+00	6.342079e-01
2.305187569928129e-04	1.832972e+00	6.246868e-01
2.306375986736780e-04	1.837352e+00	6.141202e-01
2.307930099596977e-04	1.842319e+00	6.024921e-01
2.309136633843556e-04	1.845402e+00	5.966661e-01
2.310352757186887e-04	1.847738e+00	5.938635e-01
2.311338303276940e-04	1.849183e+00	5.920272e-01
2.312416868078265e-04	1.850582e+00	5.891303e-01
2.313680110536067e-04	1.851816e+00	5.844580e-01
2.314502058639068e-04	1.852476e+00	5.810031e-01
2.315033592398130e-04	1.852869e+00	5.785421e-01
2.315565126157192e-04	1.853219e+00	5.762362e-01
2.316096659916254e-04	1.853528e+00	5.740854e-01
2.316628193675316e-04	1.853794e+00	5.720895e-01
2.317159727434378e-04	1.854018e+00	5.702487e-01
2.317691261193440e-04	1.854199e+00	5.685629e-01
2.318222794952502e-04	1.854339e+00	5.670321e-01
2.319000209159496e-04	1.854811e+00	5.660380e-01
2.319953003257955e-04	1.855308e+00	5.666710e-01
2.321389884618450e-04	1.855618e+00	5.725917e-01
2.323189353237905e-04	1.853151e+00	5.841603e-01
2.323950223114089e-04	1.851900e+00	5.909032e-01
2.324466783145908e-04	1.851379e+00	5.965194e-01
2.324939572202618e-04	1.850926e+00	6.018482e-01
2.325518472294427e-04	1.850367e+00	6.082851e-01
2.326676272478044e-04	1.849324e+00	6.203491e-01
2.327726932523856e-04	1.848531e+00	6.294136e-01
2.328988140954326e-04	1.847881e+00	6.363603e-01
2.330199168892636e-04	1.847610e+00	6.373255e-01
2.331439603332197e-04	1.848224e+00	6.318173e-01
2.332389998711518e-04	1.849252e+00	6.231479e-01
2.333230284613194e-04	1.850629e+00	6.128552e-01
2.334002129031702e-04	1.852035e+00	6.019179e-01
2.334790287930292e-04	1.853438e+00	5.899014e-01
2.335627934120515e-04	1.854935e+00	5.771014e-01
2.336560358239844e-04	1.856298e+00	5.633725e-01
2.337329329100683e-04	1.856936e+00	5.527838e-01
2.337846948218207e-04	1.857236e+00	5.466850e-01
2.338529420383068e-04	1.857562e+00	5.403372e-01
2.339152472056114e-04	1.857960e+00	5.367532e-01
2.340045005760131e-04	1.857817e+00	5.339137e-01
2.340272779810252e-04	1.857644e+00	5.337169e-01
2.340698795512028e-04	1.857620e+00	5.350232e-01
2.341040551454044e-04	1.857575e+00	5.367571e-01
2.341424545912453e-04	1.857472e+00	5.393301e-01
2.341869867672047e-04	1.857330e+00	5.431374e-01
2.342397962206169e-04	1.857128e+00	5.486564e-01
2.343068526995316e-04	1.856745e+00	5.568641e-01
2.343937953670020e-04	1.855548e+00	5.682106e-01
2.344498568054361e-04	1.854532e+00	5.758900e-01
2.344952149420977e-04	1.853805e+00	5.824567e-01
2.345182815337031e-04	1.853461e+00	5.858586e-01
2.345335208965152e-04	1.853241e+00	5.881158e-01
2.345505972759874e-04	1.853003e+00	5.906439e-01
2.345663323089743e-04	1.852774e+00	5.929459e-01
2.345972994774757e-04	1.852322e+00	5.973901e-01
2.346477582590948e-04	1.851539e+00	6.042535e-01
2.347251693751455e-04	1.850331e+00	6.137549e-01
2.348093541489731e-04	1.849096e+00	6.221893e-01
2.349039204246263e-04	1.848061e+00	6.285382e-01
2.350065448877495e-04	1.846891e+00	6.299006e-01
2.351332785582003e-04	1.845706e+00	6.237442e-01
2.352656957583403e-04	1.846404e+00	6.118947e-01
2.353515244482014e-04	1.847718e+00	6.017818e-01
2.354209789363737e-04	1.848534e+00	5.918621e-01
2.354920216143412e-04	1.849289e+00	5.810582e-01
2.355662923862565e-04	1.850136e+00	5.698584e-01
2.356535195498236e-04	1.850916e+00	5.571306e-01
2.357137444532061e-04	1.851161e+00	5.488195e-01
2.357588850007514e-04	1.851319e+00	5.433592e-01
2.358201920329194e-04	1.851501e+00	5.371883e-01
2.358833010943390e-04	1.851661e+00	5.326890e-01
2.359759421810211e-04	1.851154e+00	5.281928e-01
2.360170469749535e-04	1.850820e+00	5.276297e-01
2.360790618577830e-04	1.850550e+00	5.288279e-01
2.361197425364543e-04	1.850291e+00	5.302106e-01
2.361666390654651e-04	1.849903e+00	5.323357e-01
2.362232946742722e-04	1.849391e+00	5.356506e-01
2.362954233805253e-04	1.848603e+00	5.407657e-01
2.363915202736454e-04	1.847171e+00	5.484641e-01
2.365288768325786e-04	1.844339e+00	5.598297e-01
2.366044908660386e-04	1.842933e+00	5.663901e-01
2.366468380087223e-04	1.842186e+00	5.700191e-01
2.366729668684223e-04	1.841700e+00	5.721402e-01
2.366992804636546e-04	1.841183e+00	5.741434e-01
2.367376003226695e-04	1.840405e+00	5.767807e-01
2.368142400406993e-04	1.838873e+00	5.812800e-01
2.368873004409390e-04	1.837437e+00	5.843251e-01
2.369818044822799e-04	1.835650e+00	5.863521e-01
2.370685602846711e-04	1.834226e+00	5.874594e-01
2.371694648986821e-04	1.832849e+00	5.894190e-01
2.372874117031867e-04	1.831732e+00	5.933346e-01
2.374128889932032e-04	1.830867e+00	5.985726e-01
2.375802979536869e-04	1.829714e+00	6.055925e-01
2.377332739660640e-04	1.828802e+00	6.109291e-01
2.378936432463573e-04	1.828368e+00	6.144893e-01
2.380936920297450e-04	1.829291e+00	6.183256e-01
2.381996054381701e-04	1.830498e+00	6.222130e-01
2.383165331709503e-04	1.831808e+00	6.285842e-01
2.384398947162642e-04	1.833534e+00	6.367607e-01
2.386066127056120e-04	1.836073e+00	6.478482e-01
2.387671252946133e-04	1.838728e+00	6.561607e-01
2.389533277622048e-04	1.842708e+00	6.600095e-01
2.391216844142711e-04	1.846832e+00	6.529064e-01
2.393046738771523e-04	1.853458e+00	6.336791e-01
2.394183882365269e-04	1.858455e+00	6.170436e-01
2.395061183644421e-04	1.861674e+00	6.019663e-01
2.396153347044665e-04	1.865057e+00	5.831678e-01
2.397192797076104e-04	1.867504e+00	5.664842e-01
2.397910918468057e-04	1.868686e+00	5.565066e-01
2.398529045894134e-04	1.869555e+00	5.499290e-01
2.399239826435069e-04	1.870449e+00	5.456237e-01
2.400509359357819e-04	1.871354e+00	5.427020e-01
2.400826163731926e-04	1.871467e+00	5.427137e-01
2.400999594153306e-04	1.871540e+00	5.430065e-01
2.401310342303071e-04	1.871652e+00	5.436816e-01
2.401605387266260e-04	1.871726e+00	5.444458e-01
2.401997255765542e-04	1.871786e+00	5.456513e-01
2.402382487202647e-04	1.871801e+00	5.470246e-01
2.402917202724105e-04	1.871764e+00	5.492040e-01
2.403498951310836e-04	1.871928e+00	5.521362e-01
2.404340773182211e-04	1.872645e+00	5.573327e-01
2.405366948041063e-04	1.873459e+00	5.639588e-01
2.407046829005181e-04	1.871611e+00	5.714661e-01
2.408389933838118e-04	1.867335e+00	5.737687e-01
2.409241656101946e-04	1.865413e+00	5.750989e-01
2.409822372863820e-04	1.864547e+00	5.757993e-01
2.410234386574471e-04	1.863913e+00	5.758779e-01
2.410623702229332e-04	1.863258e+00	5.755781e-01
2.411002726282764e-04	1.862634e+00	5.750423e-01
2.411359965016379e-04	1.862005e+00	5.742709e-01
2.411782250492625e-04	1.861205e+00	5.730394e-01
2.412317872235012e-04	1.860179e+00	5.711242e-01
2.413001380600954e-04	1.859061e+00	5.684707e-01
2.414022748860202e-04	1.857401e+00	5.638291e-01
2.414576005850465e-04	1.856458e+00	5.610561e-01
2.415174947872023e-04	1.855442e+00	5.580076e-01
2.415746814509950e-04	1.854457e+00	5.551131e-01
2.416305218745587e-04	1.853477e+00	5.523781e-01
2.416890356152210e-04	1.852423e+00	5.496932e-01
2.417517907443180e-04	1.851272e+00	5.471321e-01
2.418214137347120e-04	1.849963e+00	5.447997e-01
2.418994230969976e-04	1.848456e+00	5.429829e-01
2.420435778477817e-04	1.845475e+00	5.421683e-01
2.421178303930914e-04	1.843902e+00	5.434421e-01
2.421973162024727e-04	1.842268e+00	5.460482e-01
2.423562878212351e-04	1.838560e+00	5.527958e-01
2.424350315917174e-04	1.836528e+00	5.565531e-01
2.424988563194521e-04	1.834973e+00	5.599642e-01
2.425405964394152e-04	1.833975e+00	5.622354e-01
2.425794760366028e-04	1.833058e+00	5.643314e-01
2.426239506536744e-04	1.832027e+00	5.666327e-01
2.427128998878177e-04	1.829968e+00	5.707490e-01
2.428199502949850e-04	1.827513e+00	5.746109e-01
2.429353678304852e-04	1.825000e+00	5.771346e-01
2.430498967486807e-04	1.822885e+00	5.792055e-01
2.431621945841900e-04	1.821299e+00	5.833231e-01
2.432885151478074e-04	1.819805e+00	5.911094e-01
2.434029171465916e-04	1.818959e+00	6.004175e-01
2.435857743910815e-04	1.817923e+00	6.160401e-01
2.437582086589547e-04	1.816601e+00	6.278034e-01
2.439074187638355e-04	1.816073e+00	6.332071e-01
2.440827121987358e-04	1.816552e+00	6.323140e-01
2.442039689821376e-04	1.818862e+00	6.280788e-01
2.443013789177054e-04	1.821155e+00	6.217192e-01
2.443976409373843e-04	1.823476e+00	6.137108e-01
2.444868280251422e-04	1.825665e+00	6.055882e-01
2.445836987172238e-04	1.827963e+00	5.967313e-01
2.447027375153764e-04	1.830604e+00	5.868608e-01
2.448193843908220e-04	1.832771e+00	5.792097e-01
2.449358499869107e-04	1.834131e+00	5.740405e-01
2.450096329071099e-04	1.834762e+00	5.730280e-01
2.450860179017777e-04	1.835469e+00	5.748026e-01
2.451660769808760e-04	1.835999e+00	5.789167e-01
2.452269125697721e-04	1.836251e+00	5.833734e-01
2.452745315101981e-04	1.836450e+00	5.877104e-01
2.453195415011197e-04	1.836604e+00	5.922975e-01
2.453529453223384e-04	1.836676e+00	5.959128e-01
2.453751423406758e-04	1.836728e+00	5.984304e-01
2.453932106037000e-04	1.836790e+00	6.005589e-01
2.454138295543127e-04	1.836869e+00	6.030443e-01
2.454359955551544e-04	1.836967e+00	6.057715e-01
2.454635538129739e-04	1.837112e+00	6.092323e-01
2.455044562591904e-04	1.837378e+00	6.144520e-01
2.455622840881593e-04	1.837856e+00	6.218242e-01
2.456561511499407e-04	1.838405e+00	6.328428e-01
2.457620371264774e-04	1.838506e+00	6.429420e-01
2.458653111125084e-04	1.838503e+00	6.495320e-01
2.459816048179700e-04	1.838592e+00	6.516780e-01
2.460964567136162e-04	1.840181e+00	6.485961e-01
2.461864832912097e-04	1.842031e+00	6.412323e-01
2.462801258545974e-04	1.844315e+00	6.293868e-01
2.463610017974477e-04	1.846583e+00	6.169620e-01
2.464442134979761e-04	1.848850e+00	6.026065e-01
2.465281963063343e-04	1.851138e+00	5.876924e-01
2.466249906303555e-04	1.853540e+00	5.709897e-01
2.467202649792567e-04	1.855191e+00	5.555484e-01
2.467840767469490e-04	1.855886e+00	5.464450e-01
2.468399519219948e-04	1.856423e+00	5.401311e-01
2.469039852070793e-04	1.856977e+00	5.354644e-01
2.470095924704093e-04	1.857395e+00	5.314279e-01
2.470412168712911e-04	1.857430e+00	5.310027e-01
2.470594098809643e-04	1.857464e+00	5.310301e-01
2.470907829893663e-04	1.857501e+00	5.311115e-01
2.471202132872260e-04	1.857508e+00	5.312087e-01
2.471550240560031e-04	1.857579e+00	5.314519e-01
2.471913113155075e-04	1.857613e+00	5.317352e-01
2.472388386747705e-04	1.857593e+00	5.321475e-01
2.472924317123845e-04	1.857555e+00	5.327299e-01
2.473647063465331e-04	1.857439e+00	5.336598e-01
2.474537761770756e-04	1.857010e+00	5.348216e-01
2.475873950563070e-04	1.855108e+00	5.358192e-01
2.477853621964483e-04	1.848882e+00	5.344892e-01
2.479130103109896e-04	1.846245e+00	5.351958e-01
2.480160081629478e-04	1.844218e+00	5.367788e-01
2.481428463184876e-04	1.841385e+00	5.414244e-01
2.482462957298233e-04	1.838953e+00	5.483348e-01
2.483438059989039e-04	1.836256e+00	5.567282e-01
2.483870091422009e-04	1.835005e+00	5.609073e-01
2.484148994682139e-04	1.834234e+00	5.638067e-01
2.484418440915007e-04	1.833508e+00	5.666920e-01
2.484750979036902e-04	1.832647e+00	5.703273e-01
2.485343124647379e-04	1.831191e+00	5.768206e-01
2.486304553795725e-04	1.828810e+00	5.867794e-01
2.487394738634586e-04	1.826047e+00	5.963853e-01
2.488553515684566e-04	1.823223e+00	6.034738e-01
2.489819447441068e-04	1.820697e+00	6.067288e-01
2.491081931769465e-04	1.819514e+00	6.056562e-01
2.492738560966457e-04	1.818808e+00	5.993493e-01
2.493735455311970e-04	1.819019e+00	5.940745e-01
2.494589606410734e-04	1.819237e+00	5.885512e-01
2.495455761864724e-04	1.819536e+00	5.827317e-01
2.496318925415314e-04	1.819911e+00	5.771875e-01
2.497301269164490e-04	1.820331e+00	5.715968e-01
2.498282604767358e-04	1.820586e+00	5.670638e-01
2.499122040138276e-04	1.820571e+00	5.642954e-01
2.499773807396336e-04	1.820517e+00	5.632025e-01
2.500491548846979e-04	1.820436e+00	5.626672e-01
2.501239078847849e-04	1.820197e+00	5.618338e-01
2.502497565964043e-04	1.819617e+00	5.592704e-01
2.504547971197632e-04	1.818375e+00	5.531974e-01
2.506267201492864e-04	1.816905e+00	5.477497e-01
2.507778580622111e-04	1.815394e+00	5.438101e-01
2.508870287441953e-04	1.814213e+00	5.420060e-01
2.510151493517168e-04	1.812708e+00	5.426548e-01
2.511595765271240e-04	1.810882e+00	5.489539e-01
2.513045183861263e-04	1.808333e+00	5.603926e-01
2.513675634543202e-04	1.807090e+00	5.668935e-01
2.514106699699326e-04	1.806341e+00	5.719997e-01
2.514499944019370e-04	1.805701e+00	5.768806e-01
2.514958625943444e-04	1.805053e+00	5.827327e-01
2.515875989791594e-04	1.803794e+00	5.941276e-01
2.517048966791894e-04	1.802034e+00	6.069486e-01
2.518272053832932e-04	1.800773e+00	6.173284e-01
2.519579812852596e-04	1.799619e+00	6.225964e-01
2.520903022671077e-04	1.798663e+00	6.207365e-01
2.522458764064501e-04	1.799443e+00	6.130722e-01
2.523576650381573e-04	1.801227e+00	6.053609e-01
2.524439961303372e-04	1.802867e+00	5.981822e-01
2.525324290704023e-04	1.804472e+00	5.902596e-01
2.526147271749607e-04	1.805967e+00	5.831167e-01
2.527240723472451e-04	1.807775e+00	5.745853e-01
2.528285080354935e-04	1.809121e+00	5.679006e-01
2.529124301186440e-04	1.809811e+00	5.640361e-01
2.529740119044290e-04	1.810289e+00	5.627338e-01
2.530518507748244e-04	1.810848e+00	5.627606e-01
2.531247397751496e-04	1.811168e+00	5.636784e-01
2.531865099650230e-04	1.811366e+00	5.650399e-01
2.532284455641759e-04	1.811438e+00	5.662115e-01
2.532599527795879e-04	1.811501e+00	5.672617e-01
2.532918403022112e-04	1.811586e+00	5.684658e-01
2.533290531503443e-04	1.811672e+00	5.699781e-01
2.533701155904915e-04	1.811757e+00	5.717613e-01
2.534224817421112e-04	1.811838e+00	5.741526e-01
2.534846688566250e-04	1.811881e+00	5.770671e-01
2.535682531546428e-04	1.811713e+00	5.808278e-01
2.536229128604045e-04	1.811514e+00	5.831674e-01
2.536577599693044e-04	1.811425e+00	5.846424e-01
2.536939408947336e-04	1.811344e+00	5.861025e-01
2.537411357591577e-04	1.811203e+00	5.877748e-01
2.538355254880059e-04	1.810868e+00	5.904278e-01
2.539239246627960e-04	1.810550e+00	5.919229e-01
2.540245563591702e-04	1.810240e+00	5.918767e-01
2.541182165860764e-04	1.810031e+00	5.895948e-01
2.542126033094905e-04	1.810001e+00	5.851060e-01
2.542909767052886e-04	1.810181e+00	5.801343e-01
2.543495728360576e-04	1.810287e+00	5.756684e-01
2.544103465316887e-04	1.810322e+00	5.705108e-01
2.544770388710049e-04	1.810365e+00	5.646112e-01
2.545561830058815e-04	1.810417e+00	5.575995e-01
2.546370521553303e-04	1.810372e+00	5.506027e-01
2.546882637233996e-04	1.810274e+00	5.464488e-01
2.547471790572617e-04	1.810125e+00	5.421891e-01
2.548090984201946e-04	1.809946e+00	5.385132e-01
2.548955156066744e-04	1.809418e+00	5.343401e-01
2.549542916472747e-04	1.808990e+00	5.327410e-01
2.550514031134611e-04	1.808311e+00	5.337378e-01
2.551169472682626e-04	1.807803e+00	5.372200e-01
2.552053350381492e-04	1.807092e+00	5.452640e-01
2.553201450358922e-04	1.805498e+00	5.587195e-01
2.553954828700958e-04	1.804111e+00	5.688581e-01
2.554335695532408e-04	1.803483e+00	5.745255e-01
2.554613027259142e-04	1.803077e+00	5.788343e-01
2.554889365454294e-04	1.802704e+00	5.832019e-01
2.555339460823621e-04	1.802174e+00	5.903398e-01
2.556201323406874e-04	1.801139e+00	6.034026e-01
2.557197040789192e-04	1.799950e+00	6.166536e-01
2.558391171381985e-04	1.798973e+00	6.288842e-01
2.559511453685186e-04	1.798126e+00	6.347379e-01
2.560836250302494e-04	1.798064e+00	6.367082e-01
2.562255843471498e-04	1.798974e+00	6.374505e-01
2.563523906529759e-04	1.801469e+00	6.394282e-01
2.564895274764407e-04	1.805073e+00	6.419988e-01
2.566812258759583e-04	1.811075e+00	6.453423e-01
2.569217320019715e-04	1.819328e+00	6.481129e-01
2.570580071612809e-04	1.824035e+00	6.477436e-01
2.571658379190625e-04	1.827797e+00	6.453494e-01
2.572652490253030e-04	1.831253e+00	6.413574e-01
2.573956619364584e-04	1.835751e+00	6.346238e-01
2.575380203193572e-04	1.840583e+00	6.267467e-01
2.576934772195314e-04	1.845515e+00	6.188115e-01
2.578487642213160e-04	1.849866e+00	6.130912e-01
2.580027587296993e-04	1.853389e+00	6.101117e-01
2.581378081662990e-04	1.855854e+00	6.086545e-01
2.582825823575056e-04	1.858010e+00	6.066895e-01
2.584193126212652e-04	1.859697e+00	6.041505e-01
2.585350322703612e-04	1.861000e+00	6.019206e-01
2.586990479767464e-04	1.862612e+00	5.991235e-01
2.588750341107472e-04	1.863989e+00	5.971773e-01
2.590483751527411e-04	1.864937e+00	5.974352e-01
2.591603635655736e-04	1.865424e+00	6.001058e-01
2.592430732440065e-04	1.865580e+00	6.037549e-01
2.593064381016246e-04	1.865619e+00	6.073620e-01
2.593646599311687e-04	1.865704e+00	6.112263e-01
2.594293526999397e-04	1.865894e+00	6.159672e-01
2.595285718310661e-04	1.866170e+00	6.233604e-01
2.596789162828051e-04	1.866162e+00	6.333012e-01
2.598119896373609e-04	1.866159e+00	6.398435e-01
2.599554704186708e-04	1.866544e+00	6.428077e-01
2.600898450719849e-04	1.867897e+00	6.407075e-01
2.601812481058957e-04	1.869716e+00	6.356721e-01
2.602497825368381e-04	1.870953e+00	6.290264e-01
2.603241078607399e-04	1.872186e+00	6.198522e-01
2.604037613059294e-04	1.873643e+00	6.088950e-01
2.604882421745018e-04	1.875242e+00	5.966501e-01
2.605854134724465e-04	1.877038e+00	5.826997e-01
2.606867365325334e-04	1.878493e+00	5.689321e-01
2.607656374844474e-04	1.879105e+00	5.592032e-01
2.608196283400270e-04	1.879408e+00	5.537849e-01
2.608880635716130e-04	1.879726e+00	5.489101e-01
2.609686510786528e-04	1.879950e+00	5.456275e-01
2.610208414154240e-04	1.879913e+00	5.450065e-01
2.610455581081172e-04	1.879831e+00	5.453403e-01
2.610678973058751e-04	1.879816e+00	5.461561e-01
2.610976026997854e-04	1.879793e+00	5.477187e-01
2.611295581856653e-04	1.879733e+00	5.498968e-01
2.611661275627531e-04	1.879648e+00	5.530273e-01
2.612077736113435e-04	1.879540e+00	5.573527e-01
2.612591219570934e-04	1.879384e+00	5.636431e-01
2.613215841244367e-04	1.879112e+00	5.724017e-01
2.614034943572233e-04	1.878001e+00	5.843904e-01
2.614517026008183e-04	1.877102e+00	5.916716e-01
2.614784531464235e-04	1.876706e+00	5.959532e-01
2.614942888896963e-04	1.876501e+00	5.985442e-01
2.615108970286433e-04	1.876298e+00	6.012794e-01
2.615264078653091e-04	1.876110e+00	6.038333e-01
2.615560105857817e-04	1.875760e+00	6.086724e-01
2.616066805294993e-04	1.875100e+00	6.166424e-01
2.616878208828533e-04	1.873912e+00	6.283182e-01
2.617758257530274e-04	1.872815e+00	6.391877e-01
2.618687284027246e-04	1.871907e+00	6.474660e-01
2.619716589453042e-04	1.870933e+00	6.508386e-01
2.621040337952794e-04	1.870823e+00	6.475925e-01
2.622033497524656e-04	1.871739e+00	6.400876e-01
2.622896457424298e-04	1.872591e+00	6.295615e-01
2.623753515823613e-04	1.874040e+00	6.173049e-01
2.624556519474053e-04	1.875675e+00	6.048669e-01
2.625358929463471e-04	1.877247e+00	5.920157e-01
2.626279889118355e-04	1.878970e+00	5.778172e-01
2.627245411445639e-04	1.880252e+00	5.640518e-01
2.627991507703458e-04	1.880658e+00	5.546209e-01
2.628506054517830e-04	1.880856e+00	5.495526e-01
2.629152662125292e-04	1.881201e+00	5.454833e-01
2.629915781090301e-04	1.881383e+00	5.431624e-01
2.630427763970220e-04	1.881115e+00	5.428782e-01
2.630683172880249e-04	1.880993e+00	5.433538e-01
2.630907441543820e-04	1.880956e+00	5.441755e-01
2.631209292283040e-04	1.880897e+00	5.456239e-01
2.631524494434451e-04	1.880781e+00	5.474456e-01
2.631847782106566e-04	1.880650e+00	5.496944e-01
2.632233141245067e-04	1.880488e+00	5.528383e-01
2.632685592958939e-04	1.880261e+00	5.570562e-01
2.633249799037642e-04	1.879875e+00	5.629201e-01
2.633943753435258e-04	1.879220e+00	5.707560e-01
2.634873628592940e-04	1.877716e+00	5.813705e-01
2.635301087817376e-04	1.876943e+00	5.863201e-01
2.635564444082827e-04	1.876556e+00	5.894784e-01
2.635758800805266e-04	1.876273e+00	5.917943e-01
2.635954040094873e-04	1.875983e+00	5.940800e-01
2.636324487634887e-04	1.875378e+00	5.982065e-01
2.637065382714916e-04	1.874085e+00	6.056831e-01
2.638004376361164e-04	1.872589e+00	6.136972e-01
2.638889045917777e-04	1.871317e+00	6.188880e-01
2.639899268549481e-04	1.870113e+00	6.211253e-01
2.640982416426633e-04	1.868674e+00	6.182870e-01
2.642477914028254e-04	1.868278e+00	6.098165e-01
2.643327658576130e-04	1.868872e+00	6.034037e-01
2.644043560205091e-04	1.869095e+00	5.964329e-01
2.644768878828241e-04	1.869314e+00	5.888444e-01
2.645476721431647e-04	1.869567e+00	5.814052e-01
2.646422836333965e-04	1.869904e+00	5.719538e-01
2.647361293471881e-04	1.869928e+00	5.633135e-01
2.648030502620392e-04	1.869673e+00	5.579369e-01
2.648575159989053e-04	1.869468e+00	5.546017e-01
2.649218040399221e-04	1.869359e+00	5.523978e-01
2.650232124653586e-04	1.868629e+00	5.511364e-01
2.650785312163974e-04	1.867923e+00	5.516614e-01
2.651158445332498e-04	1.867521e+00	5.529884e-01
2.651552228054076e-04	1.867132e+00	5.550665e-01
2.652012767767918e-04	1.866629e+00	5.580724e-01
2.652458074911449e-04	1.866114e+00	5.615345e-01
2.653029502448546e-04	1.865417e+00	5.666633e-01
2.653718439925897e-04	1.864376e+00	5.732992e-01
2.653985746018964e-04	1.863947e+00	5.760248e-01
2.654208912656278e-04	1.863620e+00	5.784225e-01
2.654429074950344e-04	1.863294e+00	5.808249e-01
2.654643258688539e-04	1.862984e+00	5.831983e-01
2.655014497680915e-04	1.862455e+00	5.873447e-01
2.655624435595745e-04	1.861598e+00	5.940198e-01
2.656844311425405e-04	1.859742e+00	6.060653e-01
2.658121187266445e-04	1.857852e+00	6.159648e-01
2.659331610232378e-04	1.856522e+00	6.214973e-01
2.660566758107755e-04	1.855447e+00	6.230489e-01
2.661984098132844e-04	1.855336e+00	6.233822e-01
2.663180362159325e-04	1.855982e+00	6.237176e-01
2.664565742433770e-04	1.857017e+00	6.239009e-01
2.666130620863302e-04	1.858357e+00	6.238103e-01
2.668337867755863e-04	1.861148e+00	6.240760e-01
2.669872546390902e-04	1.863304e+00	6.237818e-01
2.670763499984291e-04	1.864446e+00	6.220480e-01
2.671398302432868e-04	1.865263e+00	6.190111e-01
2.671980049207422e-04	1.865896e+00	6.144178e-01
2.672937510720214e-04	1.866975e+00	6.047411e-01
2.673827876142450e-04	1.868167e+00	5.944540e-01
2.674717360340026e-04	1.869297e+00	5.832243e-01
2.675661948335052e-04	1.870310e+00	5.710202e-01
2.676432328720392e-04	1.870886e+00	5.612775e-01
2.676963595789881e-04	1.871140e+00	5.550535e-01
2.677678606839597e-04	1.871491e+00	5.478797e-01
2.678420182924763e-04	1.871757e+00	5.419260e-01
2.679101621881927e-04	1.871512e+00	5.374609e-01
2.679314603700829e-04	1.871398e+00	5.364539e-01
2.679530662645865e-04	1.871354e+00	5.358617e-01
2.679809558062340e-04	1.871315e+00	5.355328e-01
2.680233376905075e-04	1.871199e+00	5.358043e-01
2.680666111129466e-04	1.871032e+00	5.371410e-01
2.681237281806830e-04	1.870751e+00	5.405161e-01
2.681876072995427e-04	1.870333e+00	5.461833e-01
2.682805982428762e-04	1.869548e+00	5.572581e-01
2.683999409239121e-04	1.867170e+00	5.730242e-01
2.684518077714218e-04	1.866013e+00	5.805328e-01
2.684837507599063e-04	1.865444e+00	5.855311e-01
2.685050949761491e-04	1.865073e+00	5.889132e-01
2.685255003150535e-04	1.864710e+00	5.921392e-01
2.685566441637167e-04	1.864160e+00	5.970108e-01
2.686189318610430e-04	1.863070e+00	6.063839e-01
2.687079162144402e-04	1.861507e+00	6.185101e-01
2.688029970085923e-04	1.859825e+00	6.288982e-01
2.689057041368124e-04	1.858656e+00	6.363699e-01
2.690170320225611e-04	1.857657e+00	6.396352e-01
2.691609764622576e-04	1.857655e+00	6.416621e-01
2.692756305788545e-04	1.858718e+00	6.440313e-01
2.694146771724935e-04	1.859900e+00	6.468896e-01
2.695593143292658e-04	1.862409e+00	6.505498e-01
2.697966562890189e-04	1.868037e+00	6.557540e-01
2.700035998048160e-04	1.873779e+00	6.574092e-01
2.701601040399542e-04	1.878268e+00	6.545252e-01
2.703056042732052e-04	1.882653e+00	6.482512e-01
2.704403054673856e-04	1.886772e+00	6.405287e-01
2.705962558392400e-04	1.891354e+00	6.311019e-01
2.707424245398485e-04	1.895267e+00	6.234094e-01
2.708862397220217e-04	1.898520e+00	6.183479e-01
2.710325101535602e-04	1.900935e+00	6.146685e-01
2.711494061415261e-04	1.902219e+00	6.096109e-01
2.712791582486632e-04	1.903324e+00	5.998519e-01
2.714014662984467e-04	1.904169e+00	5.877851e-01
2.715127243349422e-04	1.904855e+00	5.756695e-01
2.715878091879779e-04	1.905175e+00	5.674101e-01
2.716576501729952e-04	1.905304e+00	5.600957e-01
2.717340536702782e-04	1.905487e+00	5.528565e-01
2.717566033248055e-04	1.905443e+00	5.508550e-01
2.717852431393987e-04	1.905402e+00	5.486187e-01
2.718198434789522e-04	1.905401e+00	5.463514e-01
2.718821627657951e-04	1.905284e+00	5.431271e-01
2.719417850417580e-04	1.905128e+00	5.414725e-01
2.720333359587613e-04	1.904626e+00	5.420862e-01
2.721363497259241e-04	1.903931e+00	5.482764e-01
2.723279982989702e-04	1.899462e+00	5.662367e-01
2.724056968606598e-04	1.897256e+00	5.755973e-01
2.724545281530196e-04	1.896265e+00	5.827791e-01
2.724850317405893e-04	1.895610e+00	5.873647e-01
2.725125070893299e-04	1.894994e+00	5.914996e-01
2.725460407841973e-04	1.894245e+00	5.965073e-01
2.726131081739321e-04	1.892764e+00	6.061621e-01
2.727057346893428e-04	1.890656e+00	6.181172e-01
2.728103040877868e-04	1.888228e+00	6.287171e-01
2.729166417692941e-04	1.886016e+00	6.350862e-01
2.730343886553829e-04	1.884751e+00	6.368244e-01
2.731779563790473e-04	1.883897e+00	6.326759e-01
2.733021402963958e-04	1.884254e+00	6.260471e-01
2.734005719452244e-04	1.885052e+00	6.192697e-01
2.734927980958382e-04	1.885870e+00	6.120992e-01
2.735851768741537e-04	1.886765e+00	6.048718e-01
2.736793374814078e-04	1.887729e+00	5.981559e-01
2.737948134213109e-04	1.888815e+00	5.914570e-01
2.739044354024269e-04	1.889592e+00	5.873529e-01
2.740149803228628e-04	1.889817e+00	5.858054e-01
2.741029474555377e-04	1.889734e+00	5.868310e-01
2.741961723648679e-04	1.889678e+00	5.902302e-01
2.743020318863819e-04	1.889033e+00	5.952839e-01
2.743614868747316e-04	1.888553e+00	5.986733e-01
2.744162587906792e-04	1.888273e+00	6.023424e-01
2.744774034665528e-04	1.887981e+00	6.066556e-01
2.745584592920020e-04	1.887555e+00	6.123142e-01
2.746866499293349e-04	1.886704e+00	6.203359e-01
2.748133621034707e-04	1.885879e+00	6.264199e-01
2.749422296803906e-04	1.885313e+00	6.297301e-01
2.750749714015974e-04	1.885025e+00	6.298306e-01
2.752379881779682e-04	1.885974e+00	6.281654e-01
2.753495342258053e-04	1.887194e+00	6.264359e-01
2.754558700018025e-04	1.888178e+00	6.239750e-01
2.755737069221518e-04	1.889340e+00	6.211226e-01
2.756981566427309e-04	1.890755e+00	6.185807e-01
2.758599358762906e-04	1.892463e+00	6.161638e-01
2.759940224661948e-04	1.893706e+00	6.154377e-01
2.761293717266826e-04	1.894805e+00	6.163829e-01
2.762658252905438e-04	1.895657e+00	6.186960e-01
2.763886496935594e-04	1.896221e+00	6.215593e-01
2.765044832392162e-04	1.896684e+00	6.246353e-01
2.766208659905442e-04	1.897147e+00	6.276956e-01
2.767551221319174e-04	1.897679e+00	6.306967e-01
2.768720250831697e-04	1.898190e+00	6.324436e-01
2.769923566659395e-04	1.898793e+00	6.325744e-01
2.771115439571469e-04	1.899305e+00	6.295038e-01
2.772413725893539e-04	1.900262e+00	6.224909e-01
2.773491388409950e-04	1.901484e+00	6.144965e-01
2.774424517064401e-04	1.902481e+00	6.062644e-01
2.775428343802920e-04	1.903416e+00	5.969489e-01
2.776523135207824e-04	1.904550e+00	5.876566e-01
2.777855285801129e-04	1.905132e+00	5.774054e-01
2.778520002268759e-04	1.905005e+00	5.731839e-01
2.779114265192290e-04	1.904987e+00	5.708740e-01
2.779825826473700e-04	1.904900e+00	5.697374e-01
2.780548175502492e-04	1.904544e+00	5.702758e-01
2.781141810763369e-04	1.904138e+00	5.723021e-01
2.781719927516625e-04	1.903742e+00	5.757729e-01
2.782383259875968e-04	1.903202e+00	5.811019e-01
2.783103835203436e-04	1.902323e+00	5.877826e-01
2.783472166827636e-04	1.901835e+00	5.915809e-01
2.783715624212967e-04	1.901557e+00	5.943196e-01
2.784027788395651e-04	1.901209e+00	5.979705e-01
2.784326995020354e-04	1.900878e+00	6.015711e-01
2.784858104254666e-04	1.900333e+00	6.081142e-01
2.785892594445547e-04	1.899102e+00	6.204137e-01
2.787061905395047e-04	1.897694e+00	6.328108e-01
2.788290130064984e-04	1.896461e+00	6.427436e-01
2.789496779102424e-04	1.895457e+00	6.473201e-01
2.790873597378118e-04	1.895334e+00	6.463260e-01
2.791924858669399e-04	1.896100e+00	6.414267e-01
2.792871783544356e-04	1.896976e+00	6.338377e-01
2.793805394718693e-04	1.898136e+00	6.246700e-01
2.794739337861685e-04	1.899676e+00	6.148419e-01
2.795633460082996e-04	1.901129e+00	6.052699e-01
2.796736969861926e-04	1.902730e+00	5.941603e-01
2.797787475993586e-04	1.903976e+00	5.852891e-01
2.798851949364582e-04	1.904474e+00	5.782671e-01
2.799498082189397e-04	1.904639e+00	5.757869e-01
2.800137757193749e-04	1.904823e+00	5.748913e-01
2.800853325743267e-04	1.904806e+00	5.741435e-01
2.801489419001476e-04	1.904519e+00	5.729528e-01
2.801953487762528e-04	1.904278e+00	5.718108e-01
2.802390552141951e-04	1.904075e+00	5.705951e-01
2.803279713201547e-04	1.903538e+00	5.676722e-01
2.804206159869878e-04	1.902781e+00	5.641733e-01
2.804805388864623e-04	1.902150e+00	5.617548e-01
2.805516800272079e-04	1.901255e+00	5.588359e-01
2.806326361931543e-04	1.900161e+00	5.556851e-01
2.807100130994259e-04	1.899008e+00	5.529740e-01
2.808001373909053e-04	1.897483e+00	5.503728e-01
2.809078632396698e-04	1.895580e+00	5.482544e-01
2.809741672862301e-04	1.894394e+00	5.477310e-01
2.810414324779891e-04	1.893024e+00	5.480179e-01
2.811250150595363e-04	1.891227e+00	5.495989e-01
2.812135949578739e-04	1.889229e+00	5.526099e-01
2.813279457431118e-04	1.886384e+00	5.577231e-01
2.813996996588944e-04	1.884471e+00	5.614129e-01
2.814562594972810e-04	1.882972e+00	5.646033e-01
2.814946397207935e-04	1.881955e+00	5.668340e-01
2.815280088364752e-04	1.881079e+00	5.687944e-01
2.815613483220154e-04	1.880212e+00	5.707340e-01
2.816280272930959e-04	1.878486e+00	5.744056e-01
2.817474876262216e-04	1.875334e+00	5.799929e-01
2.818727131346017e-04	1.872064e+00	5.840206e-01
2.819946838228274e-04	1.869202e+00	5.866094e-01
2.821129858021732e-04	1.867006e+00	5.905151e-01
2.822083166035492e-04	1.865607e+00	5.968010e-01
2.823199179630661e-04	1.864197e+00	6.076560e-01
2.824569032033059e-04	1.862849e+00	6.234446e-01
2.826173032835796e-04	1.861832e+00	6.421112e-01
2.827801690910974e-04	1.860711e+00	6.565658e-01
2.829522626311127e-04	1.860196e+00	6.635606e-01
2.830875993395861e-04	1.860466e+00	6.592136e-01
2.832289313295674e-04	1.863370e+00	6.453429e-01
2.833643265125876e-04	1.868382e+00	6.261931e-01
2.834548557828892e-04	1.871878e+00	6.107353e-01
2.835568057399194e-04	1.875073e+00	5.918479e-01
2.836554241901800e-04	1.877789e+00	5.743642e-01
2.837475430204201e-04	1.879413e+00	5.593068e-01
2.838141459990109e-04	1.880139e+00	5.500875e-01
2.838745017370861e-04	1.880716e+00	5.438957e-01
2.839416156759536e-04	1.881303e+00	5.403141e-01
2.840546283941199e-04	1.881663e+00	5.392240e-01
2.840870107890106e-04	1.881653e+00	5.402051e-01
2.841056319084184e-04	1.881679e+00	5.414614e-01
2.841376889444235e-04	1.881705e+00	5.441867e-01
2.841666984563127e-04	1.881701e+00	5.471138e-01
2.842011695885438e-04	1.881726e+00	5.512367e-01
2.842357269151108e-04	1.881824e+00	5.560508e-01
2.842821279105136e-04	1.881857e+00	5.632381e-01
2.843330832680574e-04	1.881936e+00	5.720601e-01
2.844027264122035e-04	1.882054e+00	5.852390e-01
2.844860336646185e-04	1.881000e+00	6.006859e-01
2.845386960937578e-04	1.879828e+00	6.101827e-01
2.845640462935816e-04	1.879410e+00	6.149039e-01
2.845795770453993e-04	1.879235e+00	6.178504e-01
2.845945481468491e-04	1.879089e+00	6.206828e-01
2.846106537916509e-04	1.878951e+00	6.237045e-01
2.846393250540277e-04	1.878723e+00	6.289572e-01
2.846836468445937e-04	1.878307e+00	6.365731e-01
2.847499638483910e-04	1.877498e+00	6.465980e-01
2.848246955354328e-04	1.876580e+00	6.557788e-01
2.848997522893541e-04	1.875853e+00	6.620766e-01
2.849846842080517e-04	1.875194e+00	6.644379e-01
2.850928126841168e-04	1.875240e+00	6.612069e-01
2.851899240805441e-04	1.875809e+00	6.527448e-01
2.852883725986020e-04	1.876928e+00	6.397489e-01
2.853779646680258e-04	1.879163e+00	6.262036e-01
2.854586865124512e-04	1.881234e+00	6.125768e-01
2.855406013576146e-04	1.883214e+00	5.982335e-01
2.856342186244240e-04	1.885408e+00	5.825363e-01
2.857306854437548e-04	1.887227e+00	5.679750e-01
2.858221391551660e-04	1.887974e+00	5.559278e-01
2.858780979776883e-04	1.888224e+00	5.504502e-01
2.859468524537688e-04	1.888552e+00	5.465812e-01
2.860143816970899e-04	1.888663e+00	5.448796e-01
2.860749198391809e-04	1.888684e+00	5.443256e-01
2.861034900583538e-04	1.888591e+00	5.440080e-01
2.861250144815743e-04	1.888569e+00	5.437735e-01
2.861562142991850e-04	1.888537e+00	5.433901e-01
2.861865207139958e-04	1.888450e+00	5.429256e-01
2.862193637372689e-04	1.888335e+00	5.423641e-01
2.862540336894794e-04	1.888204e+00	5.417272e-01
2.862981074508707e-04	1.888005e+00	5.408529e-01
2.863488572294886e-04	1.887697e+00	5.397460e-01
2.864148616389985e-04	1.887096e+00	5.381232e-01
2.864964214691173e-04	1.886077e+00	5.359760e-01
2.866131915115769e-04	1.883574e+00	5.323942e-01
2.867826387009663e-04	1.878697e+00	5.273279e-01
2.869245005186753e-04	1.875816e+00	5.264263e-01
2.870861542659878e-04	1.872159e+00	5.296751e-01
2.872325027674123e-04	1.868244e+00	5.380179e-01
2.873625241112966e-04	1.863902e+00	5.490598e-01
2.874371919423954e-04	1.861204e+00	5.565043e-01
2.874780311783556e-04	1.859787e+00	5.609128e-01
2.875025003678865e-04	1.858969e+00	5.636233e-01
2.875257025793369e-04	1.858204e+00	5.662044e-01
2.875490539524144e-04	1.857451e+00	5.687937e-01
2.875943455435675e-04	1.856028e+00	5.737124e-01
2.876679892568177e-04	1.853739e+00	5.811438e-01
2.877700833670026e-04	1.850534e+00	5.897684e-01
2.878761405134265e-04	1.847243e+00	5.958277e-01
2.879886707812596e-04	1.844064e+00	5.981144e-01
2.881013565013179e-04	1.841283e+00	5.955030e-01
2.882347625827114e-04	1.839697e+00	5.887227e-01
2.883118258868251e-04	1.839425e+00	5.833071e-01
2.883761668165407e-04	1.838985e+00	5.774351e-01
2.884403138683827e-04	1.838450e+00	5.709396e-01
2.885043358738476e-04	1.837947e+00	5.642422e-01
2.885699319908078e-04	1.837500e+00	5.574832e-01
2.886553013420583e-04	1.836708e+00	5.488101e-01
2.886961375116002e-04	1.836251e+00	5.448624e-01
2.887344408594991e-04	1.835887e+00	5.415639e-01
2.887844821735820e-04	1.835433e+00	5.378490e-01
2.888579233358804e-04	1.834699e+00	5.335881e-01
2.889430809277973e-04	1.833471e+00	5.298579e-01
2.889686392527703e-04	1.833070e+00	5.292046e-01
2.890351076378507e-04	1.832185e+00	5.296194e-01
2.890956656442320e-04	1.831329e+00	5.319578e-01
2.891585659164860e-04	1.830359e+00	5.361336e-01
2.892497162045408e-04	1.828886e+00	5.449182e-01
2.893595392639529e-04	1.826590e+00	5.576353e-01
2.894265852948861e-04	1.824990e+00	5.662601e-01
2.894616121016283e-04	1.824216e+00	5.711071e-01
2.894887585779202e-04	1.823655e+00	5.749699e-01
2.895161307155866e-04	1.823119e+00	5.788997e-01
2.895640515020206e-04	1.822260e+00	5.857256e-01
2.896508887982189e-04	1.820654e+00	5.973176e-01
2.897477349989750e-04	1.818722e+00	6.082762e-01
2.898557440969804e-04	1.816695e+00	6.170189e-01
2.899691646184101e-04	1.815574e+00	6.216678e-01
2.900914427995268e-04	1.814166e+00	6.192573e-01
2.902502876613431e-04	1.814017e+00	6.098771e-01
2.903560391962956e-04	1.815398e+00	6.016090e-01
2.904365110121832e-04	1.816443e+00	5.937546e-01
2.905126683285636e-04	1.817342e+00	5.857272e-01
2.905889782227244e-04	1.818242e+00	5.777775e-01
2.906842700966588e-04	1.819390e+00	5.686985e-01
2.907855868430623e-04	1.820261e+00	5.601873e-01
2.908507946526614e-04	1.820526e+00	5.556553e-01
2.909008641036332e-04	1.820752e+00	5.532908e-01
2.909644774956056e-04	1.821107e+00	5.518967e-01
2.910454045431363e-04	1.821182e+00	5.516581e-01
2.910947457381302e-04	1.821006e+00	5.522507e-01
2.911231050216939e-04	1.820938e+00	5.530229e-01
2.911479319715668e-04	1.820923e+00	5.539705e-01
2.911809591800924e-04	1.820895e+00	5.554671e-01
2.912147803509723e-04	1.820850e+00	5.572402e-01
2.912595779678510e-04	1.820762e+00	5.599150e-01
2.913076874372881e-04	1.820631e+00	5.631361e-01
2.913730789961964e-04	1.820385e+00	5.679472e-01
2.914502057132409e-04	1.819802e+00	5.737594e-01
2.914982906605418e-04	1.819371e+00	5.774691e-01
2.915263972852200e-04	1.819156e+00	5.797074e-01
2.915498427458104e-04	1.818987e+00	5.815832e-01
2.915723272215104e-04	1.818828e+00	5.833649e-01
2.916139772598320e-04	1.818523e+00	5.865508e-01
2.916919360435363e-04	1.817903e+00	5.920135e-01
2.917847790315615e-04	1.817134e+00	5.973773e-01
2.918949040368162e-04	1.816329e+00	6.016715e-01
2.919990738356541e-04	1.815634e+00	6.026287e-01
2.921153629432131e-04	1.815031e+00	5.992475e-01
2.922295332045051e-04	1.815256e+00	5.924936e-01
2.923037249815059e-04	1.815710e+00	5.863876e-01
2.923647934576530e-04	1.815953e+00	5.802088e-01
2.924277610947223e-04	1.816177e+00	5.732623e-01
2.924896345235846e-04	1.816409e+00	5.662033e-01
2.925695388983838e-04	1.816702e+00	5.571369e-01
2.926536254343167e-04	1.816832e+00	5.478459e-01
2.927027112323446e-04	1.816802e+00	5.427684e-01
2.927542017039234e-04	1.816763e+00	5.380549e-01
2.928108321504649e-04	1.816729e+00	5.338148e-01
2.928966855560372e-04	1.816304e+00	5.285148e-01
2.929470743535578e-04	1.815952e+00	5.265677e-01
2.930220894410629e-04	1.815533e+00	5.263700e-01
2.930729988187721e-04	1.815150e+00	5.278438e-01
2.931333103180921e-04	1.814666e+00	5.313277e-01
2.932104958493888e-04	1.814007e+00	5.381619e-01
2.933147233874792e-04	1.812475e+00	5.495304e-01
2.933778514698408e-04	1.811297e+00	5.573908e-01
2.934295195968516e-04	1.810417e+00	5.645345e-01
2.934698228943824e-04	1.809733e+00	5.703106e-01
2.934907565766031e-04	1.809386e+00	5.733623e-01
2.935126608468198e-04	1.809036e+00	5.765798e-01
2.935329863187799e-04	1.808719e+00	5.795605e-01
2.935736372627001e-04	1.808111e+00	5.854451e-01
2.936392516516497e-04	1.807150e+00	5.944717e-01
2.937327184309003e-04	1.805712e+00	6.056970e-01
2.938389021094721e-04	1.804293e+00	6.154935e-01
2.939451229691268e-04	1.803309e+00	6.209600e-01
2.940638538266832e-04	1.802337e+00	6.217492e-01
2.942040825518267e-04	1.802541e+00	6.200518e-01
2.943194798126511e-04	1.803598e+00	6.178262e-01
2.944449944516188e-04	1.804804e+00	6.142758e-01
2.945807197055005e-04	1.807259e+00	6.110148e-01
2.947176624431892e-04	1.810090e+00	6.081676e-01
2.948451395650610e-04	1.812702e+00	6.062897e-01
2.949986282315033e-04	1.815580e+00	6.055340e-01
2.951392085996657e-04	1.817818e+00	6.065343e-01
2.952579764667677e-04	1.819527e+00	6.088665e-01
2.953691453126500e-04	1.821068e+00	6.120359e-01
2.954736465925653e-04	1.822487e+00	6.154761e-01
2.955784999542564e-04	1.823941e+00	6.190372e-01
2.956973496301835e-04	1.825568e+00	6.226891e-01
2.958125099809104e-04	1.827134e+00	6.253916e-01
2.959290556426667e-04	1.828799e+00	6.269392e-01
2.960551356502334e-04	1.830872e+00	6.279055e-01
2.962600931327890e-04	1.834863e+00	6.312238e-01
2.963679904924379e-04	1.837097e+00	6.340868e-01
2.965357055451117e-04	1.840643e+00	6.389289e-01
2.968730112395607e-04	1.848007e+00	6.459052e-01
2.970464094928169e-04	1.852325e+00	6.469924e-01
2.971966938750195e-04	1.856587e+00	6.471472e-01
2.972876058279085e-04	1.859210e+00	6.469897e-01
2.974068704544137e-04	1.862566e+00	6.465728e-01
2.975260554466707e-04	1.865947e+00	6.461685e-01
2.977196824150878e-04	1.871359e+00	6.455832e-01
2.979121452493796e-04	1.876563e+00	6.451464e-01
2.982681091085753e-04	1.885287e+00	6.434926e-01
2.984425604409729e-04	1.889275e+00	6.419713e-01
2.988254811187293e-04	1.897421e+00	6.388786e-01
2.990674746640626e-04	1.901667e+00	6.350134e-01
2.991916437002279e-04	1.903425e+00	6.288863e-01
2.993089229012898e-04	1.905138e+00	6.189389e-01
2.994044376613766e-04	1.906570e+00	6.090045e-01
2.995001322752288e-04	1.907823e+00	5.981340e-01
2.996019909179992e-04	1.908964e+00	5.865804e-01
2.996851334923586e-04	1.909654e+00	5.776560e-01
2.998253227425470e-04	1.910202e+00	5.657727e-01
2.999111588816011e-04	1.910674e+00	5.617381e-01
3.000011770336595e-04	1.910372e+00	5.591920e-01
3.000221642833364e-04	1.910188e+00	5.590261e-01
3.000466006306473e-04	1.910131e+00	5.595017e-01
3.000772635621628e-04	1.910150e+00	5.607096e-01
3.001385894251939e-04	1.910025e+00	5.641628e-01
3.001938971814499e-04	1.909818e+00	5.684587e-01
3.002806543314437e-04	1.909247e+00	5.770618e-01
3.003723700281954e-04	1.907634e+00	5.868223e-01
3.004222545616861e-04	1.906682e+00	5.926744e-01
3.004507857014205e-04	1.906240e+00	5.963066e-01
3.004704035815225e-04	1.905956e+00	5.988708e-01
3.004888036916612e-04	1.905690e+00	6.012953e-01
3.005161897254389e-04	1.905284e+00	6.048989e-01
3.005648305552112e-04	1.904478e+00	6.110989e-01
3.006621122147556e-04	1.902794e+00	6.226705e-01
3.007583450089852e-04	1.901313e+00	6.326007e-01
3.008609948822954e-04	1.900171e+00	6.404812e-01
3.009680393650041e-04	1.898980e+00	6.438543e-01
3.011072769109010e-04	1.898083e+00	6.420755e-01
3.012382243749738e-04	1.898652e+00	6.368022e-01
3.013465055758079e-04	1.899828e+00	6.303520e-01
3.014411693494019e-04	1.900915e+00	6.234314e-01
3.015377514390345e-04	1.902076e+00	6.159439e-01
3.016335438002869e-04	1.903364e+00	6.089966e-01
3.017650819435435e-04	1.904906e+00	6.007959e-01
3.018796246492147e-04	1.906007e+00	5.958887e-01
3.019956113592735e-04	1.906642e+00	5.936725e-01
3.020857944745346e-04	1.906865e+00	5.941928e-01
3.021912100832184e-04	1.906929e+00	5.969595e-01
3.022875122243713e-04	1.906374e+00	6.002814e-01
3.023479663410071e-04	1.906005e+00	6.029583e-01
3.024068389921931e-04	1.905796e+00	6.060825e-01
3.024766766959887e-04	1.905496e+00	6.099627e-01
3.025477155282507e-04	1.905141e+00	6.139009e-01
3.026646866337845e-04	1.904407e+00	6.198377e-01
3.027871355230023e-04	1.903550e+00	6.247389e-01
3.029176359104781e-04	1.902928e+00	6.279073e-01
3.030354453839341e-04	1.902573e+00	6.272525e-01
3.031494334209986e-04	1.902179e+00	6.211122e-01
3.032737150995807e-04	1.902797e+00	6.098934e-01
3.033462928287928e-04	1.903418e+00	6.013870e-01
3.034284088976378e-04	1.903820e+00	5.900206e-01
3.035032783073574e-04	1.904278e+00	5.793302e-01
3.035949189934534e-04	1.904609e+00	5.662051e-01
3.036712141549869e-04	1.904489e+00	5.555624e-01
3.037236610053982e-04	1.904302e+00	5.489297e-01
3.037887332900027e-04	1.904098e+00	5.420468e-01
3.038646598722849e-04	1.903601e+00	5.356906e-01
3.039345451510692e-04	1.902729e+00	5.314023e-01
3.039726405192165e-04	1.902189e+00	5.300382e-01
3.039987038752593e-04	1.901861e+00	5.297200e-01
3.040590706617234e-04	1.901081e+00	5.300229e-01
3.040997030424716e-04	1.900491e+00	5.306138e-01
3.041461886532622e-04	1.899748e+00	5.315971e-01
3.042041869983422e-04	1.898687e+00	5.331999e-01
3.042752929252442e-04	1.897097e+00	5.355320e-01
3.043724634374307e-04	1.894852e+00	5.395231e-01
3.045081476832069e-04	1.891385e+00	5.456058e-01
3.046873997660087e-04	1.886301e+00	5.531413e-01
3.048360345543083e-04	1.881980e+00	5.582444e-01
3.049188870748349e-04	1.879577e+00	5.600767e-01
3.049904557204990e-04	1.877462e+00	5.609382e-01
3.050626614914965e-04	1.875378e+00	5.621945e-01
3.051228038403228e-04	1.873694e+00	5.645125e-01
3.051919277683163e-04	1.871776e+00	5.687814e-01
3.052566287631838e-04	1.870061e+00	5.741040e-01
3.053451004379772e-04	1.867817e+00	5.829100e-01
3.054468927546950e-04	1.865412e+00	5.942036e-01
3.056084018071276e-04	1.861390e+00	6.115110e-01
3.057773079037775e-04	1.857375e+00	6.259824e-01
3.059308196087353e-04	1.856245e+00	6.349351e-01
3.060821898531636e-04	1.855547e+00	6.376000e-01
3.062191008193105e-04	1.856061e+00	6.384355e-01
3.063439817904325e-04	1.857108e+00	6.392004e-01
3.064891969434773e-04	1.859003e+00	6.402971e-01
3.066655923048729e-04	1.862755e+00	6.423331e-01
3.068564047506017e-04	1.867161e+00	6.439191e-01
3.069842152404442e-04	1.870102e+00	6.440013e-01
3.070738177232383e-04	1.872168e+00	6.426746e-01
3.071441670683535e-04	1.873808e+00	6.400287e-01
3.072107660312200e-04	1.875251e+00	6.358415e-01
3.073239095498730e-04	1.877712e+00	6.266788e-01
3.074320505564187e-04	1.880169e+00	6.167603e-01
3.075586605840679e-04	1.882895e+00	6.045931e-01
3.076796099624535e-04	1.885294e+00	5.941026e-01
3.078390621738149e-04	1.887300e+00	5.823383e-01
3.079102234217960e-04	1.887811e+00	5.786518e-01
3.079742924056809e-04	1.888274e+00	5.772763e-01
3.080511826792912e-04	1.888733e+00	5.774345e-01
3.081336515885740e-04	1.888956e+00	5.789093e-01
3.081837739295872e-04	1.888961e+00	5.803529e-01
3.082119123540568e-04	1.888971e+00	5.814314e-01
3.082395162434463e-04	1.889022e+00	5.826960e-01
3.082741622579476e-04	1.889116e+00	5.844843e-01
3.083153431309005e-04	1.889168e+00	5.867539e-01
3.083654263032099e-04	1.889203e+00	5.897340e-01
3.084253488835631e-04	1.889207e+00	5.935278e-01
3.085029870122617e-04	1.888758e+00	5.982230e-01
3.085481590207028e-04	1.888338e+00	6.008523e-01
3.085787862283350e-04	1.888134e+00	6.027149e-01
3.086015909334742e-04	1.888001e+00	6.041054e-01
3.086248121525537e-04	1.887879e+00	6.055063e-01
3.086579069008294e-04	1.887696e+00	6.074174e-01
3.087223735333693e-04	1.887225e+00	6.107244e-01
3.088045330494068e-04	1.886458e+00	6.140438e-01
3.089028171143465e-04	1.885642e+00	6.167282e-01
3.089949468673367e-04	1.885013e+00	6.176873e-01
3.090994642830166e-04	1.884469e+00	6.171525e-01
3.092112798852852e-04	1.884320e+00	6.157088e-01
3.093197412196133e-04	1.884456e+00	6.137168e-01
3.094249495832371e-04	1.884705e+00	6.113377e-01
3.095190004968982e-04	1.884956e+00	6.089975e-01
3.096187074751228e-04	1.885215e+00	6.065117e-01
3.097249762777641e-04	1.885514e+00	6.041712e-01
3.098367426280471e-04	1.885829e+00	6.023654e-01
3.099653204548928e-04	1.886054e+00	6.011762e-01
3.100835650566453e-04	1.886011e+00	6.005065e-01
3.101891699600882e-04	1.885862e+00	5.998196e-01
3.103171770687490e-04	1.885588e+00	5.986150e-01
3.104516735945104e-04	1.885182e+00	5.970928e-01
3.106233790249002e-04	1.884582e+00	5.951870e-01
3.108046401780197e-04	1.883856e+00	5.936689e-01
3.111446423968282e-04	1.881746e+00	5.880677e-01
3.112494351292160e-04	1.880911e+00	5.821808e-01
3.113556802958323e-04	1.880198e+00	5.744051e-01
3.114402567168956e-04	1.879629e+00	5.673681e-01
3.115345081623470e-04	1.878840e+00	5.590574e-01
3.116091189831420e-04	1.878093e+00	5.525384e-01
3.116790282833625e-04	1.877310e+00	5.468533e-01
3.117609852773762e-04	1.876313e+00	5.412056e-01
3.118714752619585e-04	1.874761e+00	5.356406e-01
3.119757129406410e-04	1.872808e+00	5.322371e-01
3.120446711289892e-04	1.871469e+00	5.323496e-01
3.120910940605634e-04	1.870601e+00	5.337343e-01
3.121839399237117e-04	1.868747e+00	5.383959e-01
3.122806768614988e-04	1.866645e+00	5.452855e-01
3.124266297438091e-04	1.862826e+00	5.577020e-01
3.125029416782075e-04	1.860577e+00	5.646275e-01
3.125455955405442e-04	1.859411e+00	5.687222e-01
3.125783590133053e-04	1.858545e+00	5.718641e-01
3.126112612402232e-04	1.857697e+00	5.749390e-01
3.126759586859582e-04	1.856047e+00	5.805679e-01
3.127701211113216e-04	1.853596e+00	5.874616e-01
3.128759024078124e-04	1.850862e+00	5.928074e-01
3.129841924221153e-04	1.848256e+00	5.949837e-01
3.130958751302787e-04	1.845911e+00	5.936567e-01
3.132226826601356e-04	1.844318e+00	5.897297e-01
3.133100855739737e-04	1.843763e+00	5.859482e-01
3.133847083792375e-04	1.843140e+00	5.816767e-01
3.134586998590678e-04	1.842499e+00	5.769724e-01
3.135424539414516e-04	1.841819e+00	5.715176e-01
3.136255458077473e-04	1.841233e+00	5.663847e-01
3.137349653039253e-04	1.840307e+00	5.601425e-01
3.138062534832630e-04	1.839546e+00	5.565834e-01
3.138596838604865e-04	1.839006e+00	5.545820e-01
3.139252639537806e-04	1.838350e+00	5.529871e-01
3.139935238828500e-04	1.837719e+00	5.528012e-01
3.141143392157145e-04	1.836226e+00	5.551056e-01
3.141721854998134e-04	1.835343e+00	5.575007e-01
3.142272427198965e-04	1.834591e+00	5.610724e-01
3.142842252472358e-04	1.833739e+00	5.653925e-01
3.143175241411225e-04	1.833219e+00	5.681798e-01
3.143418687111238e-04	1.832861e+00	5.703839e-01
3.143693288036274e-04	1.832465e+00	5.729830e-01
3.143973671800488e-04	1.832075e+00	5.757459e-01
3.144471761071414e-04	1.831413e+00	5.808285e-01
3.145168452311017e-04	1.830546e+00	5.880027e-01
3.146561834790224e-04	1.828678e+00	6.012675e-01
3.147919281527071e-04	1.826960e+00	6.116474e-01
3.149209858326144e-04	1.825655e+00	6.173089e-01
3.150579364431970e-04	1.824702e+00	6.182418e-01
3.151980975503684e-04	1.824976e+00	6.163442e-01
3.153072013977655e-04	1.825869e+00	6.136864e-01
3.154161138506041e-04	1.826923e+00	6.101145e-01
3.155218391536685e-04	1.828053e+00	6.062808e-01
3.156383675179202e-04	1.829588e+00	6.023490e-01
3.157576664986654e-04	1.831269e+00	5.990760e-01
3.159015932487344e-04	1.833084e+00	5.963823e-01
3.160318850449342e-04	1.834204e+00	5.939065e-01
3.161233978855963e-04	1.834727e+00	5.900224e-01
3.162208622456398e-04	1.835284e+00	5.826578e-01
3.163010768590753e-04	1.835728e+00	5.744625e-01
3.163921197174029e-04	1.836262e+00	5.635894e-01
3.164758213666552e-04	1.836665e+00	5.527913e-01
3.165326240903779e-04	1.836829e+00	5.452560e-01
3.166028050127677e-04	1.836923e+00	5.361074e-01
3.166675670359741e-04	1.836851e+00	5.279447e-01
3.166952588180255e-04	1.836774e+00	5.246371e-01
3.167197540039399e-04	1.836710e+00	5.219257e-01
3.167542441096106e-04	1.836616e+00	5.184218e-01
3.168011903356662e-04	1.836440e+00	5.142066e-01
3.168558151076659e-04	1.836157e+00	5.102573e-01
3.169238469415187e-04	1.835624e+00	5.070503e-01
3.170102210699646e-04	1.834920e+00	5.068882e-01
3.171344450990684e-04	1.833724e+00	5.150842e-01
3.173228876740802e-04	1.829291e+00	5.373582e-01
3.174285109988944e-04	1.826371e+00	5.540219e-01
3.174882103435137e-04	1.824736e+00	5.647653e-01
3.175212822051244e-04	1.823869e+00	5.709045e-01
3.175427450092961e-04	1.823326e+00	5.749059e-01
3.175623286853568e-04	1.822839e+00	5.785361e-01
3.175869118451559e-04	1.822252e+00	5.830365e-01
3.176339605141380e-04	1.821206e+00	5.913048e-01
3.177280578521020e-04	1.819035e+00	6.060392e-01
3.178226768372000e-04	1.816690e+00	6.174881e-01
3.179242044154056e-04	1.814423e+00	6.247770e-01
3.180237779482304e-04	1.813088e+00	6.264758e-01
3.181492424316825e-04	1.812301e+00	6.220452e-01
3.182777236594089e-04	1.812248e+00	6.127072e-01
3.183775188846313e-04	1.813236e+00	6.035847e-01
3.184609417210393e-04	1.814286e+00	5.948706e-01
3.185390788284459e-04	1.815286e+00	5.863323e-01
3.186173910190811e-04	1.816309e+00	5.780322e-01
3.187114459517395e-04	1.817580e+00	5.691450e-01
3.188121770040276e-04	1.818497e+00	5.609177e-01
3.188771846309978e-04	1.818804e+00	5.567216e-01
3.189277355675503e-04	1.819083e+00	5.547355e-01
3.189933243080933e-04	1.819469e+00	5.536278e-01
3.190679114497686e-04	1.819595e+00	5.529892e-01
3.191232744027648e-04	1.819475e+00	5.524017e-01
3.191556593803630e-04	1.819410e+00	5.519963e-01
3.192110514173338e-04	1.819375e+00	5.512763e-01
3.192843091491190e-04	1.819269e+00	5.501398e-01
3.193889212788416e-04	1.818920e+00	5.482066e-01
3.194595924037130e-04	1.818534e+00	5.467675e-01
3.195578658263414e-04	1.817731e+00	5.446635e-01
3.196928978325270e-04	1.816091e+00	5.418175e-01
3.198725602565589e-04	1.813700e+00	5.394182e-01
3.200693658120662e-04	1.811040e+00	5.402312e-01
3.202795304847005e-04	1.807883e+00	5.458280e-01
3.204640396008875e-04	1.804461e+00	5.534299e-01
3.205689242261479e-04	1.802338e+00	5.582950e-01
3.206275168587079e-04	1.801211e+00	5.610474e-01
3.206829674092444e-04	1.800175e+00	5.635043e-01
3.207355717305759e-04	1.799196e+00	5.655540e-01
3.208275274030246e-04	1.797506e+00	5.683786e-01
3.209248087895653e-04	1.795787e+00	5.701856e-01
3.210272776517625e-04	1.794082e+00	5.704137e-01
3.211349762977944e-04	1.792420e+00	5.687541e-01
3.212668487049734e-04	1.790922e+00	5.652744e-01
3.213357213082513e-04	1.790263e+00	5.628861e-01
3.213957426435098e-04	1.789617e+00	5.603532e-01
3.214609267859432e-04	1.788932e+00	5.574310e-01
3.215329305210973e-04	1.788201e+00	5.541496e-01
3.215980072030950e-04	1.787540e+00	5.512101e-01
3.216438750452593e-04	1.787061e+00	5.491943e-01
3.216751135319262e-04	1.786737e+00	5.478917e-01
3.217151272483250e-04	1.786321e+00	5.463300e-01
3.217572152012166e-04	1.785885e+00	5.448447e-01
3.218173963015225e-04	1.785256e+00	5.430463e-01
3.218869426686845e-04	1.784491e+00	5.414415e-01
3.219505757994831e-04	1.783781e+00	5.406136e-01
3.220327274853582e-04	1.782863e+00	5.405959e-01
3.221326060025972e-04	1.781796e+00	5.421655e-01
3.223147764928072e-04	1.779362e+00	5.470887e-01
3.224458426046957e-04	1.777237e+00	5.514577e-01
3.225660319756648e-04	1.775395e+00	5.560796e-01
3.226328405154491e-04	1.774417e+00	5.586472e-01
3.226833632642527e-04	1.773705e+00	5.604807e-01
3.227331483301621e-04	1.773001e+00	5.620552e-01
3.228327184619810e-04	1.771625e+00	5.645310e-01
3.229319403187474e-04	1.770328e+00	5.659617e-01
3.230346316573990e-04	1.769059e+00	5.656157e-01
3.231336607567337e-04	1.767924e+00	5.628302e-01
3.232320257947446e-04	1.767092e+00	5.580320e-01
3.232823627322299e-04	1.766742e+00	5.548403e-01
3.233203267889287e-04	1.766434e+00	5.520103e-01
3.233542634413989e-04	1.766148e+00	5.492880e-01
3.233879686081803e-04	1.765865e+00	5.464600e-01
3.234191363026685e-04	1.765605e+00	5.437639e-01
3.234465508159570e-04	1.765372e+00	5.413382e-01
3.234790443498178e-04	1.765091e+00	5.384217e-01
3.235142502273683e-04	1.764785e+00	5.352510e-01
3.235548904373753e-04	1.764424e+00	5.316191e-01
3.236110052696168e-04	1.763920e+00	5.267697e-01
3.236855054878486e-04	1.763238e+00	5.208218e-01
3.237731271111188e-04	1.762448e+00	5.150896e-01
3.239006862090715e-04	1.761378e+00	5.103655e-01
3.240868392857992e-04	1.758936e+00	5.088640e-01
3.242750555337788e-04	1.754964e+00	5.105423e-01
3.244300932099460e-04	1.751378e+00	5.137273e-01
3.246156647187576e-04	1.746939e+00	5.182432e-01
3.247787394882467e-04	1.742908e+00	5.216101e-01
3.249262221955697e-04	1.739311e+00	5.238420e-01
3.250747821039162e-04	1.735947e+00	5.272012e-01
3.251557998576596e-04	1.734233e+00	5.318865e-01
3.252428643617535e-04	1.732246e+00	5.400800e-01
3.252936293228571e-04	1.731041e+00	5.459515e-01
3.253354876183017e-04	1.730074e+00	5.514148e-01
3.253607379716494e-04	1.729507e+00	5.549148e-01
3.253836881756647e-04	1.729020e+00	5.582366e-01
3.254102367406482e-04	1.728494e+00	5.622109e-01
3.254548846137794e-04	1.727674e+00	5.690820e-01
3.255190676289511e-04	1.726661e+00	5.790647e-01
3.256390346607017e-04	1.724727e+00	5.966077e-01
3.257514826198615e-04	1.723136e+00	6.105793e-01
3.258698751445498e-04	1.722790e+00	6.213585e-01
3.260014877865717e-04	1.722007e+00	6.246090e-01
3.261461720394220e-04	1.721817e+00	6.192771e-01
3.262602566176757e-04	1.723034e+00	6.104326e-01
3.263637403289475e-04	1.726033e+00	6.007772e-01
3.264491476094769e-04	1.728807e+00	5.916153e-01
3.265261967280148e-04	1.731190e+00	5.827161e-01
3.266033312499061e-04	1.733503e+00	5.739376e-01
3.267039413969138e-04	1.736463e+00	5.636452e-01
3.268138046978392e-04	1.738998e+00	5.538640e-01
3.268820822073242e-04	1.740154e+00	5.490801e-01
3.269349499898701e-04	1.741106e+00	5.469644e-01
3.270072257277263e-04	1.742343e+00	5.456302e-01
3.270805520580434e-04	1.743324e+00	5.444509e-01
3.271826275612776e-04	1.744399e+00	5.416555e-01
3.272337996898977e-04	1.744934e+00	5.394952e-01
3.272849718185177e-04	1.745411e+00	5.371704e-01
3.273361439471377e-04	1.745830e+00	5.346812e-01
3.273873160757579e-04	1.746191e+00	5.320276e-01
3.274384882043779e-04	1.746495e+00	5.292095e-01
3.274896603329980e-04	1.746740e+00	5.262270e-01
3.275408324616180e-04	1.746927e+00	5.230801e-01
3.276521682419390e-04	1.748181e+00	5.182120e-01
3.278201828917616e-04	1.749659e+00	5.135833e-01
3.280460920479646e-04	1.747451e+00	5.104763e-01
3.282809921094279e-04	1.741856e+00	5.119441e-01
3.284207005998093e-04	1.738942e+00	5.164760e-01
3.285419983426096e-04	1.736740e+00	5.218714e-01
3.287015769352103e-04	1.733517e+00	5.282664e-01
3.288660805748795e-04	1.730149e+00	5.328719e-01
3.290276911095073e-04	1.727106e+00	5.357993e-01
3.291342616193731e-04	1.725311e+00	5.385317e-01
3.292342485064751e-04	1.723598e+00	5.428140e-01
3.293110924257663e-04	1.722242e+00	5.471297e-01
3.293557280220200e-04	1.721461e+00	5.499984e-01
3.293915047404462e-04	1.720869e+00	5.524804e-01
3.294270416240442e-04	1.720311e+00	5.550531e-01
3.294773599878154e-04	1.719580e+00	5.588007e-01
3.295557874764557e-04	1.718542e+00	5.645739e-01
3.296911938329824e-04	1.716910e+00	5.736309e-01
3.298200717095363e-04	1.715629e+00	5.803625e-01
3.299393781725809e-04	1.714702e+00	5.836452e-01
3.300612771371399e-04	1.713915e+00	5.831205e-01
3.301975787232817e-04	1.713463e+00	5.785674e-01
3.303553998767519e-04	1.714526e+00	5.712166e-01
3.304386104817540e-04	1.715570e+00	5.667130e-01
3.305070492147760e-04	1.716222e+00	5.623914e-01
3.305744738853674e-04	1.716841e+00	5.580888e-01
3.306493309336485e-04	1.717549e+00	5.535935e-01
3.307494776491832e-04	1.718411e+00	5.480707e-01
3.307926485349627e-04	1.718739e+00	5.459821e-01
3.308341185207095e-04	1.719063e+00	5.443668e-01
3.308917683153070e-04	1.719488e+00	5.426407e-01
3.309501087428353e-04	1.719888e+00	5.415909e-01
3.310463371610147e-04	1.720320e+00	5.411636e-01
3.311158858645512e-04	1.720702e+00	5.425487e-01
3.311746983408210e-04	1.720999e+00	5.444736e-01
3.312383883151239e-04	1.721301e+00	5.472027e-01
3.313281096756467e-04	1.721695e+00	5.519527e-01
3.314400211352212e-04	1.721776e+00	5.583304e-01
3.315296681326405e-04	1.721607e+00	5.635586e-01
3.315879779866652e-04	1.721540e+00	5.670315e-01
3.316219685492456e-04	1.721540e+00	5.690415e-01
3.316545588409753e-04	1.721561e+00	5.709147e-01
3.316872066800591e-04	1.721592e+00	5.726840e-01
3.317525023582267e-04	1.721660e+00	5.758385e-01
3.318331544170441e-04	1.721720e+00	5.788797e-01
3.319304531235301e-04	1.721834e+00	5.810616e-01
3.320245769186648e-04	1.721985e+00	5.812452e-01
3.321326032803813e-04	1.722264e+00	5.791135e-01
3.322502357109277e-04	1.723141e+00	5.752151e-01
3.323262166552488e-04	1.723925e+00	5.719377e-01
3.323918780315549e-04	1.724517e+00	5.684927e-01
3.324576126710497e-04	1.725107e+00	5.647865e-01
3.325237071616629e-04	1.725707e+00	5.609774e-01
3.325950683391290e-04	1.726350e+00	5.569555e-01
3.326897359082359e-04	1.727184e+00	5.519337e-01
3.327414564193888e-04	1.727604e+00	5.494341e-01
3.327839687366621e-04	1.727924e+00	5.476601e-01
3.328475321629827e-04	1.728373e+00	5.454781e-01
3.329060173377779e-04	1.728755e+00	5.440483e-01
3.330070597393792e-04	1.729211e+00	5.426799e-01
3.330834626742227e-04	1.729562e+00	5.416212e-01
3.331507828443500e-04	1.729792e+00	5.395766e-01
3.332231284180562e-04	1.729926e+00	5.363855e-01
3.333307402234636e-04	1.729977e+00	5.302442e-01
3.334678336810280e-04	1.729820e+00	5.213250e-01
3.336644603948623e-04	1.729291e+00	5.092545e-01
3.338807596893725e-04	1.727933e+00	5.012845e-01
3.341193512199598e-04	1.725511e+00	5.053621e-01
3.343395219282459e-04	1.721581e+00	5.228185e-01
3.345432892270111e-04	1.716780e+00	5.467676e-01
3.346326681204585e-04	1.714688e+00	5.579869e-01
3.346926427611178e-04	1.713565e+00	5.652654e-01
3.347466803615481e-04	1.712617e+00	5.711049e-01
3.348112256560295e-04	1.711520e+00	5.767982e-01
3.348989340815608e-04	1.710110e+00	5.820284e-01
3.349936304426754e-04	1.708880e+00	5.842341e-01
3.350983877325206e-04	1.708095e+00	5.829341e-01
3.352085941718186e-04	1.707392e+00	5.780449e-01
3.353182741350401e-04	1.707384e+00	5.712927e-01
3.354015969348920e-04	1.707812e+00	5.653356e-01
3.354687942698461e-04	1.708199e+00	5.600265e-01
3.355344492129114e-04	1.708584e+00	5.546643e-01
3.356034281097830e-04	1.709036e+00	5.491468e-01
3.356681197129733e-04	1.709479e+00	5.442737e-01
3.357365813428975e-04	1.709870e+00	5.394711e-01
3.357732790121161e-04	1.710054e+00	5.371464e-01
3.358079527836085e-04	1.710230e+00	5.352399e-01
3.358507373733778e-04	1.710450e+00	5.332776e-01
3.359033100634472e-04	1.710672e+00	5.313789e-01
3.359464852858706e-04	1.710805e+00	5.302659e-01
3.359765031817744e-04	1.710902e+00	5.298680e-01
3.360164849128638e-04	1.711039e+00	5.297853e-01
3.361215095410147e-04	1.711367e+00	5.310720e-01
3.361900208033025e-04	1.711547e+00	5.327847e-01
3.362918919545949e-04	1.711743e+00	5.362780e-01
3.364218900206637e-04	1.711466e+00	5.412395e-01
3.365511458997334e-04	1.710797e+00	5.462953e-01
3.366818580621657e-04	1.710054e+00	5.511141e-01
3.368126858998390e-04	1.709502e+00	5.552831e-01
3.368849960191790e-04	1.709288e+00	5.569903e-01
3.369456537588808e-04	1.709092e+00	5.577594e-01
3.370083039942789e-04	1.708920e+00	5.579083e-01
3.371011046023053e-04	1.708658e+00	5.559053e-01
3.371555105984232e-04	1.708549e+00	5.535159e-01
3.371956166603625e-04	1.708511e+00	5.513029e-01
3.372235259583747e-04	1.708475e+00	5.494812e-01
3.372536889180347e-04	1.708415e+00	5.472645e-01
3.372905292143371e-04	1.708341e+00	5.443094e-01
3.373348678743167e-04	1.708250e+00	5.404611e-01
3.373891053957413e-04	1.708156e+00	5.354471e-01
3.374480063603173e-04	1.708041e+00	5.297293e-01
3.375297324896918e-04	1.707871e+00	5.216860e-01
3.376354601807171e-04	1.707721e+00	5.119247e-01
3.377643430408274e-04	1.707585e+00	5.022618e-01
3.379161066435373e-04	1.707102e+00	4.960015e-01
3.380819590035790e-04	1.706186e+00	4.994204e-01
3.382551871636549e-04	1.704299e+00	5.162873e-01
3.384348672285900e-04	1.700200e+00	5.426159e-01
3.385150019032699e-04	1.698322e+00	5.564068e-01
3.385632493290457e-04	1.697496e+00	5.652878e-01
3.385963562927997e-04	1.696983e+00	5.713175e-01
3.386284824961293e-04	1.696525e+00	5.769806e-01
3.386861598008541e-04	1.695767e+00	5.864154e-01
3.387767217122226e-04	1.694684e+00	5.990600e-01
3.388753675438545e-04	1.694114e+00	6.091846e-01
3.389843621311198e-04	1.693553e+00	6.141056e-01
3.391028829317292e-04	1.693254e+00	6.136496e-01
3.392400137979909e-04	1.693407e+00	6.094278e-01
3.393741737839795e-04	1.695560e+00	6.050247e-01
3.394924758642500e-04	1.699302e+00	6.017059e-01
3.395917985689628e-04	1.702583e+00	5.985943e-01
3.396773517894460e-04	1.705349e+00	5.958488e-01
3.397468037193672e-04	1.707546e+00	5.937961e-01
3.398270566518770e-04	1.710059e+00	5.918720e-01
3.399148514355945e-04	1.712847e+00	5.906308e-01
3.400279180546106e-04	1.716298e+00	5.902768e-01
3.401412338589151e-04	1.719456e+00	5.910103e-01
3.402504361364938e-04	1.722348e+00	5.926816e-01
3.403659542677184e-04	1.725332e+00	5.952067e-01
3.404947498054187e-04	1.728486e+00	5.983706e-01
3.406170475222511e-04	1.731361e+00	6.013299e-01
3.407405636498808e-04	1.734249e+00	6.039396e-01
3.409651308799845e-04	1.739519e+00	6.065139e-01
3.411598026121413e-04	1.744294e+00	6.046389e-01
3.412773362193245e-04	1.747178e+00	6.013436e-01
3.413421501535806e-04	1.748723e+00	5.990356e-01
3.414334092365035e-04	1.750847e+00	5.954633e-01
3.415505504743930e-04	1.753572e+00	5.908531e-01
3.416897496787195e-04	1.756755e+00	5.860268e-01
3.418668397917381e-04	1.760471e+00	5.814833e-01
3.419912930933853e-04	1.762714e+00	5.796803e-01
3.420908564420240e-04	1.764322e+00	5.788991e-01
3.422183270895401e-04	1.766148e+00	5.775245e-01
3.424353955778489e-04	1.768717e+00	5.737624e-01
3.427803332653915e-04	1.771902e+00	5.676569e-01
3.429782382577588e-04	1.773191e+00	5.656231e-01
3.430958485364190e-04	1.773794e+00	5.633396e-01
3.432103918874546e-04	1.773946e+00	5.580676e-01
3.433320538000540e-04	1.773850e+00	5.494327e-01
3.434931685982617e-04	1.773656e+00	5.361096e-01
3.436747476661169e-04	1.773526e+00	5.222787e-01
3.438742822606044e-04	1.772750e+00	5.128455e-01
3.440993093050164e-04	1.770901e+00	5.154318e-01
3.443289581560585e-04	1.766635e+00	5.323469e-01
3.445146115915720e-04	1.762107e+00	5.535326e-01
3.446003271962538e-04	1.760058e+00	5.644189e-01
3.446579790591048e-04	1.758895e+00	5.716598e-01
3.447101196891314e-04	1.757907e+00	5.776649e-01
3.447782470679747e-04	1.756647e+00	5.843194e-01
3.448695420785701e-04	1.754989e+00	5.907184e-01
3.449715770327021e-04	1.753366e+00	5.941592e-01
3.450716011691224e-04	1.752500e+00	5.941159e-01
3.451849391310618e-04	1.751751e+00	5.906812e-01
3.452910932992753e-04	1.751519e+00	5.856348e-01
3.453944536369644e-04	1.751824e+00	5.797136e-01
3.454784364880327e-04	1.752332e+00	5.744817e-01
3.455566153325046e-04	1.752830e+00	5.694209e-01
3.456344313760400e-04	1.753363e+00	5.645543e-01
3.457151034235540e-04	1.754005e+00	5.601852e-01
3.458428564097396e-04	1.754720e+00	5.543310e-01
3.459042628873979e-04	1.754899e+00	5.521805e-01
3.459502547801369e-04	1.755093e+00	5.513411e-01
3.460129812026880e-04	1.755369e+00	5.509081e-01
3.460823820460172e-04	1.755540e+00	5.506144e-01
3.461770183091768e-04	1.755588e+00	5.500217e-01
3.462603324978311e-04	1.755673e+00	5.494352e-01
3.463110438011728e-04	1.755690e+00	5.490198e-01
3.463793493295974e-04	1.755673e+00	5.484138e-01
3.464632002877887e-04	1.755570e+00	5.476156e-01
3.465868414299872e-04	1.755251e+00	5.464288e-01
3.467649378906307e-04	1.754432e+00	5.449465e-01
3.470096230041758e-04	1.753024e+00	5.445513e-01
3.471776851751482e-04	1.752009e+00	5.471271e-01
3.473544564994169e-04	1.750580e+00	5.527666e-01
3.474471798077489e-04	1.749711e+00	5.565602e-01
3.475088384480123e-04	1.749166e+00	5.593572e-01
3.475536387644362e-04	1.748788e+00	5.614175e-01
3.475960277985431e-04	1.748447e+00	5.633324e-01
3.476566029055597e-04	1.747978e+00	5.658649e-01
3.477777531195931e-04	1.747070e+00	5.700865e-01
3.478955156838092e-04	1.746235e+00	5.727222e-01
3.480155107091844e-04	1.745519e+00	5.732514e-01
3.481309418821354e-04	1.744961e+00	5.712937e-01
3.482593645125327e-04	1.744858e+00	5.671842e-01
3.483315444744535e-04	1.744980e+00	5.641463e-01
3.483918418192416e-04	1.745009e+00	5.610762e-01
3.484515072206150e-04	1.745033e+00	5.578276e-01
3.485114211447731e-04	1.745070e+00	5.544931e-01
3.485692989678518e-04	1.745104e+00	5.512879e-01
3.486333543366351e-04	1.745123e+00	5.478305e-01
3.486728000864063e-04	1.745118e+00	5.457985e-01
3.487140253919173e-04	1.745107e+00	5.438279e-01
3.487613149444930e-04	1.745085e+00	5.417875e-01
3.488180832675442e-04	1.745038e+00	5.396839e-01
3.488748710510596e-04	1.744943e+00	5.379712e-01
3.489199565623596e-04	1.744860e+00	5.370312e-01
3.489780995097919e-04	1.744747e+00	5.364556e-01
3.490441146369938e-04	1.744638e+00	5.366577e-01
3.491503338883627e-04	1.744396e+00	5.383425e-01
3.492845079151410e-04	1.743683e+00	5.417002e-01
3.494306093311253e-04	1.742468e+00	5.462666e-01
3.495608749974539e-04	1.741259e+00	5.507214e-01
3.496957514694495e-04	1.740128e+00	5.553104e-01
3.497674862508662e-04	1.739584e+00	5.574781e-01
3.498258933595414e-04	1.739141e+00	5.588854e-01
3.498837365684382e-04	1.738706e+00	5.599026e-01
3.499473686910918e-04	1.738225e+00	5.604850e-01
3.500282092109650e-04	1.737655e+00	5.603798e-01
3.501827811405173e-04	1.736691e+00	5.570404e-01
3.502573569902291e-04	1.736372e+00	5.543022e-01
3.502993578211572e-04	1.736213e+00	5.524756e-01
3.503338625025415e-04	1.736051e+00	5.507783e-01
3.503748598787285e-04	1.735857e+00	5.486346e-01
3.504179733060892e-04	1.735669e+00	5.463020e-01
3.504505974745746e-04	1.735525e+00	5.444838e-01
3.504953598561071e-04	1.735315e+00	5.419411e-01
3.505432135375754e-04	1.735090e+00	5.392419e-01
3.506258576933661e-04	1.734706e+00	5.348221e-01
3.507437641782593e-04	1.734187e+00	5.294154e-01
3.508686081005820e-04	1.733649e+00	5.256685e-01
3.510361976103593e-04	1.732494e+00	5.228845e-01
3.512084073511085e-04	1.730521e+00	5.197186e-01
3.513607002397130e-04	1.728428e+00	5.156347e-01
3.515201900003677e-04	1.726159e+00	5.107120e-01
3.517156002894147e-04	1.723180e+00	5.053774e-01
3.519335154763914e-04	1.719612e+00	5.023223e-01
3.520836820041712e-04	1.716921e+00	5.054199e-01
3.522183031705034e-04	1.714295e+00	5.156000e-01
3.523424275269877e-04	1.711313e+00	5.302816e-01
3.524194205632235e-04	1.709325e+00	5.412090e-01
3.524789149269607e-04	1.707903e+00	5.504064e-01
3.525063277150368e-04	1.707286e+00	5.547548e-01
3.525272202823264e-04	1.706846e+00	5.580983e-01
3.525464566506161e-04	1.706453e+00	5.611652e-01
3.525770305534357e-04	1.705861e+00	5.659824e-01
3.526278738575769e-04	1.704953e+00	5.736417e-01
3.527295604658592e-04	1.703191e+00	5.870097e-01
3.528533596247691e-04	1.701223e+00	5.990317e-01
3.529652764494119e-04	1.700648e+00	6.051751e-01
3.530873068968944e-04	1.700014e+00	6.058676e-01
3.532232922124795e-04	1.700152e+00	6.039062e-01
3.533575532488783e-04	1.700801e+00	6.007068e-01
3.534999367123130e-04	1.703496e+00	5.980549e-01
3.536250175943619e-04	1.707057e+00	5.963544e-01
3.537329334954927e-04	1.710114e+00	5.948183e-01
3.538541403737047e-04	1.713579e+00	5.935561e-01
3.540021597217236e-04	1.717495e+00	5.920134e-01
3.540837946859989e-04	1.719483e+00	5.899745e-01
3.541619914245622e-04	1.721397e+00	5.860059e-01
3.542457544320403e-04	1.723444e+00	5.797438e-01
3.543135792278229e-04	1.725087e+00	5.734696e-01
3.543893817370403e-04	1.726851e+00	5.654622e-01
3.544831565870857e-04	1.728926e+00	5.548930e-01
3.545538355650481e-04	1.730363e+00	5.467574e-01
3.546063824788738e-04	1.731322e+00	5.408284e-01
3.546759213602023e-04	1.732465e+00	5.334673e-01
3.548035267156333e-04	1.734291e+00	5.218927e-01
3.549867178190520e-04	1.736057e+00	5.141356e-01
3.550585413547961e-04	1.736496e+00	5.134955e-01
3.551390684319324e-04	1.736865e+00	5.124964e-01
3.552692661819735e-04	1.738731e+00	5.113569e-01
3.554445838508026e-04	1.740014e+00	5.081588e-01
3.556793176512051e-04	1.735559e+00	4.989046e-01
3.558985591264337e-04	1.729008e+00	4.908872e-01
3.560387220095247e-04	1.726551e+00	4.903209e-01
3.561729266412053e-04	1.724062e+00	4.922897e-01
3.563205644950411e-04	1.720633e+00	4.957558e-01
3.564458696921518e-04	1.717290e+00	4.992650e-01
3.565984149660865e-04	1.712889e+00	5.035913e-01
3.567558081222342e-04	1.708224e+00	5.073254e-01
3.569132049363950e-04	1.703605e+00	5.095772e-01
3.570775722485688e-04	1.699128e+00	5.108274e-01
3.572032130815560e-04	1.695944e+00	5.119798e-01
3.573323516052901e-04	1.692717e+00	5.137242e-01
3.574657836947115e-04	1.689461e+00	5.158636e-01
3.576587613114991e-04	1.684892e+00	5.187351e-01
3.578814320383285e-04	1.679896e+00	5.207143e-01
3.581298931715305e-04	1.675057e+00	5.213357e-01
3.583662508588805e-04	1.671197e+00	5.212873e-01
3.585754345817719e-04	1.668094e+00	5.210400e-01
3.588017478634393e-04	1.664931e+00	5.205116e-01
3.590632490164263e-04	1.661402e+00	5.181236e-01
3.591863393147152e-04	1.659759e+00	5.141219e-01
3.593010538209955e-04	1.658359e+00	5.073928e-01
3.594050494812806e-04	1.657180e+00	4.997978e-01
3.595103785686793e-04	1.655955e+00	4.914814e-01
3.596810015512832e-04	1.653964e+00	4.789882e-01
3.598452388950744e-04	1.651858e+00	4.705116e-01
3.600293190776679e-04	1.648805e+00	4.663259e-01
3.602238153398347e-04	1.644351e+00	4.650434e-01
3.603782192767809e-04	1.640201e+00	4.646928e-01
3.605718460863882e-04	1.634790e+00	4.646017e-01
3.607956180562079e-04	1.628257e+00	4.645751e-01
3.609994720966261e-04	1.622309e+00	4.660531e-01
3.611054324185956e-04	1.619198e+00	4.701859e-01
3.611793349564362e-04	1.616993e+00	4.768614e-01
3.612508770139109e-04	1.614883e+00	4.865243e-01
3.613333131169629e-04	1.612410e+00	5.000969e-01
3.614168940862533e-04	1.609758e+00	5.153618e-01
3.614765759110636e-04	1.607905e+00	5.269183e-01
3.615241045329630e-04	1.606542e+00	5.363802e-01
3.615483245631669e-04	1.605887e+00	5.412171e-01
3.615660905671706e-04	1.605424e+00	5.447413e-01
3.615835973564029e-04	1.604980e+00	5.481740e-01
3.616115405381019e-04	1.604295e+00	5.535281e-01
3.616611204901776e-04	1.603171e+00	5.624616e-01
3.617602803943292e-04	1.601111e+00	5.780606e-01
3.618553870867965e-04	1.599371e+00	5.891014e-01
3.619630878484344e-04	1.598271e+00	5.956818e-01
3.620733309425293e-04	1.598643e+00	5.962212e-01
3.622403497311481e-04	1.597679e+00	5.859550e-01
3.624121652573821e-04	1.598027e+00	5.704540e-01
3.625368094363025e-04	1.602524e+00	5.609109e-01
3.626101209057952e-04	1.605191e+00	5.549434e-01
3.626762391608082e-04	1.607137e+00	5.493628e-01
3.627417138111488e-04	1.609060e+00	5.444971e-01
3.628372784018062e-04	1.611659e+00	5.384956e-01
3.628938399025838e-04	1.613079e+00	5.358015e-01
3.629991698092722e-04	1.615619e+00	5.336002e-01
3.630553483060138e-04	1.616912e+00	5.335365e-01
3.631150883276033e-04	1.618280e+00	5.338476e-01
3.632316626798437e-04	1.620472e+00	5.345146e-01
3.633026967641894e-04	1.621861e+00	5.354899e-01
3.633737308485352e-04	1.623204e+00	5.364798e-01
3.634447649328810e-04	1.624501e+00	5.374843e-01
3.635157990172268e-04	1.625754e+00	5.385034e-01
3.635868331015725e-04	1.626960e+00	5.395372e-01
3.636578671859183e-04	1.628122e+00	5.405856e-01
3.637289012702641e-04	1.629238e+00	5.416487e-01
3.639309771226411e-04	1.631934e+00	5.428997e-01
3.641635564130580e-04	1.634541e+00	5.425638e-01
3.644751506440871e-04	1.637899e+00	5.408751e-01
3.648582269762066e-04	1.641547e+00	5.389896e-01
3.650642750272880e-04	1.643359e+00	5.391877e-01
3.652144183937269e-04	1.644626e+00	5.407989e-01
3.653787179890833e-04	1.645757e+00	5.438506e-01
3.654999716254738e-04	1.646479e+00	5.465268e-01
3.656269835217245e-04	1.647251e+00	5.493518e-01
3.657856142694076e-04	1.648235e+00	5.522984e-01
3.658991582890238e-04	1.648969e+00	5.535503e-01
3.660965472235272e-04	1.650556e+00	5.531886e-01
3.662213718932620e-04	1.651602e+00	5.499498e-01
3.662656857072369e-04	1.652002e+00	5.483889e-01
3.663185923232271e-04	1.652446e+00	5.462214e-01
3.663777705148950e-04	1.652949e+00	5.435829e-01
3.664471178223420e-04	1.653529e+00	5.402950e-01
3.665318648301875e-04	1.654196e+00	5.361912e-01
3.666669695828908e-04	1.655310e+00	5.302710e-01
3.668392428475582e-04	1.656884e+00	5.248944e-01
3.669981223843472e-04	1.658169e+00	5.219973e-01
3.671916785946033e-04	1.658771e+00	5.179035e-01
3.673426206891692e-04	1.658580e+00	5.124005e-01
3.675070831134027e-04	1.658291e+00	5.050374e-01
3.676798683695516e-04	1.657785e+00	4.979478e-01
3.679025759416144e-04	1.656514e+00	4.922609e-01
3.681408237864283e-04	1.654308e+00	4.916099e-01
3.684180890502472e-04	1.649977e+00	4.946168e-01
3.685694094657881e-04	1.647345e+00	4.972193e-01
3.687250004654020e-04	1.644619e+00	4.998734e-01
3.689017953357338e-04	1.641489e+00	5.020905e-01
3.690762907638456e-04	1.638671e+00	5.052511e-01
3.691651606066106e-04	1.637342e+00	5.094566e-01
3.692573439134063e-04	1.635933e+00	5.169721e-01
3.693508749988385e-04	1.634510e+00	5.266722e-01
3.694662260266585e-04	1.632609e+00	5.399722e-01
3.695164723734530e-04	1.631801e+00	5.460160e-01
3.695477110187108e-04	1.631382e+00	5.498610e-01
3.695776958424721e-04	1.631009e+00	5.535168e-01
3.696081536759609e-04	1.630664e+00	5.571374e-01
3.696690693429384e-04	1.630122e+00	5.638782e-01
3.697909006768935e-04	1.629383e+00	5.751980e-01
3.699090467534894e-04	1.628830e+00	5.820005e-01
3.700321209786966e-04	1.628443e+00	5.828563e-01
3.701321118241707e-04	1.628235e+00	5.774705e-01
3.702520458998078e-04	1.628407e+00	5.645825e-01
3.703742731312452e-04	1.630669e+00	5.489771e-01
3.704345353259394e-04	1.632421e+00	5.406332e-01
3.704777889372737e-04	1.633279e+00	5.338378e-01
3.705211476956227e-04	1.634031e+00	5.268404e-01
3.705731598661982e-04	1.634926e+00	5.185021e-01
3.706030308535690e-04	1.635421e+00	5.137972e-01
3.706348042469235e-04	1.635912e+00	5.089314e-01
3.706770075565062e-04	1.636536e+00	5.027562e-01
3.707216699567487e-04	1.637153e+00	4.966367e-01
3.707651175807052e-04	1.637710e+00	4.911774e-01
3.708209936984985e-04	1.638367e+00	4.851075e-01
3.708820211159394e-04	1.639010e+00	4.801260e-01
3.709665582397847e-04	1.639757e+00	4.764804e-01
3.710261177912838e-04	1.640198e+00	4.764969e-01
3.710911109183649e-04	1.640907e+00	4.791965e-01
3.711885917498829e-04	1.642147e+00	4.874685e-01
3.713108802309211e-04	1.643367e+00	5.022754e-01
3.714679083529567e-04	1.642199e+00	5.229548e-01
3.715871083163968e-04	1.639858e+00	5.382456e-01
3.717111898079063e-04	1.638393e+00	5.543259e-01
3.717642831206611e-04	1.638141e+00	5.607462e-01
3.717964722800342e-04	1.638000e+00	5.641115e-01
3.718276180665571e-04	1.637846e+00	5.669361e-01
3.718585733266004e-04	1.637656e+00	5.691959e-01
3.719204838466870e-04	1.637338e+00	5.723942e-01
3.719835809525453e-04	1.637144e+00	5.738793e-01
3.720611816957363e-04	1.636994e+00	5.731829e-01
3.721447980074214e-04	1.636862e+00	5.699429e-01
3.722613546576341e-04	1.636937e+00	5.625782e-01
3.723892171326197e-04	1.638408e+00	5.534110e-01
3.724524136899092e-04	1.639423e+00	5.484243e-01
3.725044286219457e-04	1.640043e+00	5.438351e-01
3.725587339935365e-04	1.640665e+00	5.389975e-01
3.726130691986471e-04	1.641338e+00	5.343136e-01
3.726634155008786e-04	1.641964e+00	5.301419e-01
3.727164555789629e-04	1.642573e+00	5.260522e-01
3.727528366859249e-04	1.642974e+00	5.235069e-01
3.727931619087537e-04	1.643407e+00	5.209479e-01
3.728638946442334e-04	1.644129e+00	5.172905e-01
3.729434129472970e-04	1.644898e+00	5.148679e-01
3.730635294431104e-04	1.646053e+00	5.156062e-01
3.731534909945141e-04	1.647066e+00	5.200122e-01
3.732703304948591e-04	1.648178e+00	5.289766e-01
3.734029397605482e-04	1.648639e+00	5.413940e-01
3.735209616011803e-04	1.648284e+00	5.531119e-01
3.735863898021081e-04	1.648132e+00	5.598058e-01
3.736290554481394e-04	1.648184e+00	5.642059e-01
3.736529498568586e-04	1.648246e+00	5.666106e-01
3.736744297782567e-04	1.648318e+00	5.687088e-01
3.736960267310195e-04	1.648403e+00	5.707313e-01
3.737385777544091e-04	1.648609e+00	5.743790e-01
3.738203673573863e-04	1.649032e+00	5.801639e-01
3.739109672852076e-04	1.649533e+00	5.844202e-01
3.739979894232346e-04	1.650035e+00	5.854113e-01
3.740960716001616e-04	1.650623e+00	5.823200e-01
3.741846889731702e-04	1.651145e+00	5.754751e-01
3.743083340174273e-04	1.653517e+00	5.631273e-01
3.743700410175107e-04	1.655256e+00	5.561441e-01
3.744179321014840e-04	1.656256e+00	5.497189e-01
3.744660615748267e-04	1.657174e+00	5.429215e-01
3.745225226889392e-04	1.658242e+00	5.348617e-01
3.745859069712914e-04	1.659425e+00	5.259067e-01
3.746233187819274e-04	1.660076e+00	5.207499e-01
3.746631343622495e-04	1.660718e+00	5.154979e-01
3.747109198734720e-04	1.661444e+00	5.096074e-01
3.747635253319408e-04	1.662181e+00	5.037394e-01
3.748347436666495e-04	1.663075e+00	4.969332e-01
3.749355345062675e-04	1.664137e+00	4.911880e-01
3.750407065271365e-04	1.665013e+00	4.907754e-01
3.751085073979501e-04	1.665626e+00	4.938630e-01
3.752102150594938e-04	1.667188e+00	5.031396e-01
3.753412735410509e-04	1.668338e+00	5.188311e-01
3.754875695279935e-04	1.667156e+00	5.373133e-01
3.756047223720613e-04	1.665178e+00	5.518458e-01
3.756951649669291e-04	1.664229e+00	5.630622e-01
3.757398032165206e-04	1.664021e+00	5.683165e-01
3.757689025420203e-04	1.663914e+00	5.714235e-01
3.757953810596997e-04	1.663806e+00	5.739681e-01
3.758267020677242e-04	1.663642e+00	5.765105e-01
3.758893440837732e-04	1.663363e+00	5.803784e-01
3.759601758628215e-04	1.663196e+00	5.827276e-01
3.760409112454693e-04	1.663079e+00	5.818705e-01
3.761243607131847e-04	1.663082e+00	5.766823e-01
3.762062567045427e-04	1.662997e+00	5.671243e-01
3.763136896581775e-04	1.664197e+00	5.515865e-01
3.763644352904130e-04	1.665208e+00	5.433961e-01
3.764005872616823e-04	1.665660e+00	5.367208e-01
3.764372680799057e-04	1.666063e+00	5.296442e-01
3.764704068831779e-04	1.666436e+00	5.231427e-01
3.764974408455996e-04	1.666717e+00	5.177719e-01
3.765280970531333e-04	1.667002e+00	5.116562e-01
3.765652584355820e-04	1.667342e+00	5.043153e-01
3.766025353331906e-04	1.667674e+00	4.971003e-01
3.766384162551081e-04	1.667972e+00	4.903681e-01
3.766743420632034e-04	1.668250e+00	4.838758e-01
3.766953352210208e-04	1.668399e+00	4.802526e-01
3.767244741906715e-04	1.668583e+00	4.754891e-01
3.767562414371566e-04	1.668771e+00	4.706777e-01
3.767995016197247e-04	1.668996e+00	4.648188e-01
3.768445276542423e-04	1.669206e+00	4.597592e-01
3.769051817823329e-04	1.669453e+00	4.549025e-01
3.769749615790899e-04	1.669784e+00	4.524599e-01
3.770770481439037e-04	1.670171e+00	4.534360e-01
3.772121174609224e-04	1.670362e+00	4.593273e-01
3.774477224201045e-04	1.665651e+00	4.706473e-01
3.776728295241862e-04	1.658576e+00	4.813225e-01
3.777980869319533e-04	1.655748e+00	4.876824e-01
3.779131924093905e-04	1.652804e+00	4.911234e-01
3.780258122528945e-04	1.649786e+00	4.918610e-01
3.781516688514743e-04	1.646690e+00	4.906058e-01
3.782306988179957e-04	1.644834e+00	4.889100e-01
3.783084745705613e-04	1.642893e+00	4.864712e-01
3.783884293906741e-04	1.640893e+00	4.835525e-01
3.784860104378322e-04	1.638481e+00	4.797355e-01
3.785819222859744e-04	1.636140e+00	4.759829e-01
3.786756190857019e-04	1.633830e+00	4.725313e-01
3.787698559403449e-04	1.631490e+00	4.696102e-01
3.788843218577464e-04	1.628657e+00	4.673782e-01
3.790334921005101e-04	1.624803e+00	4.675425e-01
3.791422237571856e-04	1.622051e+00	4.722259e-01
3.792793729000862e-04	1.618464e+00	4.842495e-01
3.794077628299230e-04	1.614720e+00	4.989291e-01
3.795439687001373e-04	1.610677e+00	5.160405e-01
3.796902988645997e-04	1.606823e+00	5.341678e-01
3.797538807640324e-04	1.605447e+00	5.413041e-01
3.798011465146598e-04	1.604494e+00	5.457431e-01
3.798476762311738e-04	1.603586e+00	5.492240e-01
3.799106058618665e-04	1.602435e+00	5.524726e-01
3.799824445956976e-04	1.601271e+00	5.541532e-01
3.800598748616399e-04	1.600186e+00	5.536981e-01
3.801519244873616e-04	1.599391e+00	5.512334e-01
3.802665314311657e-04	1.598923e+00	5.464135e-01
3.803495111191237e-04	1.598667e+00	5.417684e-01
3.804239913781707e-04	1.598606e+00	5.370272e-01
3.804922988571063e-04	1.598684e+00	5.324842e-01
3.805497859603574e-04	1.598813e+00	5.286262e-01
3.806087232136880e-04	1.598998e+00	5.247373e-01
3.806328889586929e-04	1.599081e+00	5.231878e-01
3.806664120496121e-04	1.599190e+00	5.211088e-01
3.807027488889733e-04	1.599320e+00	5.189919e-01
3.807621149078066e-04	1.599551e+00	5.158665e-01
3.808209450263774e-04	1.599819e+00	5.133396e-01
3.809103598427186e-04	1.600274e+00	5.108353e-01
3.810133914435298e-04	1.600844e+00	5.101272e-01
3.811341707081926e-04	1.601431e+00	5.121417e-01
3.812567882842248e-04	1.601766e+00	5.165345e-01
3.813717216309103e-04	1.601931e+00	5.222500e-01
3.814934637919059e-04	1.602004e+00	5.291587e-01
3.816063804290029e-04	1.602031e+00	5.355735e-01
3.817220410199482e-04	1.602148e+00	5.414567e-01
3.818402853446507e-04	1.602456e+00	5.462919e-01
3.819094031317518e-04	1.602739e+00	5.481885e-01
3.819734223270548e-04	1.603040e+00	5.490050e-01
3.821054543077778e-04	1.603816e+00	5.497109e-01
3.822267811373994e-04	1.604796e+00	5.512818e-01
3.823545665317555e-04	1.606118e+00	5.537628e-01
3.825808831656751e-04	1.608644e+00	5.585557e-01
3.827624071484640e-04	1.611129e+00	5.619380e-01
3.829299769426428e-04	1.613718e+00	5.632719e-01
3.830844127665003e-04	1.616355e+00	5.609480e-01
3.832203319837578e-04	1.619166e+00	5.548458e-01
3.833005954037014e-04	1.621078e+00	5.493110e-01
3.833422803498026e-04	1.622002e+00	5.457358e-01
3.833925092386672e-04	1.623030e+00	5.409776e-01
3.834750169020317e-04	1.624738e+00	5.328130e-01
3.835608889585657e-04	1.626383e+00	5.240970e-01
3.836471237930858e-04	1.627958e+00	5.157156e-01
3.837160208411339e-04	1.629111e+00	5.096444e-01
3.838200403910225e-04	1.630668e+00	5.022908e-01
3.839880510079213e-04	1.632868e+00	4.974474e-01
3.841160450995128e-04	1.634853e+00	5.008976e-01
3.843427382154153e-04	1.637926e+00	5.149657e-01
3.845077412189552e-04	1.636862e+00	5.254861e-01
3.846410138176906e-04	1.635426e+00	5.341643e-01
3.847777178487440e-04	1.634179e+00	5.417850e-01
3.849042557791677e-04	1.633635e+00	5.467738e-01
3.850005064064202e-04	1.633558e+00	5.477637e-01
3.850963341012826e-04	1.633417e+00	5.442456e-01
3.851979484181332e-04	1.633057e+00	5.348045e-01
3.853373510293852e-04	1.633173e+00	5.161804e-01
3.854499847665860e-04	1.633781e+00	4.985673e-01
3.855711230515189e-04	1.634290e+00	4.784808e-01
3.856943032545044e-04	1.634805e+00	4.598739e-01
3.858214118587052e-04	1.634913e+00	4.452351e-01
3.859639243640858e-04	1.634385e+00	4.369938e-01
3.861308700864358e-04	1.632722e+00	4.365797e-01
3.863752065740880e-04	1.626193e+00	4.406531e-01
3.866040260303559e-04	1.619419e+00	4.469079e-01
3.868136784844120e-04	1.612596e+00	4.520496e-01
3.869789475480721e-04	1.606936e+00	4.548701e-01
3.870921370348626e-04	1.603257e+00	4.579494e-01
3.871591725462148e-04	1.601046e+00	4.617911e-01
3.872233944385495e-04	1.598883e+00	4.675031e-01
3.872943559326247e-04	1.596487e+00	4.753529e-01
3.873699299907105e-04	1.593967e+00	4.850057e-01
3.874629604340096e-04	1.590947e+00	4.978579e-01
3.876304967738989e-04	1.585475e+00	5.209708e-01
3.876956223164192e-04	1.583585e+00	5.294974e-01
3.877378502393110e-04	1.582492e+00	5.345302e-01
3.877702831587595e-04	1.581681e+00	5.380153e-01
3.878025517585472e-04	1.580883e+00	5.409962e-01
3.878670889581225e-04	1.579384e+00	5.457468e-01
3.879328507548395e-04	1.578017e+00	5.488366e-01
3.880104802264618e-04	1.576590e+00	5.498873e-01
3.880886251355148e-04	1.575332e+00	5.484465e-01
3.881913373959754e-04	1.574350e+00	5.444520e-01
3.882620000366905e-04	1.574162e+00	5.407924e-01
3.883217555622134e-04	1.573899e+00	5.367005e-01
3.883805717217715e-04	1.573690e+00	5.321722e-01
3.884384502876672e-04	1.573577e+00	5.274432e-01
3.885048348827060e-04	1.573574e+00	5.219065e-01
3.885382351391288e-04	1.573615e+00	5.191156e-01
3.885594920289124e-04	1.573638e+00	5.173365e-01
3.885913223863355e-04	1.573675e+00	5.147037e-01
3.886301028095916e-04	1.573740e+00	5.115961e-01
3.886800378785132e-04	1.573847e+00	5.078074e-01
3.887356415723564e-04	1.573998e+00	5.039960e-01
3.888094997792558e-04	1.574245e+00	4.998288e-01
3.889028779856193e-04	1.574707e+00	4.965821e-01
3.890440311560500e-04	1.575235e+00	4.941031e-01
3.891719581908963e-04	1.575270e+00	4.916845e-01
3.893011934366433e-04	1.575068e+00	4.880035e-01
3.894189495524714e-04	1.574822e+00	4.838456e-01
3.895971184587558e-04	1.574327e+00	4.774223e-01
3.897926805875002e-04	1.573443e+00	4.720542e-01
3.900514205938514e-04	1.571319e+00	4.671475e-01
3.902656077585180e-04	1.568392e+00	4.617791e-01
3.904601267744351e-04	1.565320e+00	4.550144e-01
3.906612107071296e-04	1.562228e+00	4.481452e-01
3.908710128987278e-04	1.558658e+00	4.434389e-01
3.910631769303375e-04	1.554772e+00	4.443661e-01
3.912105754078150e-04	1.551591e+00	4.522117e-01
3.913832856187772e-04	1.547135e+00	4.682484e-01
3.915118951921368e-04	1.543368e+00	4.822414e-01
3.916470768808188e-04	1.539618e+00	4.968208e-01
3.918044965461058e-04	1.535730e+00	5.103940e-01
3.919505036342639e-04	1.532561e+00	5.157059e-01
3.921405487179584e-04	1.529313e+00	5.088757e-01
3.923600674833401e-04	1.528262e+00	4.884456e-01
3.924982952611386e-04	1.528062e+00	4.704862e-01
3.926115774726510e-04	1.527784e+00	4.546724e-01
3.927303153894316e-04	1.527427e+00	4.399938e-01
3.928553467961875e-04	1.526951e+00	4.289832e-01
3.929892056928037e-04	1.526267e+00	4.245283e-01
3.931491190487641e-04	1.524600e+00	4.282126e-01
3.933307995616372e-04	1.520634e+00	4.386678e-01
3.934610325845863e-04	1.517420e+00	4.491396e-01
3.935831941561439e-04	1.514485e+00	4.600511e-01
3.937061827676852e-04	1.511490e+00	4.700608e-01
3.938315139394484e-04	1.508559e+00	4.778201e-01
3.939547548063364e-04	1.505891e+00	4.820682e-01
3.940945505573170e-04	1.503547e+00	4.850616e-01
3.942029814642666e-04	1.502206e+00	4.887632e-01
3.943456562706818e-04	1.500564e+00	4.960711e-01
3.944844340971161e-04	1.499276e+00	5.044873e-01
3.946612997346906e-04	1.497917e+00	5.145963e-01
3.948702520948738e-04	1.496892e+00	5.223211e-01
3.951165996712447e-04	1.496810e+00	5.255626e-01
3.953525562626808e-04	1.498613e+00	5.270809e-01
3.955594306488064e-04	1.500823e+00	5.282095e-01
3.957090879705792e-04	1.502914e+00	5.289965e-01
3.958951199645972e-04	1.506028e+00	5.296523e-01
3.960233450726067e-04	1.508335e+00	5.287503e-01
3.961547664967398e-04	1.510706e+00	5.245173e-01
3.962820844007113e-04	1.513134e+00	5.168575e-01
3.964031697864514e-04	1.515489e+00	5.071277e-01
3.965493925614719e-04	1.518356e+00	4.943385e-01
3.966995601904815e-04	1.521249e+00	4.827233e-01
3.968996285487386e-04	1.524706e+00	4.726459e-01
3.970972186564604e-04	1.527083e+00	4.672771e-01
3.972589523970729e-04	1.528507e+00	4.630283e-01
3.974606441490511e-04	1.530251e+00	4.560771e-01
3.976441413526407e-04	1.529714e+00	4.483350e-01
3.979087205316685e-04	1.526263e+00	4.392673e-01
3.981363055072419e-04	1.522238e+00	4.357618e-01
3.983197093701982e-04	1.519188e+00	4.359963e-01
3.985273103870892e-04	1.515369e+00	4.370549e-01
3.987413326687970e-04	1.510762e+00	4.378694e-01
3.989413116412378e-04	1.506101e+00	4.385576e-01
3.990691845244406e-04	1.503080e+00	4.403088e-01
3.991502887875787e-04	1.501174e+00	4.437327e-01
3.992378278232577e-04	1.499076e+00	4.500860e-01
3.993184071645201e-04	1.497094e+00	4.575635e-01
3.994005089110975e-04	1.495123e+00	4.664218e-01
3.995135326278424e-04	1.492430e+00	4.792263e-01
3.996775269085006e-04	1.488491e+00	4.960726e-01
3.998545508397882e-04	1.484818e+00	5.085067e-01
4.000421533262372e-04	1.482197e+00	5.099580e-01
4.002547551243976e-04	1.480463e+00	4.943606e-01
4.005199277839404e-04	1.480280e+00	4.609151e-01
4.006517218468049e-04	1.481451e+00	4.439418e-01
4.007974615273211e-04	1.481952e+00	4.276351e-01
4.009197077834942e-04	1.481934e+00	4.192843e-01
4.010469451300383e-04	1.481710e+00	4.177455e-01
4.012009888904840e-04	1.480721e+00	4.224900e-01
4.013777366154551e-04	1.477600e+00	4.313143e-01
4.015315612559958e-04	1.474166e+00	4.406324e-01
4.016574153761544e-04	1.471694e+00	4.487555e-01
4.017832249782611e-04	1.469232e+00	4.554889e-01
4.019108519133067e-04	1.466744e+00	4.596469e-01
4.020532861593479e-04	1.464422e+00	4.624435e-01
4.021637181726077e-04	1.462993e+00	4.656387e-01
4.022756895818900e-04	1.461596e+00	4.708902e-01
4.023921570248381e-04	1.460234e+00	4.779410e-01
4.025506258770273e-04	1.458568e+00	4.882883e-01
4.027281702976329e-04	1.456904e+00	4.979292e-01
4.029571738503212e-04	1.455543e+00	5.032402e-01
4.031872143075304e-04	1.454614e+00	4.963500e-01
4.034238455762913e-04	1.455861e+00	4.797126e-01
4.035712576715321e-04	1.457599e+00	4.670825e-01
4.037031726556782e-04	1.458886e+00	4.560102e-01
4.038395108960316e-04	1.460143e+00	4.476700e-01
4.039866974215932e-04	1.461268e+00	4.443157e-01
4.041195460669511e-04	1.462247e+00	4.491615e-01
4.042850947176024e-04	1.462622e+00	4.645210e-01
4.044427682790719e-04	1.461325e+00	4.838039e-01
4.045658552019246e-04	1.460195e+00	5.005179e-01
4.046953312661356e-04	1.459569e+00	5.174159e-01
4.048140862072590e-04	1.459638e+00	5.308204e-01
4.048669056986791e-04	1.459838e+00	5.354733e-01
4.049008500807824e-04	1.459970e+00	5.376061e-01
4.049335813918585e-04	1.460098e+00	5.389584e-01
4.049833537898158e-04	1.460345e+00	5.398452e-01
4.050373665934626e-04	1.460695e+00	5.392247e-01
4.050929754275153e-04	1.461119e+00	5.366115e-01
4.051544961656235e-04	1.461639e+00	5.314891e-01
4.052267175506584e-04	1.462592e+00	5.236325e-01
4.052631017272131e-04	1.463181e+00	5.189473e-01
4.052939807213962e-04	1.463647e+00	5.144195e-01
4.053261920821680e-04	1.464122e+00	5.093343e-01
4.053850843518431e-04	1.465129e+00	4.995373e-01
4.054131923149638e-04	1.465573e+00	4.945583e-01
4.054450961127637e-04	1.466079e+00	4.887872e-01
4.054870879408294e-04	1.466764e+00	4.810995e-01
4.055323675420215e-04	1.467512e+00	4.728114e-01
4.055913291006380e-04	1.468476e+00	4.622386e-01
4.056608562965501e-04	1.469600e+00	4.505927e-01
4.057595283423692e-04	1.471139e+00	4.367000e-01
4.058925049346473e-04	1.472976e+00	4.241353e-01
4.060223320568424e-04	1.474900e+00	4.207209e-01
4.062014683088205e-04	1.478517e+00	4.277825e-01
4.063984351142912e-04	1.478255e+00	4.382862e-01
4.065764273343470e-04	1.474507e+00	4.472142e-01
4.067093509070922e-04	1.471609e+00	4.538166e-01
4.068235301510111e-04	1.469741e+00	4.587286e-01
4.069365836921057e-04	1.468351e+00	4.618452e-01
4.070346189232894e-04	1.467339e+00	4.625700e-01
4.071347624136872e-04	1.466310e+00	4.614703e-01
4.072341362967200e-04	1.465353e+00	4.591974e-01
4.073329387889683e-04	1.464388e+00	4.560299e-01
4.074458579735255e-04	1.463301e+00	4.517816e-01
4.075505007125510e-04	1.462321e+00	4.476534e-01
4.076486997910630e-04	1.461373e+00	4.439066e-01
4.077561690831989e-04	1.460303e+00	4.403423e-01
4.078623668072831e-04	1.459256e+00	4.379556e-01
4.080130050025770e-04	1.457747e+00	4.374094e-01
4.081779239831096e-04	1.455875e+00	4.411761e-01
4.083603959361791e-04	1.453209e+00	4.494843e-01
4.084880093786174e-04	1.451144e+00	4.568972e-01
4.086227498697974e-04	1.449121e+00	4.650467e-01
4.087727484245282e-04	1.447041e+00	4.726207e-01
4.089162800893950e-04	1.445332e+00	4.768408e-01
4.090997208500843e-04	1.443884e+00	4.789452e-01
4.092512804238631e-04	1.443340e+00	4.802616e-01
4.094114537781240e-04	1.443025e+00	4.819697e-01
4.095791552567063e-04	1.442837e+00	4.837171e-01
4.098015487018083e-04	1.442992e+00	4.855866e-01
4.101114719287966e-04	1.444219e+00	4.898912e-01
4.102723544739486e-04	1.445530e+00	4.962337e-01
4.104593720057383e-04	1.447125e+00	5.077958e-01
4.106225243832676e-04	1.448402e+00	5.180859e-01
4.108056132575410e-04	1.450183e+00	5.280253e-01
4.108861742780334e-04	1.451323e+00	5.311524e-01
4.110172685871722e-04	1.453584e+00	5.325447e-01
4.111175387283986e-04	1.455441e+00	5.273017e-01
4.112039040453427e-04	1.457398e+00	5.185682e-01
4.112620055855843e-04	1.458659e+00	5.102630e-01
4.113030678877428e-04	1.459567e+00	5.036137e-01
4.113436677278796e-04	1.460464e+00	4.965257e-01
4.113987927504027e-04	1.461673e+00	4.862690e-01
4.114601173062531e-04	1.462988e+00	4.743585e-01
4.115489910995295e-04	1.464841e+00	4.570036e-01
4.116602587673410e-04	1.467155e+00	4.369536e-01
4.117997309306841e-04	1.469713e+00	4.169423e-01
4.119439368924041e-04	1.471749e+00	4.067126e-01
4.121305498422304e-04	1.475816e+00	4.145945e-01
4.123526646296600e-04	1.479406e+00	4.430392e-01
4.125207180238231e-04	1.475080e+00	4.661115e-01
4.126424670838847e-04	1.471309e+00	4.834385e-01
4.127520050228773e-04	1.468859e+00	4.979014e-01
4.128481722389283e-04	1.467768e+00	5.084424e-01
4.129244587338301e-04	1.467351e+00	5.139799e-01
4.129998535795947e-04	1.466850e+00	5.156414e-01
4.130919275125944e-04	1.466262e+00	5.129319e-01
4.132263231934297e-04	1.465731e+00	5.028484e-01
4.133842037707124e-04	1.466079e+00	4.861567e-01
4.135123246986208e-04	1.466940e+00	4.705502e-01
4.136258069110251e-04	1.467722e+00	4.565371e-01
4.137394990091902e-04	1.468475e+00	4.442449e-01
4.138587589504066e-04	1.469220e+00	4.350765e-01
4.139838786137271e-04	1.469786e+00	4.303773e-01
4.141172781201464e-04	1.469816e+00	4.286415e-01
4.142799982770681e-04	1.468637e+00	4.263654e-01
4.144273935340469e-04	1.466797e+00	4.233759e-01
4.146056772201020e-04	1.464172e+00	4.197561e-01
4.147968627931445e-04	1.460947e+00	4.166728e-01
4.149888355579684e-04	1.457913e+00	4.166602e-01
4.151694419801565e-04	1.454634e+00	4.214196e-01
4.153263493982126e-04	1.451296e+00	4.304177e-01
4.154980867976201e-04	1.447097e+00	4.433145e-01
4.156433083039690e-04	1.443383e+00	4.541794e-01
4.157948457805280e-04	1.439820e+00	4.632846e-01
4.159530825286851e-04	1.436521e+00	4.677672e-01
4.161292341824514e-04	1.433504e+00	4.654404e-01
4.163444578008808e-04	1.431610e+00	4.564348e-01
4.164744226506871e-04	1.430910e+00	4.488010e-01
4.165961518276203e-04	1.430017e+00	4.406601e-01
4.167171244854996e-04	1.429223e+00	4.335303e-01
4.168682278770149e-04	1.428230e+00	4.273291e-01
4.170157989850276e-04	1.426994e+00	4.240049e-01
4.171708750045752e-04	1.425091e+00	4.209656e-01
4.172937714922694e-04	1.423282e+00	4.173541e-01
4.174344466301166e-04	1.421143e+00	4.121431e-01
4.176076502594860e-04	1.418513e+00	4.057036e-01
4.177702528520023e-04	1.415924e+00	4.009713e-01
4.179814511622103e-04	1.412114e+00	3.984569e-01
4.181925014537722e-04	1.407649e+00	4.009306e-01
4.184186067133481e-04	1.401798e+00	4.075713e-01
4.185619242913464e-04	1.397788e+00	4.128461e-01
4.186926781809955e-04	1.394295e+00	4.176483e-01
4.188254006063838e-04	1.390873e+00	4.213964e-01
4.189518106813677e-04	1.387768e+00	4.237878e-01
4.191108807176698e-04	1.384385e+00	4.279970e-01
4.192169202569701e-04	1.382480e+00	4.342516e-01
4.193403263579016e-04	1.380358e+00	4.455689e-01
4.195010114646793e-04	1.377490e+00	4.624580e-01
4.196641642713223e-04	1.374667e+00	4.784132e-01
4.198666774784201e-04	1.372710e+00	4.919552e-01
4.200798735242858e-04	1.371657e+00	4.911543e-01
4.203228006672998e-04	1.370901e+00	4.700247e-01
4.205432635689726e-04	1.373621e+00	4.428691e-01
4.206660082146913e-04	1.375824e+00	4.275943e-01
4.207994205275769e-04	1.377462e+00	4.134443e-01
4.209192875296305e-04	1.378812e+00	4.059082e-01
4.210425417790681e-04	1.380052e+00	4.052123e-01
4.211833321324960e-04	1.381106e+00	4.122327e-01
4.213460580181388e-04	1.380454e+00	4.255986e-01
4.214811429221838e-04	1.378808e+00	4.389353e-01
4.215985350305904e-04	1.377445e+00	4.513349e-01
4.217171811563654e-04	1.376376e+00	4.630534e-01
4.218171282394671e-04	1.375745e+00	4.710139e-01
4.219175568422755e-04	1.375271e+00	4.758223e-01
4.220283532099306e-04	1.374499e+00	4.747975e-01
4.222315248545494e-04	1.373739e+00	4.605905e-01
4.224102603352683e-04	1.375020e+00	4.412488e-01
4.225311556529853e-04	1.376151e+00	4.253673e-01
4.226564414295151e-04	1.377025e+00	4.089572e-01
4.227830397097209e-04	1.377856e+00	3.954256e-01
4.229126820045401e-04	1.378367e+00	3.870010e-01
4.230549509595262e-04	1.378432e+00	3.843817e-01
4.232252272031126e-04	1.377198e+00	3.854709e-01
4.233994518482402e-04	1.373997e+00	3.872548e-01
4.235943030774901e-04	1.369842e+00	3.900463e-01
4.237430060067539e-04	1.366986e+00	3.925712e-01
4.239142350716990e-04	1.363301e+00	3.941120e-01
4.240942382753601e-04	1.359019e+00	3.932559e-01
4.243527020469175e-04	1.353203e+00	3.894411e-01
4.245060108634046e-04	1.349938e+00	3.864353e-01
4.246500218105961e-04	1.346589e+00	3.832330e-01
4.247922296969434e-04	1.343188e+00	3.806361e-01
4.249464749342796e-04	1.339413e+00	3.794413e-01
4.250891184933366e-04	1.335842e+00	3.817737e-01
4.252005769900406e-04	1.332988e+00	3.878468e-01
4.253017857703616e-04	1.330400e+00	3.969964e-01
4.254204756850434e-04	1.327268e+00	4.101337e-01
4.255459292112162e-04	1.323845e+00	4.246532e-01
4.257075997011005e-04	1.319645e+00	4.414870e-01
4.258712166418255e-04	1.316038e+00	4.528089e-01
4.260539512254621e-04	1.313467e+00	4.580869e-01
4.262677129265635e-04	1.313179e+00	4.613221e-01
4.264561292266974e-04	1.313336e+00	4.633851e-01
4.266536077767539e-04	1.313573e+00	4.648402e-01
4.268538154649326e-04	1.314670e+00	4.657578e-01
4.270335162503178e-04	1.316147e+00	4.633690e-01
4.271916119462662e-04	1.317473e+00	4.542064e-01
4.273451130837215e-04	1.319412e+00	4.384668e-01
4.274939339080361e-04	1.321795e+00	4.196960e-01
4.276341370169356e-04	1.323990e+00	4.019605e-01
4.277927501811869e-04	1.326301e+00	3.863056e-01
4.279756877587013e-04	1.329553e+00	3.788064e-01
4.281579525379462e-04	1.330965e+00	3.803462e-01
4.283395354230033e-04	1.330037e+00	3.870208e-01
4.285546076934014e-04	1.326075e+00	3.960556e-01
4.286977194440568e-04	1.323185e+00	4.021810e-01
4.288131703088001e-04	1.321536e+00	4.067780e-01
4.289259214264964e-04	1.320087e+00	4.095687e-01
4.290394856694868e-04	1.318683e+00	4.104961e-01
4.291446684713829e-04	1.317473e+00	4.103513e-01
4.292393058280547e-04	1.316368e+00	4.097873e-01
4.293512327272551e-04	1.315061e+00	4.088439e-01
4.294761825639830e-04	1.313671e+00	4.076580e-01
4.296017035062270e-04	1.312316e+00	4.064347e-01
4.297445099033178e-04	1.310808e+00	4.051844e-01
4.298982543301047e-04	1.309180e+00	4.041483e-01
4.300061372911871e-04	1.308034e+00	4.038900e-01
4.301476009736658e-04	1.306569e+00	4.054413e-01
4.302060159295699e-04	1.306007e+00	4.070397e-01
4.302977072433810e-04	1.305111e+00	4.102484e-01
4.303811500814714e-04	1.304330e+00	4.137206e-01
4.305465846854590e-04	1.302775e+00	4.210663e-01
4.306965299077348e-04	1.301314e+00	4.268765e-01
4.308801009374062e-04	1.299819e+00	4.314045e-01
4.310758385365935e-04	1.298779e+00	4.326291e-01
4.312985932298103e-04	1.298580e+00	4.316199e-01
4.314632635783596e-04	1.298790e+00	4.301398e-01
4.316561678914558e-04	1.299138e+00	4.281443e-01
4.318998252379148e-04	1.299804e+00	4.259863e-01
4.321040496742864e-04	1.300322e+00	4.233802e-01
4.322108790207113e-04	1.300560e+00	4.203626e-01
4.323126247631119e-04	1.300800e+00	4.157814e-01
4.324270479007796e-04	1.301118e+00	4.096859e-01
4.325374311447056e-04	1.301416e+00	4.036129e-01
4.327398789361054e-04	1.301938e+00	3.940017e-01
4.329232382823348e-04	1.302185e+00	3.887888e-01
4.331396401788967e-04	1.301346e+00	3.858615e-01
4.333245010295985e-04	1.299467e+00	3.832655e-01
4.335206664905635e-04	1.297157e+00	3.801808e-01
4.337155140816480e-04	1.294705e+00	3.775242e-01
4.339137939051183e-04	1.292131e+00	3.763689e-01
4.341287636954587e-04	1.289008e+00	3.782471e-01
4.343030582336776e-04	1.286136e+00	3.832801e-01
4.344922661754338e-04	1.282566e+00	3.912453e-01
4.346310073205968e-04	1.279838e+00	3.972588e-01
4.347780979813514e-04	1.277125e+00	4.025191e-01
4.349375156126173e-04	1.274473e+00	4.060076e-01
4.351102928073870e-04	1.272332e+00	4.091664e-01
4.352287164148036e-04	1.271286e+00	4.131818e-01
4.353816811326624e-04	1.270049e+00	4.209986e-01
4.355409189491683e-04	1.268796e+00	4.299651e-01
4.357255348810971e-04	1.267582e+00	4.388534e-01
4.359465809850157e-04	1.266949e+00	4.440817e-01
4.361772126676723e-04	1.266817e+00	4.405148e-01
4.364464616145610e-04	1.268887e+00	4.296271e-01
4.365938454892343e-04	1.270869e+00	4.225624e-01
4.367184231972627e-04	1.272303e+00	4.165794e-01
4.368421243050466e-04	1.273686e+00	4.121525e-01
4.369747534579592e-04	1.275107e+00	4.094932e-01
4.371129957394760e-04	1.276290e+00	4.074232e-01
4.372483332839857e-04	1.277089e+00	4.041424e-01
4.373776772374587e-04	1.277715e+00	3.996720e-01
4.375650610171461e-04	1.278527e+00	3.927400e-01
4.377888104499858e-04	1.279004e+00	3.861257e-01
4.380276860927709e-04	1.278662e+00	3.845099e-01
4.381926209948768e-04	1.278168e+00	3.913331e-01
4.383903787591732e-04	1.276527e+00	4.078357e-01
4.385183967370628e-04	1.274980e+00	4.207545e-01
4.386573933868704e-04	1.273624e+00	4.349187e-01
4.388052310801475e-04	1.272602e+00	4.470362e-01
4.389445342871502e-04	1.271914e+00	4.515654e-01
4.391436834246695e-04	1.270918e+00	4.420004e-01
4.393718120511030e-04	1.271962e+00	4.154977e-01
4.395158727826119e-04	1.274061e+00	3.936937e-01
4.396395277464661e-04	1.275556e+00	3.740655e-01
4.397720653285470e-04	1.276968e+00	3.566121e-01
4.399134806454001e-04	1.277887e+00	3.449127e-01
4.400460817246652e-04	1.278253e+00	3.419148e-01
4.402181736188558e-04	1.278010e+00	3.454773e-01
4.404470897189229e-04	1.273102e+00	3.509923e-01
4.406533301452883e-04	1.268042e+00	3.572325e-01
4.407964300853225e-04	1.264959e+00	3.614600e-01
4.409639834519042e-04	1.261117e+00	3.644901e-01
4.410975590573168e-04	1.258284e+00	3.667981e-01
4.411602554969091e-04	1.256926e+00	3.686923e-01
4.412216871494605e-04	1.255506e+00	3.715134e-01
4.412834213446177e-04	1.254086e+00	3.750226e-01
4.413565765687113e-04	1.252422e+00	3.798371e-01
4.414484883337642e-04	1.250382e+00	3.864425e-01
4.416032914404115e-04	1.246917e+00	3.972545e-01
4.417835364303058e-04	1.242938e+00	4.067024e-01
4.419989884866731e-04	1.239329e+00	4.126809e-01
4.422037147456535e-04	1.237747e+00	4.156616e-01
4.423613671015077e-04	1.237269e+00	4.178330e-01
4.425591307186286e-04	1.236561e+00	4.203920e-01
4.427487887130299e-04	1.236326e+00	4.222187e-01
4.430284170580985e-04	1.236716e+00	4.230076e-01
4.433149395261089e-04	1.238146e+00	4.224551e-01
4.435734882184356e-04	1.240298e+00	4.216404e-01
4.438609809475902e-04	1.243058e+00	4.206292e-01
4.441490238076992e-04	1.245915e+00	4.191052e-01
4.443118706237754e-04	1.247535e+00	4.174647e-01
4.444721851960626e-04	1.249165e+00	4.152352e-01
4.446378812703699e-04	1.250867e+00	4.129452e-01
4.448191808213040e-04	1.252725e+00	4.110360e-01
4.450677578040809e-04	1.254734e+00	4.076672e-01
4.451984631861900e-04	1.255386e+00	4.030720e-01
4.453565446327345e-04	1.256166e+00	3.938114e-01
4.455061174952036e-04	1.256973e+00	3.836380e-01
4.457029440925853e-04	1.257951e+00	3.712835e-01
4.458933993682557e-04	1.258503e+00	3.637466e-01
4.461342146939531e-04	1.257377e+00	3.585430e-01
4.463520400139009e-04	1.254057e+00	3.527435e-01
4.465485556958159e-04	1.250687e+00	3.467961e-01
4.467256802286288e-04	1.247991e+00	3.426531e-01
4.469150725768414e-04	1.244488e+00	3.397993e-01
4.470852950110012e-04	1.240714e+00	3.389166e-01
4.473066684451509e-04	1.234967e+00	3.389238e-01
4.475265864290640e-04	1.228671e+00	3.391593e-01
4.477615350684614e-04	1.221780e+00	3.395078e-01
4.479750077920771e-04	1.215636e+00	3.407412e-01
4.480985623095718e-04	1.212135e+00	3.442682e-01
4.481799158599010e-04	1.209820e+00	3.501229e-01
4.482544913170991e-04	1.207689e+00	3.584685e-01
4.483290764369238e-04	1.205615e+00	3.688309e-01
4.484264651065221e-04	1.202982e+00	3.841293e-01
4.485765045201104e-04	1.198735e+00	4.078707e-01
4.487300865040107e-04	1.194616e+00	4.285154e-01
4.489134681819890e-04	1.191281e+00	4.440265e-01
4.490980499948948e-04	1.190792e+00	4.506708e-01
4.493105111106795e-04	1.192047e+00	4.532879e-01
4.495038195249862e-04	1.192824e+00	4.537775e-01
4.497147310719217e-04	1.194506e+00	4.537847e-01
4.499159619406268e-04	1.197803e+00	4.536152e-01
4.501899696654040e-04	1.204547e+00	4.523293e-01
4.505180071584653e-04	1.214363e+00	4.492364e-01
4.507589064090823e-04	1.222136e+00	4.467011e-01
4.509460179393580e-04	1.228157e+00	4.454184e-01
4.511281310569170e-04	1.233921e+00	4.454619e-01
4.513034384970895e-04	1.239224e+00	4.464823e-01
4.515502028790665e-04	1.246504e+00	4.490823e-01
4.518785150916927e-04	1.255822e+00	4.518499e-01
4.520646055337700e-04	1.260996e+00	4.504637e-01
4.521534856407758e-04	1.263335e+00	4.448578e-01
4.522453456413047e-04	1.265525e+00	4.352496e-01
4.523580777766358e-04	1.268153e+00	4.206606e-01
4.524938186614612e-04	1.271209e+00	4.009770e-01
4.526510119464152e-04	1.274500e+00	3.791644e-01
4.528337174749415e-04	1.277702e+00	3.606379e-01
4.530251462925428e-04	1.280578e+00	3.558674e-01
4.532389029629950e-04	1.285744e+00	3.719823e-01
4.534183920285184e-04	1.285369e+00	3.926293e-01
4.535716287181244e-04	1.281358e+00	4.109220e-01
4.536803813023075e-04	1.278249e+00	4.232849e-01
4.537908147845583e-04	1.276465e+00	4.349821e-01
4.538699366900017e-04	1.275892e+00	4.416771e-01
4.539443756906381e-04	1.275446e+00	4.453465e-01
4.540173593737408e-04	1.274810e+00	4.459833e-01
4.541396423827211e-04	1.274217e+00	4.438989e-01
4.542575574529720e-04	1.274485e+00	4.403897e-01
4.543879398288072e-04	1.274731e+00	4.344985e-01
4.545302118170482e-04	1.275193e+00	4.271702e-01
4.546753652590143e-04	1.275976e+00	4.200745e-01
4.548130366684823e-04	1.276903e+00	4.148185e-01
4.549505721101520e-04	1.277836e+00	4.117426e-01
4.550818497817236e-04	1.278532e+00	4.101161e-01
4.551962214226347e-04	1.278960e+00	4.083730e-01
4.553191569283735e-04	1.279342e+00	4.056026e-01
4.554437797133313e-04	1.279686e+00	4.023039e-01
4.556654207074256e-04	1.280159e+00	3.966497e-01
4.558765007203015e-04	1.280315e+00	3.932289e-01
4.561327254390312e-04	1.279888e+00	3.930757e-01
4.563768938609751e-04	1.278364e+00	3.957955e-01
4.565250606962054e-04	1.277176e+00	3.984971e-01
4.566553325442774e-04	1.276195e+00	4.011150e-01
4.567831365871865e-04	1.275223e+00	4.031679e-01
4.569292334072490e-04	1.274147e+00	4.043880e-01
4.570681261062770e-04	1.273168e+00	4.038428e-01
4.572212617370896e-04	1.272147e+00	4.010227e-01
4.573862551234840e-04	1.271272e+00	3.963317e-01
4.575204495742740e-04	1.270635e+00	3.918760e-01
4.576607570790638e-04	1.269899e+00	3.872724e-01
4.578046148685957e-04	1.269081e+00	3.835277e-01
4.579566683431080e-04	1.268014e+00	3.804823e-01
4.581357407278199e-04	1.266203e+00	3.749897e-01
4.582580907276257e-04	1.264657e+00	3.674279e-01
4.583927558901857e-04	1.262908e+00	3.553923e-01
4.585544569439164e-04	1.260851e+00	3.397124e-01
4.587207361570705e-04	1.258650e+00	3.259454e-01
4.589359050574248e-04	1.254895e+00	3.156779e-01
4.591449374312609e-04	1.250044e+00	3.148791e-01
4.593771592028650e-04	1.241963e+00	3.193240e-01
4.595409861882989e-04	1.235097e+00	3.235313e-01
4.597007627834985e-04	1.228849e+00	3.284142e-01
4.598277363152333e-04	1.223905e+00	3.313731e-01
4.599740580329315e-04	1.218186e+00	3.328772e-01
4.601237495526258e-04	1.212684e+00	3.330041e-01
4.603084859955212e-04	1.205971e+00	3.316334e-01
4.605665388932223e-04	1.196787e+00	3.287633e-01
4.606945044275406e-04	1.192351e+00	3.273895e-01
4.609024631540335e-04	1.185238e+00	3.256959e-01
4.610669745714662e-04	1.179693e+00	3.262667e-01
4.611372853236220e-04	1.177415e+00	3.292799e-01
4.612106095045356e-04	1.175180e+00	3.344689e-01
4.613105353506245e-04	1.172110e+00	3.433837e-01
4.614253908626600e-04	1.168610e+00	3.553853e-01
4.615862851453781e-04	1.163498e+00	3.724028e-01
4.617517144134872e-04	1.158377e+00	3.865627e-01
4.619525820240347e-04	1.153593e+00	3.951674e-01
4.621340566338113e-04	1.150210e+00	3.890293e-01
4.623836867494367e-04	1.148776e+00	3.646572e-01
4.625315907021154e-04	1.148847e+00	3.454343e-01
4.626479843910196e-04	1.148600e+00	3.294051e-01
4.627718651657073e-04	1.148329e+00	3.154265e-01
4.629198823350812e-04	1.147726e+00	3.055185e-01
4.630602015710425e-04	1.146855e+00	3.066687e-01
4.632366990341726e-04	1.144412e+00	3.220986e-01
4.633901346512109e-04	1.140894e+00	3.438962e-01
4.635065029701921e-04	1.137949e+00	3.638437e-01
4.636269241914456e-04	1.135140e+00	3.848595e-01
4.637347488841761e-04	1.132904e+00	4.015210e-01
4.638455986788854e-04	1.130921e+00	4.137793e-01
4.639838215033702e-04	1.128958e+00	4.193289e-01
4.641700477265285e-04	1.128403e+00	4.134162e-01
4.643700264176979e-04	1.128894e+00	3.956409e-01
4.645238298141110e-04	1.129873e+00	3.776450e-01
4.646456023618700e-04	1.131072e+00	3.633379e-01
4.647695422960647e-04	1.132350e+00	3.510274e-01
4.648937089255266e-04	1.133597e+00	3.428260e-01
4.650085231722103e-04	1.134590e+00	3.404122e-01
4.651259672356212e-04	1.135492e+00	3.438440e-01
4.652649884641531e-04	1.135989e+00	3.533572e-01
4.654045962004990e-04	1.135555e+00	3.660276e-01
4.655229364304709e-04	1.134881e+00	3.780920e-01
4.656435712919084e-04	1.134331e+00	3.904025e-01
4.657463169370508e-04	1.134026e+00	3.996018e-01
4.658519430998113e-04	1.133975e+00	4.066710e-01
4.659574114071948e-04	1.133958e+00	4.096242e-01
4.661291447501211e-04	1.134390e+00	4.075978e-01
4.662973127065623e-04	1.135908e+00	4.014556e-01
4.664388173879411e-04	1.137608e+00	3.939573e-01
4.665735351348788e-04	1.139338e+00	3.860141e-01
4.667075291362381e-04	1.141169e+00	3.787685e-01
4.668415304339729e-04	1.143053e+00	3.734428e-01
4.669814379051894e-04	1.144897e+00	3.697838e-01
4.671261391232559e-04	1.146331e+00	3.647231e-01
4.672427165094719e-04	1.147153e+00	3.568633e-01
4.673658991901996e-04	1.147942e+00	3.448691e-01
4.675223733149387e-04	1.149004e+00	3.279569e-01
4.676989000598455e-04	1.149938e+00	3.108879e-01
4.679119081916502e-04	1.150497e+00	2.990821e-01
4.681531674144698e-04	1.147287e+00	2.957159e-01
4.684080879373347e-04	1.141017e+00	2.990941e-01
4.685876054059918e-04	1.136614e+00	3.040861e-01
4.687819290272523e-04	1.131206e+00	3.088839e-01
4.689399066116376e-04	1.126661e+00	3.114921e-01
4.690599535192697e-04	1.123342e+00	3.137856e-01
4.691249101725987e-04	1.121552e+00	3.166546e-01
4.691782722852902e-04	1.120034e+00	3.206655e-01
4.692307058358926e-04	1.118562e+00	3.258375e-01
4.692969055729037e-04	1.116725e+00	3.336493e-01
4.693712039954100e-04	1.114734e+00	3.436977e-01
4.694945193256580e-04	1.111389e+00	3.614448e-01
4.696482494235865e-04	1.107061e+00	3.818964e-01
4.698328137923376e-04	1.102790e+00	3.999555e-01
4.700181988619968e-04	1.099996e+00	4.047811e-01
4.702445341950370e-04	1.099228e+00	3.918661e-01
4.704888901207361e-04	1.099749e+00	3.636241e-01
4.706297984146392e-04	1.101041e+00	3.454799e-01
4.707471688647052e-04	1.102101e+00	3.319529e-01
4.708703537860368e-04	1.103015e+00	3.218271e-01
4.709842783564365e-04	1.103580e+00	3.171738e-01
4.711034852321248e-04	1.103896e+00	3.158461e-01
4.712425060693939e-04	1.103574e+00	3.148559e-01
4.713897708605874e-04	1.102457e+00	3.131091e-01
4.715675854809368e-04	1.100451e+00	3.107141e-01
4.717440313656246e-04	1.097899e+00	3.085140e-01
4.719365734101014e-04	1.095368e+00	3.086223e-01
4.721228989787625e-04	1.092734e+00	3.141429e-01
4.722344829053822e-04	1.090952e+00	3.231786e-01
4.723525320226650e-04	1.088883e+00	3.381483e-01
4.724811459164136e-04	1.086282e+00	3.568163e-01
4.726021768047439e-04	1.083772e+00	3.743689e-01
4.727479729242387e-04	1.081185e+00	3.925189e-01
4.729005010933823e-04	1.079369e+00	4.041802e-01
4.730804380159560e-04	1.078920e+00	4.062414e-01
4.733367769359814e-04	1.079782e+00	3.956564e-01
4.735297724072424e-04	1.081471e+00	3.831486e-01
4.736705123038578e-04	1.083450e+00	3.738249e-01
4.737955812369737e-04	1.085317e+00	3.669720e-01
4.739194383734186e-04	1.087206e+00	3.627214e-01
4.740503116365169e-04	1.089015e+00	3.598597e-01
4.741372343298559e-04	1.090027e+00	3.568808e-01
4.742320032940722e-04	1.091059e+00	3.514135e-01
4.743315966074159e-04	1.092024e+00	3.436823e-01
4.744917036290626e-04	1.093617e+00	3.296950e-01
4.746805138514476e-04	1.095777e+00	3.148692e-01
4.748871399285026e-04	1.097539e+00	3.049998e-01
4.751258297551985e-04	1.097430e+00	3.035602e-01
4.753592409824223e-04	1.093466e+00	3.077759e-01
4.755021446622783e-04	1.090502e+00	3.127435e-01
4.756334913802270e-04	1.088378e+00	3.185224e-01
4.757804979184599e-04	1.085838e+00	3.238425e-01
4.759268841027097e-04	1.083266e+00	3.270491e-01
4.760728522208765e-04	1.081023e+00	3.290423e-01
4.761557523346386e-04	1.079852e+00	3.307273e-01
4.762475916942723e-04	1.078486e+00	3.336838e-01
4.763449983175803e-04	1.077106e+00	3.377877e-01
4.764870230031147e-04	1.075125e+00	3.445135e-01
4.766339456507879e-04	1.073094e+00	3.509487e-01
4.768562778719197e-04	1.070477e+00	3.576128e-01
4.770617587735168e-04	1.068789e+00	3.580723e-01
4.773084658154106e-04	1.067944e+00	3.515713e-01
4.774672796803242e-04	1.068102e+00	3.448597e-01
4.775943126450541e-04	1.068224e+00	3.386220e-01
4.777202614694022e-04	1.068330e+00	3.329952e-01
4.778547521608464e-04	1.068424e+00	3.286339e-01
4.779906733406693e-04	1.068446e+00	3.269327e-01
4.781320532738678e-04	1.068387e+00	3.288816e-01
4.783004266620679e-04	1.067763e+00	3.347436e-01
4.784319839167350e-04	1.066894e+00	3.409599e-01
4.785464077109993e-04	1.066208e+00	3.471316e-01
4.786616969899705e-04	1.065592e+00	3.531211e-01
4.787808771363800e-04	1.065064e+00	3.582727e-01
4.788961073232138e-04	1.064571e+00	3.610748e-01
4.790650672188869e-04	1.064083e+00	3.611677e-01
4.792552464011403e-04	1.064428e+00	3.580854e-01
4.793867808510344e-04	1.064989e+00	3.544216e-01
4.795110321495398e-04	1.065456e+00	3.500988e-01
4.796642929979902e-04	1.066112e+00	3.449280e-01
4.798082779051944e-04	1.066790e+00	3.410712e-01
4.799456610951634e-04	1.067398e+00	3.392000e-01
4.800858287311193e-04	1.067974e+00	3.403872e-01
4.802306247147913e-04	1.068481e+00	3.456104e-01
4.803880026330994e-04	1.068603e+00	3.543908e-01
4.805155725062448e-04	1.068512e+00	3.626452e-01
4.806483643539536e-04	1.068554e+00	3.711931e-01
4.807859016115413e-04	1.068781e+00	3.784018e-01
4.809284578375525e-04	1.069163e+00	3.825702e-01
4.811160808205965e-04	1.070482e+00	3.852513e-01
4.812551346929830e-04	1.072089e+00	3.877878e-01
4.814144820062025e-04	1.074147e+00	3.918566e-01
4.815782504822576e-04	1.076247e+00	3.960252e-01
4.817991276396415e-04	1.079548e+00	4.002054e-01
4.820404437904041e-04	1.083998e+00	4.017672e-01
4.822922700807901e-04	1.089799e+00	4.009515e-01
4.824505079611465e-04	1.093825e+00	3.996724e-01
4.826182224277871e-04	1.098096e+00	3.979754e-01
4.828084293761338e-04	1.103024e+00	3.962442e-01
4.830926688514485e-04	1.110017e+00	3.915777e-01
4.832361487072414e-04	1.113280e+00	3.852137e-01
4.833716243056839e-04	1.116201e+00	3.751178e-01
4.835354535194558e-04	1.119668e+00	3.611588e-01
4.836960661449235e-04	1.122861e+00	3.489295e-01
4.839135851612881e-04	1.126563e+00	3.382578e-01
4.841450103236767e-04	1.129733e+00	3.322278e-01
4.843137459415891e-04	1.131913e+00	3.277340e-01
4.845344011465946e-04	1.131463e+00	3.171260e-01
4.847762440555354e-04	1.127810e+00	3.050583e-01
4.850061555084948e-04	1.123719e+00	3.005105e-01
4.852037281186832e-04	1.121620e+00	3.082502e-01
4.854109791851492e-04	1.117669e+00	3.240189e-01
4.855539678491121e-04	1.113895e+00	3.366366e-01
4.856900756078253e-04	1.110377e+00	3.482025e-01
4.858301862661228e-04	1.107102e+00	3.573802e-01
4.859587744884865e-04	1.104277e+00	3.609309e-01
4.861327546290508e-04	1.101043e+00	3.581380e-01
4.863319074619791e-04	1.099222e+00	3.496182e-01
4.864577117094620e-04	1.098534e+00	3.420372e-01
4.865797955430307e-04	1.097688e+00	3.336335e-01
4.867017978822896e-04	1.096820e+00	3.259035e-01
4.868395556182746e-04	1.095800e+00	3.192757e-01
4.869684092538647e-04	1.094845e+00	3.166032e-01
4.871290642320876e-04	1.093395e+00	3.185462e-01
4.873009172045301e-04	1.090995e+00	3.248011e-01
4.874266355748028e-04	1.088971e+00	3.314380e-01
4.875421944739959e-04	1.087212e+00	3.384642e-01
4.876578610490197e-04	1.085503e+00	3.452179e-01
4.877807413415335e-04	1.083788e+00	3.511238e-01
4.879047768934708e-04	1.082128e+00	3.546119e-01
4.880750218886908e-04	1.080545e+00	3.572402e-01
4.882061960059106e-04	1.079987e+00	3.601311e-01
4.883451106730387e-04	1.079436e+00	3.645669e-01
4.884898549324638e-04	1.078988e+00	3.700115e-01
4.886693519531967e-04	1.078677e+00	3.761710e-01
4.889097926085153e-04	1.078743e+00	3.800122e-01
4.891355336363813e-04	1.079224e+00	3.742197e-01
4.893078299095887e-04	1.080188e+00	3.603379e-01
4.894729550947071e-04	1.081933e+00	3.412230e-01
4.896056908636999e-04	1.083625e+00	3.251829e-01
4.897484210304237e-04	1.085221e+00	3.101702e-01
4.898924330872557e-04	1.086464e+00	3.004261e-01
4.900453876123074e-04	1.087223e+00	2.967866e-01
4.902218925440615e-04	1.086580e+00	2.962517e-01
4.903982474424649e-04	1.083990e+00	2.956878e-01
4.905949832314961e-04	1.080199e+00	2.951676e-01
4.907433932955241e-04	1.077767e+00	2.956326e-01
4.909225582430068e-04	1.074466e+00	2.962290e-01
4.911031878351891e-04	1.070892e+00	2.979072e-01
4.912379787402030e-04	1.068082e+00	3.012999e-01
4.914036528777147e-04	1.064274e+00	3.077254e-01
4.915301503254572e-04	1.061192e+00	3.132400e-01
4.916581314584978e-04	1.058089e+00	3.185247e-01
4.918291110842199e-04	1.054116e+00	3.237271e-01
4.919932222181278e-04	1.050607e+00	3.257379e-01
4.921962293317290e-04	1.047165e+00	3.254242e-01
4.923527444211255e-04	1.045082e+00	3.242932e-01
4.925219255401724e-04	1.042938e+00	3.224775e-01
4.926983545000391e-04	1.040859e+00	3.206039e-01
4.928948529453214e-04	1.038615e+00	3.188896e-01
4.930415051045293e-04	1.036900e+00	3.173514e-01
4.931180169918361e-04	1.036032e+00	3.155881e-01
4.931749591130527e-04	1.035416e+00	3.132869e-01
4.932282208948015e-04	1.034835e+00	3.104037e-01
4.932990695114798e-04	1.034048e+00	3.057877e-01
4.933798530565146e-04	1.033166e+00	2.998362e-01
4.934777651045703e-04	1.032049e+00	2.921097e-01
4.936581011245207e-04	1.030030e+00	2.786957e-01
4.938303560653655e-04	1.028076e+00	2.697278e-01
4.940388706341217e-04	1.024820e+00	2.657431e-01
4.942333859638502e-04	1.020475e+00	2.675054e-01
4.944094004925716e-04	1.015724e+00	2.720623e-01
4.945579670842964e-04	1.011486e+00	2.768590e-01
4.947051914500712e-04	1.007269e+00	2.813998e-01
4.948523927123956e-04	1.003095e+00	2.846735e-01
4.949888627841754e-04	9.993438e-01	2.857767e-01
4.951238481732923e-04	9.956736e-01	2.844190e-01
4.952974139743323e-04	9.914296e-01	2.805069e-01
4.954131512379485e-04	9.888268e-01	2.770368e-01
4.955205856501870e-04	9.863341e-01	2.732570e-01
4.956279963639221e-04	9.838385e-01	2.695131e-01
4.957358104570857e-04	9.813326e-01	2.661909e-01
4.958498634894148e-04	9.786447e-01	2.635267e-01
4.959646629397120e-04	9.759822e-01	2.625212e-01
4.961223605603269e-04	9.722640e-01	2.644653e-01
4.962817474615069e-04	9.682608e-01	2.699901e-01
4.964550531524616e-04	9.635717e-01	2.785731e-01
4.966122337267123e-04	9.592373e-01	2.868369e-01
4.967622963130355e-04	9.553175e-01	2.934470e-01
4.969320238299060e-04	9.512535e-01	2.970772e-01
4.971099807143710e-04	9.473811e-01	2.937853e-01
4.973234035068990e-04	9.441258e-01	2.816944e-01
4.974751600314060e-04	9.425827e-01	2.695852e-01
4.976001066246231e-04	9.411698e-01	2.585055e-01
4.977315262162509e-04	9.394713e-01	2.479286e-01
4.978551168359155e-04	9.377607e-01	2.409649e-01
4.980049656919515e-04	9.355914e-01	2.387617e-01
4.981888676913881e-04	9.324102e-01	2.451354e-01
4.984020576806109e-04	9.267754e-01	2.594699e-01
4.985322738106004e-04	9.227912e-01	2.702422e-01
4.986675277086116e-04	9.191119e-01	2.818547e-01
4.987862944309946e-04	9.160938e-01	2.902629e-01
4.989074159867062e-04	9.131593e-01	2.954004e-01
4.990658490308900e-04	9.103165e-01	3.000516e-01
4.991815332314835e-04	9.090309e-01	3.060798e-01
4.993156577309469e-04	9.076935e-01	3.172663e-01
4.994529743387316e-04	9.065227e-01	3.313214e-01
4.996335395162683e-04	9.056890e-01	3.499189e-01
4.998402117719644e-04	9.054830e-01	3.640702e-01
5.000889040893905e-04	9.064260e-01	3.633260e-01
5.003084415480980e-04	9.074532e-01	3.428358e-01
5.005117245383895e-04	9.124267e-01	3.155538e-01
5.006320018760077e-04	9.160712e-01	2.986947e-01
5.007554995673664e-04	9.189332e-01	2.831425e-01
5.008952067715220e-04	9.218176e-01	2.714176e-01
5.010252308343886e-04	9.239930e-01	2.661045e-01
5.011605074330246e-04	9.257356e-01	2.623704e-01
5.013027438191711e-04	9.275317e-01	2.569778e-01
5.014594638618836e-04	9.287228e-01	2.489319e-01
5.016926191629086e-04	9.285376e-01	2.369511e-01
5.019552595289991e-04	9.237578e-01	2.278648e-01
5.021592116695701e-04	9.206338e-01	2.355820e-01
5.023436032148148e-04	9.177524e-01	2.572140e-01
5.025105683149133e-04	9.132017e-01	2.825307e-01
5.026359897538724e-04	9.094066e-01	3.016679e-01
5.027716363844993e-04	9.059563e-01	3.194389e-01
5.029004109632901e-04	9.032408e-01	3.297211e-01
5.030542680661331e-04	9.004527e-01	3.298234e-01
5.032596003207909e-04	8.993382e-01	3.161035e-01
5.034367588081822e-04	8.999132e-01	2.963071e-01
5.035640812046299e-04	9.002874e-01	2.791850e-01
5.036782393291319e-04	9.006740e-01	2.644669e-01
5.037946646125500e-04	9.010651e-01	2.523347e-01
5.039171376104619e-04	9.013718e-01	2.446813e-01
5.040443301547004e-04	9.016498e-01	2.445550e-01
5.042006952289748e-04	9.013845e-01	2.544698e-01
5.043686019979362e-04	8.990546e-01	2.718647e-01
5.044890478445628e-04	8.968517e-01	2.872060e-01
5.046173854928453e-04	8.950433e-01	3.047154e-01
5.047232817288596e-04	8.937333e-01	3.177306e-01
5.048298211481854e-04	8.925732e-01	3.273957e-01
5.049643451594047e-04	8.915674e-01	3.333038e-01
5.051435357677804e-04	8.916169e-01	3.345670e-01
5.052767688929809e-04	8.924131e-01	3.332100e-01
5.054442923595155e-04	8.936743e-01	3.301011e-01
5.056257019956859e-04	8.953887e-01	3.264191e-01
5.058662849511338e-04	8.984499e-01	3.226763e-01
5.061204356080707e-04	9.020998e-01	3.191990e-01
5.062513187593461e-04	9.040906e-01	3.161665e-01
5.063611308287417e-04	9.057804e-01	3.122582e-01
5.064649530439764e-04	9.073705e-01	3.079926e-01
5.066009749683717e-04	9.094017e-01	3.024690e-01
5.068011164925067e-04	9.124495e-01	2.963073e-01
5.070061180946646e-04	9.155762e-01	2.947280e-01
5.071715991382062e-04	9.177446e-01	2.996614e-01
5.073425421925219e-04	9.190954e-01	3.105949e-01
5.074818372413397e-04	9.196309e-01	3.219647e-01
5.076275970779175e-04	9.202089e-01	3.343574e-01
5.077631938841834e-04	9.209093e-01	3.441974e-01
5.078953410353116e-04	9.219609e-01	3.504814e-01
5.080209487300712e-04	9.229545e-01	3.509956e-01
5.082094685194275e-04	9.248185e-01	3.432856e-01
5.083920081241615e-04	9.282795e-01	3.312130e-01
5.085206842279737e-04	9.311612e-01	3.208770e-01
5.086530000996037e-04	9.338214e-01	3.099652e-01
5.087819072183914e-04	9.363375e-01	3.012065e-01
5.089169560312509e-04	9.387920e-01	2.956952e-01
5.090578805605084e-04	9.411845e-01	2.950766e-01
5.092198348193170e-04	9.440714e-01	3.003525e-01
5.094197884860734e-04	9.458768e-01	3.099284e-01
5.095580969075005e-04	9.458749e-01	3.167624e-01
5.096816197075624e-04	9.461262e-01	3.230032e-01
5.098052995224634e-04	9.464734e-01	3.280297e-01
5.099242994348025e-04	9.469948e-01	3.309958e-01
5.100311130229861e-04	9.476579e-01	3.322048e-01
5.101372790964617e-04	9.484589e-01	3.332979e-01
5.102586621558795e-04	9.495574e-01	3.355572e-01
5.103746369475271e-04	9.507126e-01	3.385371e-01
5.105256198604849e-04	9.522794e-01	3.428289e-01
5.106889923426044e-04	9.540824e-01	3.468458e-01
5.109267410820207e-04	9.569271e-01	3.496850e-01
5.110806646093421e-04	9.589846e-01	3.464031e-01
5.111910603437856e-04	9.605267e-01	3.374480e-01
5.113104630396888e-04	9.622711e-01	3.212097e-01
5.114293250389638e-04	9.642341e-01	3.015125e-01
5.115540025943225e-04	9.662182e-01	2.795841e-01
5.117025895368591e-04	9.686431e-01	2.561146e-01
5.118577870513796e-04	9.715225e-01	2.398810e-01
5.120229898056968e-04	9.732324e-01	2.337843e-01
5.121984106311494e-04	9.739325e-01	2.385427e-01
5.124114858317876e-04	9.697456e-01	2.484551e-01
5.125878333841272e-04	9.643812e-01	2.579418e-01
5.127121636149991e-04	9.618434e-01	2.659338e-01
5.128291461307548e-04	9.591848e-01	2.716350e-01
5.129470606122453e-04	9.562746e-01	2.743612e-01
5.130808506320791e-04	9.529758e-01	2.733349e-01
5.132186575833866e-04	9.499841e-01	2.686099e-01
5.133332469854591e-04	9.476595e-01	2.623159e-01
5.134477671603388e-04	9.452819e-01	2.545381e-01
5.135611957446274e-04	9.429095e-01	2.464277e-01
5.136707439512229e-04	9.405315e-01	2.389871e-01
5.137797416128312e-04	9.381102e-01	2.330596e-01
5.139302532683962e-04	9.346846e-01	2.288969e-01
5.140997749310376e-04	9.306815e-01	2.317845e-01
5.142966654394258e-04	9.247577e-01	2.440977e-01
5.144791543195421e-04	9.181847e-01	2.607075e-01
5.146147638111228e-04	9.134301e-01	2.742420e-01
5.147574479990447e-04	9.088978e-01	2.867014e-01
5.148995554245167e-04	9.043258e-01	2.932729e-01
5.150878414727405e-04	8.994346e-01	2.916638e-01
5.152729794171242e-04	8.965142e-01	2.802970e-01
5.154392324893456e-04	8.950028e-01	2.639182e-01
5.155588483627216e-04	8.940148e-01	2.503358e-01
5.156806353583683e-04	8.927746e-01	2.369093e-01
5.157985451846378e-04	8.913995e-01	2.262911e-01
5.159172513449294e-04	8.899535e-01	2.202472e-01
5.160728156016603e-04	8.878906e-01	2.203027e-01
5.162720783131865e-04	8.834368e-01	2.275375e-01
5.164055612904452e-04	8.795911e-01	2.353823e-01
5.165263182019351e-04	8.762555e-01	2.442160e-01
5.166543979809738e-04	8.726978e-01	2.533448e-01
5.167813915489089e-04	8.692591e-01	2.608607e-01
5.169020163012678e-04	8.661482e-01	2.652664e-01
5.170351681758782e-04	8.629170e-01	2.667534e-01
5.172098741271149e-04	8.596461e-01	2.669229e-01
5.173580755768503e-04	8.575233e-01	2.669427e-01
5.175145556201696e-04	8.553812e-01	2.666507e-01
5.177104210150331e-04	8.529025e-01	2.661114e-01
5.178902430628485e-04	8.507952e-01	2.654880e-01
5.180380497201392e-04	8.491686e-01	2.639272e-01
5.181413805510219e-04	8.480944e-01	2.605947e-01
5.182293902176410e-04	8.472604e-01	2.554355e-01
5.183101305000149e-04	8.464426e-01	2.489235e-01
5.184514334612035e-04	8.451396e-01	2.357775e-01
5.185793238484535e-04	8.441661e-01	2.239475e-01
5.187602677277225e-04	8.424937e-01	2.096553e-01
5.189330957145940e-04	8.404608e-01	2.016831e-01
5.191354659710240e-04	8.366380e-01	1.979068e-01
5.193094415203859e-04	8.320920e-01	1.955460e-01
5.195056103895117e-04	8.266248e-01	1.928603e-01
5.196895002734479e-04	8.208583e-01	1.904116e-01
5.199424507045158e-04	8.126587e-01	1.890848e-01
5.200916845232682e-04	8.077607e-01	1.922194e-01
5.201975505303102e-04	8.042006e-01	1.995721e-01
5.203146448460196e-04	8.001446e-01	2.129137e-01
5.204381522713650e-04	7.956522e-01	2.298899e-01
5.205639405273697e-04	7.911265e-01	2.480202e-01
5.207139911848717e-04	7.860624e-01	2.671645e-01
5.208856571395352e-04	7.804980e-01	2.810363e-01
5.210481055389701e-04	7.766179e-01	2.837113e-01
5.212649871785087e-04	7.738077e-01	2.750783e-01
5.215063093091950e-04	7.740060e-01	2.598501e-01
5.216467701372534e-04	7.740190e-01	2.493134e-01
5.217644595685774e-04	7.739718e-01	2.413472e-01
5.218800511698329e-04	7.741916e-01	2.364346e-01
5.220377497117133e-04	7.743818e-01	2.340433e-01
5.221832704284939e-04	7.740121e-01	2.343718e-01
5.223094394258821e-04	7.734873e-01	2.359773e-01
5.224459250895761e-04	7.728673e-01	2.384408e-01
5.225897402540412e-04	7.721112e-01	2.412051e-01
5.227205429600455e-04	7.714363e-01	2.435256e-01
5.228370156378018e-04	7.708602e-01	2.450381e-01
5.229622043637076e-04	7.703007e-01	2.460387e-01
5.230802680305143e-04	7.699016e-01	2.473113e-01
5.231588234402532e-04	7.696991e-01	2.493456e-01
5.232554540569921e-04	7.694562e-01	2.535172e-01
5.233573104278293e-04	7.692253e-01	2.591486e-01
5.234822839280613e-04	7.689850e-01	2.669106e-01
5.236521985681040e-04	7.686860e-01	2.768839e-01
5.238400066464373e-04	7.685168e-01	2.841986e-01
5.240602846753060e-04	7.689640e-01	2.842900e-01
5.242797966746656e-04	7.703550e-01	2.741973e-01
5.244871876498601e-04	7.729919e-01	2.586454e-01
5.246146279842252e-04	7.749292e-01	2.482452e-01
5.247495828152559e-04	7.766433e-01	2.382626e-01
5.248765673250594e-04	7.781460e-01	2.318756e-01
5.250079925701211e-04	7.796237e-01	2.304800e-01
5.251666532940772e-04	7.812211e-01	2.366907e-01
5.253420395338965e-04	7.814071e-01	2.497509e-01
5.254763598435782e-04	7.806682e-01	2.623764e-01
5.255935753049248e-04	7.801969e-01	2.743373e-01
5.257134116797243e-04	7.799490e-01	2.856143e-01
5.258266670664245e-04	7.800147e-01	2.940279e-01
5.259330082920397e-04	7.801292e-01	2.980417e-01
5.260904254349067e-04	7.808260e-01	2.982837e-01
5.262632966799895e-04	7.825654e-01	2.948769e-01
5.264243442980758e-04	7.845649e-01	2.895785e-01
5.266010490702054e-04	7.871266e-01	2.830812e-01
5.267504276487175e-04	7.895534e-01	2.783179e-01
5.268999527241755e-04	7.920105e-01	2.750702e-01
5.270440634815867e-04	7.942217e-01	2.725311e-01
5.271326200644722e-04	7.954212e-01	2.694206e-01
5.272263211825378e-04	7.966343e-01	2.635994e-01
5.273226641419859e-04	7.977908e-01	2.555050e-01
5.274508744319749e-04	7.993020e-01	2.430548e-01
5.276152475991087e-04	8.014481e-01	2.275710e-01
5.278072817370662e-04	8.039372e-01	2.145666e-01
5.280325943978725e-04	8.058976e-01	2.113143e-01
5.282482031425572e-04	8.047513e-01	2.211239e-01
5.284524674377537e-04	8.007043e-01	2.387502e-01
5.285811225475526e-04	7.984346e-01	2.526948e-01
5.286981993206279e-04	7.967684e-01	2.650166e-01
5.288232115695998e-04	7.951339e-01	2.751607e-01
5.289480844735661e-04	7.935908e-01	2.804801e-01
5.291221515900955e-04	7.928025e-01	2.840906e-01
5.292426031132795e-04	7.930712e-01	2.871743e-01
5.293895766713022e-04	7.932727e-01	2.918638e-01
5.295416406024497e-04	7.937196e-01	2.971141e-01
5.297287226507778e-04	7.948267e-01	3.026235e-01
5.299656081691521e-04	7.966663e-01	3.053832e-01
5.302253178694235e-04	7.993883e-01	3.026066e-01
5.304872752405950e-04	8.040361e-01	2.970695e-01
5.306407280896315e-04	8.074686e-01	2.936753e-01
5.307963928300158e-04	8.106848e-01	2.904748e-01
5.309523097417909e-04	8.138102e-01	2.879676e-01
5.310787039006752e-04	8.161417e-01	2.844998e-01
5.311647820535267e-04	8.175852e-01	2.788464e-01
5.312620999501952e-04	8.190827e-01	2.682199e-01
5.313766194564502e-04	8.208190e-01	2.524943e-01
5.314944646265856e-04	8.223517e-01	2.345126e-01
5.316725409965411e-04	8.252570e-01	2.096834e-01
5.318491712221817e-04	8.283851e-01	1.933519e-01
5.320401336489018e-04	8.301614e-01	1.886944e-01
5.322388981729850e-04	8.287794e-01	1.961529e-01
5.324819118940338e-04	8.216375e-01	2.118050e-01
5.326259236568894e-04	8.183846e-01	2.243955e-01
5.327346916533160e-04	8.159234e-01	2.333116e-01
5.328406979361492e-04	8.132199e-01	2.393396e-01
5.329783816452165e-04	8.097617e-01	2.432345e-01
5.331278093746129e-04	8.069421e-01	2.456685e-01
5.332353403569075e-04	8.052601e-01	2.478761e-01
5.333654834045231e-04	8.031459e-01	2.514055e-01
5.334965273524835e-04	8.011481e-01	2.553930e-01
5.336527032677577e-04	7.989190e-01	2.597895e-01
5.338442972996300e-04	7.964690e-01	2.631340e-01
5.341017154161079e-04	7.943063e-01	2.645020e-01
5.343700113746788e-04	7.933462e-01	2.642297e-01
5.345684266128593e-04	7.929728e-01	2.634262e-01
5.347913146287944e-04	7.928386e-01	2.622062e-01
5.350758263967227e-04	7.927352e-01	2.576631e-01
5.352030050809666e-04	7.926950e-01	2.510250e-01
5.353106128541936e-04	7.927460e-01	2.410195e-01
5.354166766010199e-04	7.928818e-01	2.289537e-01
5.355209676478788e-04	7.929578e-01	2.163856e-01
5.357007267038155e-04	7.930797e-01	1.968789e-01
5.358749996314576e-04	7.928903e-01	1.846473e-01
5.360643690118957e-04	7.908200e-01	1.815375e-01
5.362560360533278e-04	7.874434e-01	1.887805e-01
5.364259511282021e-04	7.833321e-01	2.006863e-01
5.365575950631786e-04	7.796777e-01	2.114420e-01
5.366794251583046e-04	7.762910e-01	2.210685e-01
5.368011011714019e-04	7.729504e-01	2.287208e-01
5.369278867123810e-04	7.697295e-01	2.335968e-01
5.370445107757786e-04	7.671945e-01	2.361588e-01
5.371531681846589e-04	7.652017e-01	2.394334e-01
5.372684785260142e-04	7.633132e-01	2.453351e-01
5.373893100802046e-04	7.615262e-01	2.534756e-01
5.375607294961210e-04	7.591268e-01	2.658063e-01
5.377374534624685e-04	7.569119e-01	2.760565e-01
5.379757772741272e-04	7.554523e-01	2.812648e-01
5.381747060639139e-04	7.545127e-01	2.703039e-01
5.383918655377471e-04	7.553706e-01	2.429045e-01
5.385376841938646e-04	7.571111e-01	2.199989e-01
5.386690913405876e-04	7.584305e-01	1.993662e-01
5.388070579543431e-04	7.594978e-01	1.821608e-01
5.389424401996964e-04	7.601954e-01	1.730228e-01
5.391000631125604e-04	7.600678e-01	1.707142e-01
5.392807918983987e-04	7.570095e-01	1.707162e-01
5.394924289832231e-04	7.523004e-01	1.720973e-01
5.396718252632410e-04	7.482033e-01	1.741254e-01
5.398598252892118e-04	7.433136e-01	1.763400e-01
5.401119922195568e-04	7.363114e-01	1.828714e-01
5.402333516546309e-04	7.330645e-01	1.920016e-01
5.403522019480596e-04	7.296244e-01	2.066390e-01
5.404713226394516e-04	7.260102e-01	2.236817e-01
5.405967688606003e-04	7.222081e-01	2.418898e-01
5.407190983170568e-04	7.185840e-01	2.573796e-01
5.408592741722580e-04	7.151868e-01	2.696667e-01
5.410174705070384e-04	7.120259e-01	2.723079e-01
5.412359995063771e-04	7.101218e-01	2.602239e-01
5.414312238678215e-04	7.109217e-01	2.404354e-01
5.415662803530370e-04	7.113484e-01	2.231041e-01
5.416765630417143e-04	7.117947e-01	2.093908e-01
5.417862872751895e-04	7.122730e-01	1.983161e-01
5.419133708531678e-04	7.127850e-01	1.905780e-01
5.420448862988848e-04	7.131940e-01	1.902929e-01
5.421943001800184e-04	7.131922e-01	1.997561e-01
5.423588476332400e-04	7.114380e-01	2.172753e-01
5.424772078454088e-04	7.095760e-01	2.327516e-01
5.426039346431073e-04	7.080734e-01	2.506474e-01
5.427067489556290e-04	7.070698e-01	2.639962e-01
5.428105558029590e-04	7.062719e-01	2.744215e-01
5.429416727484230e-04	7.055575e-01	2.809723e-01
5.431272695785271e-04	7.058596e-01	2.811926e-01
5.432810974129136e-04	7.071873e-01	2.764970e-01
5.434419753682849e-04	7.087864e-01	2.683308e-01
5.436370481377645e-04	7.113059e-01	2.577708e-01
5.437804885653536e-04	7.136412e-01	2.513745e-01
5.439075574672964e-04	7.157038e-01	2.476602e-01
5.440340786352110e-04	7.175610e-01	2.448876e-01
5.441139567015355e-04	7.185979e-01	2.415543e-01
5.441970988212608e-04	7.196181e-01	2.352414e-01
5.442842652827727e-04	7.205851e-01	2.259618e-01
5.444031085048039e-04	7.218596e-01	2.107303e-01
5.445467839332075e-04	7.234940e-01	1.915018e-01
5.447267762214574e-04	7.256577e-01	1.710555e-01
5.449286324174873e-04	7.273125e-01	1.589173e-01
5.451280885718712e-04	7.266576e-01	1.634808e-01
5.453525264453029e-04	7.217090e-01	1.847224e-01
5.454964319823692e-04	7.182412e-01	2.053705e-01
5.456056899218587e-04	7.155478e-01	2.223863e-01
5.457159140391154e-04	7.128898e-01	2.379116e-01
5.458285825152843e-04	7.104251e-01	2.501625e-01
5.459427338453348e-04	7.081543e-01	2.565669e-01
5.460848308519931e-04	7.056649e-01	2.559001e-01
5.462858587397634e-04	7.044928e-01	2.478036e-01
5.464529166452396e-04	7.050455e-01	2.381365e-01
5.465876880762842e-04	7.050592e-01	2.284837e-01
5.467178144619942e-04	7.051826e-01	2.199079e-01
5.468476005342245e-04	7.054771e-01	2.138752e-01
5.470002840788600e-04	7.057618e-01	2.107882e-01
5.471497303130397e-04	7.056318e-01	2.110422e-01
5.472969258986370e-04	7.050725e-01	2.131316e-01
5.474326727364965e-04	7.043632e-01	2.158989e-01
5.475756067462442e-04	7.035870e-01	2.191959e-01
5.477073433842607e-04	7.028748e-01	2.220411e-01
5.478237472209292e-04	7.022836e-01	2.239595e-01
5.479476469943665e-04	7.016860e-01	2.248689e-01
5.480667995183972e-04	7.011540e-01	2.239579e-01
5.481839323396182e-04	7.006353e-01	2.206430e-01
5.483102417173095e-04	7.001740e-01	2.148166e-01
5.484358544682938e-04	6.998170e-01	2.076838e-01
5.485665992691921e-04	6.994607e-01	1.998975e-01
5.487315631284263e-04	6.989224e-01	1.911789e-01
5.488848574243147e-04	6.983040e-01	1.862732e-01
5.490694076386947e-04	6.970607e-01	1.872443e-01
5.492507552533172e-04	6.953541e-01	1.972149e-01
5.494524215399676e-04	6.921773e-01	2.151453e-01
5.495789744191580e-04	6.898378e-01	2.276663e-01
5.497230286022114e-04	6.877085e-01	2.410828e-01
5.498555728389492e-04	6.860534e-01	2.496214e-01
5.500094696759093e-04	6.845218e-01	2.511773e-01
5.501918417063405e-04	6.833746e-01	2.393494e-01
5.504191942118857e-04	6.839359e-01	2.115341e-01
5.505490739579896e-04	6.850930e-01	1.926453e-01
5.506884029921247e-04	6.858234e-01	1.725869e-01
5.508261370522791e-04	6.863036e-01	1.574544e-01
5.509628586995667e-04	6.864111e-01	1.504281e-01
5.511236224360470e-04	6.854086e-01	1.521957e-01
5.513102278042533e-04	6.820701e-01	1.617957e-01
5.514651858339284e-04	6.786386e-01	1.736392e-01
5.515941332022171e-04	6.755686e-01	1.845537e-01
5.517153303963306e-04	6.726283e-01	1.939269e-01
5.518362968067118e-04	6.697348e-01	2.009007e-01
5.519614057575706e-04	6.670076e-01	2.047718e-01
5.520775680313256e-04	6.648086e-01	2.058293e-01
5.522003680651760e-04	6.628117e-01	2.060831e-01
5.523450441405349e-04	6.608400e-01	2.066053e-01
5.524783077459555e-04	6.592265e-01	2.071351e-01
5.526421802759446e-04	6.573719e-01	2.076122e-01
5.528143277691634e-04	6.556696e-01	2.077763e-01
5.530653284320538e-04	6.534520e-01	2.063610e-01
5.532414230915946e-04	6.520817e-01	2.029051e-01
5.534227935986312e-04	6.510338e-01	1.971243e-01
5.535539777103581e-04	6.504186e-01	1.923968e-01
5.536953397154375e-04	6.497170e-01	1.875874e-01
5.538447105383292e-04	6.489166e-01	1.838685e-01
5.540006782753572e-04	6.478224e-01	1.813029e-01
5.541806730071221e-04	6.460273e-01	1.776932e-01
5.543216785051733e-04	6.443807e-01	1.730875e-01
5.544705165722516e-04	6.426367e-01	1.669731e-01
5.546458948926000e-04	6.405256e-01	1.600020e-01
5.548455304896814e-04	6.378798e-01	1.544462e-01
5.550411344372925e-04	6.347279e-01	1.546806e-01
5.551722691696434e-04	6.323993e-01	1.624494e-01
5.553013225386406e-04	6.299215e-01	1.779918e-01
5.554388385600920e-04	6.267160e-01	1.990273e-01
5.555638520273192e-04	6.236365e-01	2.195254e-01
5.556578586727607e-04	6.215980e-01	2.343645e-01
5.557655388317994e-04	6.194722e-01	2.480889e-01
5.559196068293990e-04	6.173660e-01	2.599137e-01
5.560644324340861e-04	6.162273e-01	2.580518e-01
5.562929988349907e-04	6.163205e-01	2.338219e-01
5.564724205677827e-04	6.178656e-01	2.047734e-01
5.565948047794087e-04	6.194724e-01	1.827365e-01
5.567241103915484e-04	6.210040e-01	1.614820e-01
5.568477500163833e-04	6.224004e-01	1.467974e-01
5.569803951870384e-04	6.235366e-01	1.399747e-01
5.571169934540951e-04	6.244183e-01	1.435543e-01
5.572880045853714e-04	6.237189e-01	1.573613e-01
5.574446177770004e-04	6.205577e-01	1.735812e-01
5.575659757405626e-04	6.183263e-01	1.882958e-01
5.576732654183827e-04	6.166570e-01	2.010813e-01
5.577803566662984e-04	6.150742e-01	2.117144e-01
5.578903068282973e-04	6.135998e-01	2.189049e-01
5.580084043708906e-04	6.119874e-01	2.203195e-01
5.581768668303796e-04	6.105870e-01	2.133354e-01
5.583438032262211e-04	6.108043e-01	2.003542e-01
5.584665649285170e-04	6.110122e-01	1.875258e-01
5.585947217823288e-04	6.111327e-01	1.731646e-01
5.587103126893147e-04	6.112785e-01	1.615273e-01
5.588383060127962e-04	6.113064e-01	1.519281e-01
5.589707589914520e-04	6.112431e-01	1.477845e-01
5.591356572508822e-04	6.103781e-01	1.505865e-01
5.593131709617657e-04	6.077861e-01	1.595037e-01
5.594414648336964e-04	6.055495e-01	1.688736e-01
5.595626414582114e-04	6.035062e-01	1.789070e-01
5.596844146269809e-04	6.014363e-01	1.883498e-01
5.598053509421425e-04	5.994892e-01	1.958131e-01
5.599272319778353e-04	5.976355e-01	1.997746e-01
5.600704496388782e-04	5.955655e-01	1.980765e-01
5.602510862794776e-04	5.939640e-01	1.882624e-01
5.604072862483142e-04	5.935764e-01	1.753067e-01
5.605238021639728e-04	5.932872e-01	1.637464e-01
5.606416701826500e-04	5.927955e-01	1.520631e-01
5.607692879903972e-04	5.921044e-01	1.412895e-01
5.608887396834703e-04	5.914097e-01	1.353957e-01
5.610640131706316e-04	5.899117e-01	1.362238e-01
5.612175487553804e-04	5.873779e-01	1.460599e-01
5.613211747533898e-04	5.853652e-01	1.584044e-01
5.614329846711019e-04	5.831891e-01	1.753074e-01
5.615500356073662e-04	5.806586e-01	1.938051e-01
5.616731183977923e-04	5.782022e-01	2.125331e-01
5.617607340471448e-04	5.767105e-01	2.239762e-01
5.618609924953353e-04	5.753597e-01	2.337116e-01
5.619516604923561e-04	5.744277e-01	2.384079e-01
5.620600882558544e-04	5.733811e-01	2.382006e-01
5.622769437828509e-04	5.736719e-01	2.317209e-01
5.624787090964048e-04	5.749803e-01	2.223983e-01
5.626616532999319e-04	5.767873e-01	2.130825e-01
5.628059216539492e-04	5.785702e-01	2.071143e-01
5.629389116508613e-04	5.802783e-01	2.037323e-01
5.630711099217957e-04	5.818157e-01	2.015040e-01
5.631472602626943e-04	5.826262e-01	1.995418e-01
5.632315025746053e-04	5.835484e-01	1.961199e-01
5.633182893713728e-04	5.844535e-01	1.915683e-01
5.634370402984850e-04	5.856383e-01	1.843899e-01
5.635799828801630e-04	5.870838e-01	1.758340e-01
5.637908157637333e-04	5.892128e-01	1.661015e-01
5.639995071820235e-04	5.906992e-01	1.618672e-01
5.642170880837429e-04	5.906130e-01	1.626665e-01
5.644455861912575e-04	5.886632e-01	1.659807e-01
5.646134508167351e-04	5.869417e-01	1.692428e-01
5.647622735680238e-04	5.855988e-01	1.720641e-01
5.649281428172029e-04	5.841610e-01	1.741176e-01
5.650786547320853e-04	5.830307e-01	1.755545e-01
5.651626201723729e-04	5.824134e-01	1.769397e-01
5.652504512371262e-04	5.816973e-01	1.792730e-01
5.653331792896890e-04	5.810366e-01	1.820958e-01
5.654421826634003e-04	5.801810e-01	1.863386e-01
5.655712072127471e-04	5.791707e-01	1.913253e-01
5.657698209178401e-04	5.777569e-01	1.975353e-01
5.659641164859437e-04	5.768014e-01	2.000081e-01
5.661130941925620e-04	5.762455e-01	1.958016e-01
5.662623163629814e-04	5.759647e-01	1.839952e-01
5.663986540600684e-04	5.761483e-01	1.683848e-01
5.665243950851553e-04	5.764604e-01	1.520983e-01
5.666598142832959e-04	5.767393e-01	1.353394e-01
5.668096182400171e-04	5.768160e-01	1.210274e-01
5.669661050742017e-04	5.756017e-01	1.122535e-01
5.670623420421133e-04	5.742706e-01	1.125140e-01
5.671685429692763e-04	5.727251e-01	1.194633e-01
5.672430491117186e-04	5.715689e-01	1.279444e-01
5.673512670998069e-04	5.697078e-01	1.441006e-01
5.674547035951942e-04	5.673452e-01	1.611510e-01
5.675593970725162e-04	5.647693e-01	1.790109e-01
5.676653235769858e-04	5.622432e-01	1.962755e-01
5.677524303238699e-04	5.604094e-01	2.087719e-01
5.678361028178528e-04	5.588270e-01	2.179863e-01
5.679318914559960e-04	5.573720e-01	2.245019e-01
5.680186719207374e-04	5.564813e-01	2.264404e-01
5.680951521853483e-04	5.558227e-01	2.247518e-01
5.681872853414062e-04	5.549762e-01	2.189450e-01
5.683715516535217e-04	5.549498e-01	2.032034e-01
5.685091515224209e-04	5.555063e-01	1.894659e-01
5.686308960522597e-04	5.561196e-01	1.769320e-01
5.687529501703823e-04	5.568812e-01	1.661742e-01
5.688811171934528e-04	5.576815e-01	1.584688e-01
5.690055241946532e-04	5.582559e-01	1.547947e-01
5.691330207747966e-04	5.583339e-01	1.525480e-01
5.692512851288058e-04	5.579987e-01	1.496362e-01
5.693877232596493e-04	5.573679e-01	1.451068e-01
5.695561308411399e-04	5.562503e-01	1.390097e-01
5.697348895560690e-04	5.546774e-01	1.331062e-01
5.698746967323843e-04	5.533249e-01	1.301658e-01
5.700315806230016e-04	5.513989e-01	1.296742e-01
5.701560044534066e-04	5.496416e-01	1.326892e-01
5.703022903057607e-04	5.472296e-01	1.401082e-01
5.704470484757580e-04	5.443565e-01	1.494930e-01
5.705707745963146e-04	5.417711e-01	1.581160e-01
5.706951553803997e-04	5.392373e-01	1.660718e-01
5.708377050516023e-04	5.365362e-01	1.728179e-01
5.709775682660584e-04	5.342494e-01	1.759674e-01
5.711256192353021e-04	5.323580e-01	1.760822e-01
5.712884858569217e-04	5.309804e-01	1.746830e-01
5.714593734637856e-04	5.299873e-01	1.726171e-01
5.716179716789885e-04	5.292735e-01	1.704977e-01
5.718154728583096e-04	5.284809e-01	1.682088e-01
5.719948894670252e-04	5.277258e-01	1.671464e-01
5.721045830985696e-04	5.273538e-01	1.680034e-01
5.722052564196256e-04	5.270997e-01	1.705370e-01
5.723061634568084e-04	5.269057e-01	1.744960e-01
5.724423113513984e-04	5.266358e-01	1.809462e-01
5.725910166144987e-04	5.262890e-01	1.880474e-01
5.727717330416654e-04	5.260221e-01	1.950242e-01
5.729634469335397e-04	5.260817e-01	1.981598e-01
5.731667313213234e-04	5.267143e-01	1.952588e-01
5.733886126845127e-04	5.285622e-01	1.871779e-01
5.735261217274310e-04	5.300692e-01	1.807200e-01
5.736517284868994e-04	5.312916e-01	1.745320e-01
5.737773132656808e-04	5.324858e-01	1.693883e-01
5.739114217921748e-04	5.336888e-01	1.658788e-01
5.740472983334148e-04	5.346121e-01	1.635457e-01
5.741720185815297e-04	5.350986e-01	1.602498e-01
5.743206509454204e-04	5.354174e-01	1.538318e-01
5.744553671756421e-04	5.355404e-01	1.466318e-01
5.746528628655169e-04	5.355956e-01	1.364157e-01
5.748627364142893e-04	5.351241e-01	1.284861e-01
5.750271313097084e-04	5.339552e-01	1.266865e-01
5.752102676674021e-04	5.318606e-01	1.302307e-01
5.753230594359813e-04	5.302987e-01	1.351124e-01
5.754758485742665e-04	5.279416e-01	1.437936e-01
5.756204801362836e-04	5.253868e-01	1.519845e-01
5.757571347455031e-04	5.230319e-01	1.587183e-01
5.758825985835640e-04	5.210160e-01	1.628399e-01
5.760101899143203e-04	5.192920e-01	1.654809e-01
5.761237499471826e-04	5.181394e-01	1.690968e-01
5.762286047799952e-04	5.172640e-01	1.753938e-01
5.763438587201420e-04	5.164610e-01	1.853437e-01
5.765066644262405e-04	5.153415e-01	2.012998e-01
5.766749134948959e-04	5.145492e-01	2.170832e-01
5.768352695839393e-04	5.141932e-01	2.266939e-01
5.770966883719656e-04	5.155618e-01	2.300948e-01
5.773443107544768e-04	5.190552e-01	2.246598e-01
5.775062439972559e-04	5.218243e-01	2.177334e-01
5.776582325078889e-04	5.250711e-01	2.111460e-01
5.778055905620778e-04	5.285721e-01	2.062002e-01
5.779560011284671e-04	5.321136e-01	2.029428e-01
5.780937629416036e-04	5.351114e-01	2.000736e-01
5.781823693355420e-04	5.369034e-01	1.965461e-01
5.782892126676732e-04	5.390176e-01	1.898538e-01
5.784052635557966e-04	5.412251e-01	1.809291e-01
5.785426409798131e-04	5.436414e-01	1.696789e-01
5.787430612927288e-04	5.471390e-01	1.559134e-01
5.789526956030547e-04	5.514310e-01	1.483007e-01
5.791620244131092e-04	5.533221e-01	1.426874e-01
5.793436494850922e-04	5.525930e-01	1.346771e-01
5.795459302033551e-04	5.508301e-01	1.232149e-01
5.796879845076530e-04	5.493882e-01	1.156494e-01
5.798060453254131e-04	5.480246e-01	1.108528e-01
5.799347596710306e-04	5.464073e-01	1.083859e-01
5.801233067415979e-04	5.433292e-01	1.087712e-01
5.803163104665252e-04	5.390999e-01	1.118551e-01
5.805193656942323e-04	5.334884e-01	1.162114e-01
5.806951201120461e-04	5.282504e-01	1.199655e-01
5.808433909229297e-04	5.239653e-01	1.224962e-01
5.809758057295711e-04	5.201673e-01	1.232463e-01
5.811074232395712e-04	5.164188e-01	1.217090e-01
5.812291942639202e-04	5.129774e-01	1.178389e-01
5.813686219042950e-04	5.091801e-01	1.113250e-01
5.815002976551336e-04	5.057534e-01	1.043077e-01
5.816380369530556e-04	5.021481e-01	9.700380e-02
5.817755419208533e-04	4.984407e-01	9.088549e-02
5.819119354944526e-04	4.946341e-01	8.734283e-02
5.820751354996533e-04	4.898007e-01	8.734135e-02
5.822543901103556e-04	4.837657e-01	9.143572e-02
5.823979846575905e-04	4.785743e-01	9.702392e-02
5.825200193778318e-04	4.742143e-01	1.028228e-01
5.826421756852471e-04	4.699403e-01	1.085790e-01
5.827728278762263e-04	4.654733e-01	1.136155e-01
5.829184536141667e-04	4.607157e-01	1.175608e-01
5.831175627910627e-04	4.552027e-01	1.247482e-01
5.832343148770780e-04	4.525850e-01	1.342849e-01
5.833713501116283e-04	4.494023e-01	1.513648e-01
5.835221882731664e-04	4.458088e-01	1.724482e-01
5.836798459947471e-04	4.426837e-01	1.940123e-01
5.837945994916270e-04	4.412590e-01	2.075421e-01
5.838750633058306e-04	4.406216e-01	2.141991e-01
5.839648859778318e-04	4.402234e-01	2.180301e-01
5.840361326119193e-04	4.402460e-01	2.179257e-01
5.841180118482164e-04	4.404513e-01	2.137785e-01
5.841959904801208e-04	4.404898e-01	2.055919e-01
5.843519477439297e-04	4.411881e-01	1.827650e-01
5.844877769232051e-04	4.429767e-01	1.603571e-01
5.845987560777681e-04	4.447383e-01	1.414642e-01
5.847120651826671e-04	4.465248e-01	1.240686e-01
5.848392317287293e-04	4.485070e-01	1.094796e-01
5.849646542971205e-04	4.503160e-01	1.023145e-01
5.850941519130544e-04	4.519757e-01	1.026640e-01
5.852517670852286e-04	4.524537e-01	1.079933e-01
5.853727337234525e-04	4.516270e-01	1.136363e-01
5.854863993662657e-04	4.507232e-01	1.202805e-01
5.855983508739123e-04	4.495901e-01	1.269265e-01
5.857207882523280e-04	4.482304e-01	1.334239e-01
5.858464937539924e-04	4.471575e-01	1.387337e-01
5.859565915082542e-04	4.463364e-01	1.415382e-01
5.860656294909188e-04	4.456941e-01	1.437647e-01
5.861411344582064e-04	4.453444e-01	1.467898e-01
5.862334466320068e-04	4.448910e-01	1.529385e-01
5.863273730487254e-04	4.445108e-01	1.611860e-01
5.864517505459911e-04	4.440690e-01	1.738011e-01
5.865903690503295e-04	4.436187e-01	1.881065e-01
5.867161344930050e-04	4.434786e-01	1.996314e-01
5.868599888257811e-04	4.438219e-01	2.085855e-01
5.870249329802498e-04	4.446814e-01	2.094050e-01
5.872189676250053e-04	4.460977e-01	1.950101e-01
5.874402371600013e-04	4.497272e-01	1.662007e-01
5.875734834635730e-04	4.530200e-01	1.465542e-01
5.877167273896765e-04	4.561053e-01	1.264307e-01
5.878490524840594e-04	4.589290e-01	1.134370e-01
5.880017981587901e-04	4.615673e-01	1.071064e-01
5.881395024496576e-04	4.638863e-01	1.094202e-01
5.883250935120534e-04	4.646612e-01	1.173530e-01
5.884504492060436e-04	4.635842e-01	1.235332e-01
5.885899503332384e-04	4.623564e-01	1.315604e-01
5.887085309391446e-04	4.610079e-01	1.376358e-01
5.888389189536740e-04	4.598120e-01	1.429367e-01
5.889569567814519e-04	4.591166e-01	1.456976e-01
5.890668163778091e-04	4.584778e-01	1.456115e-01
5.891847047760170e-04	4.578974e-01	1.432302e-01
5.892854300448779e-04	4.574897e-01	1.398376e-01
5.893885383999845e-04	4.570396e-01	1.353491e-01
5.894910199337456e-04	4.566061e-01	1.304260e-01
5.895912891288928e-04	4.561567e-01	1.255511e-01
5.896926510088236e-04	4.556656e-01	1.210082e-01
5.898005748897322e-04	4.551295e-01	1.172835e-01
5.899537139508539e-04	4.543014e-01	1.150680e-01
5.901258896939886e-04	4.530992e-01	1.181268e-01
5.902990808544697e-04	4.513359e-01	1.273234e-01
5.904594040903827e-04	4.491542e-01	1.394325e-01
5.905943332029067e-04	4.472678e-01	1.504403e-01
5.907357700917646e-04	4.455706e-01	1.607980e-01
5.908711374442346e-04	4.443027e-01	1.676654e-01
5.910053900916223e-04	4.435867e-01	1.711736e-01
5.911332061961769e-04	4.435897e-01	1.737206e-01
5.912490607669469e-04	4.438421e-01	1.771475e-01
5.913860690926179e-04	4.443530e-01	1.827537e-01
5.915457008013928e-04	4.452594e-01	1.898295e-01
5.917670417547267e-04	4.469986e-01	1.977062e-01
5.920040710237861e-04	4.496189e-01	2.007132e-01
5.922544532224016e-04	4.530426e-01	1.967856e-01
5.924724869852468e-04	4.577443e-01	1.906298e-01
5.926179015011964e-04	4.613596e-01	1.860619e-01
5.927650126136606e-04	4.648266e-01	1.818012e-01
5.929117852973099e-04	4.682935e-01	1.790713e-01
5.930855620211903e-04	4.720792e-01	1.766341e-01
5.932084450147020e-04	4.744955e-01	1.737205e-01
5.933500859536819e-04	4.771726e-01	1.685507e-01
5.934947144151779e-04	4.797530e-01	1.623812e-01
5.937029578003864e-04	4.833530e-01	1.543603e-01
5.939217985963557e-04	4.877001e-01	1.508087e-01
5.941730260991702e-04	4.911451e-01	1.528615e-01
5.944064963976600e-04	4.914577e-01	1.580332e-01
5.945498680576739e-04	4.911994e-01	1.626491e-01
5.946733923969376e-04	4.913063e-01	1.670819e-01
5.947962810917835e-04	4.914794e-01	1.706989e-01
5.949216795958067e-04	4.917115e-01	1.727307e-01
5.950543104784870e-04	4.919725e-01	1.716751e-01
5.951962782942987e-04	4.923796e-01	1.659824e-01
5.953309164915638e-04	4.930056e-01	1.568518e-01
5.954547016933388e-04	4.936446e-01	1.463911e-01
5.955880087106303e-04	4.942882e-01	1.347405e-01
5.957503465590996e-04	4.949831e-01	1.225790e-01
5.959040973944702e-04	4.951085e-01	1.147871e-01
5.960246918441021e-04	4.947818e-01	1.122575e-01
5.961718156631649e-04	4.936094e-01	1.113548e-01
5.963146112283992e-04	4.916551e-01	1.104282e-01
5.964554810002558e-04	4.896701e-01	1.098188e-01
5.966350208597218e-04	4.868346e-01	1.092067e-01
5.968244475009865e-04	4.832368e-01	1.082938e-01
5.972033007835158e-04	4.751365e-01	1.046966e-01
5.974712903622769e-04	4.691809e-01	1.001647e-01
5.979039498901298e-04	4.592277e-01	9.289065e-02
5.980594020400311e-04	4.552645e-01	9.287508e-02
5.982418458895535e-04	4.504082e-01	9.554133e-02
5.984396206432926e-04	4.447645e-01	1.003216e-01
5.985726541880501e-04	4.409246e-01	1.040354e-01
5.987114886522310e-04	4.370594e-01	1.076159e-01
5.988726735790649e-04	4.327058e-01	1.103985e-01
5.990616679249706e-04	4.281925e-01	1.135852e-01
5.991727408835549e-04	4.259631e-01	1.180788e-01
5.992979004326092e-04	4.235137e-01	1.268183e-01
5.994244939100315e-04	4.210986e-01	1.379282e-01
5.996004591069486e-04	4.178116e-01	1.538163e-01
5.997802598601949e-04	4.149962e-01	1.675285e-01
5.999234971576286e-04	4.137033e-01	1.745903e-01
6.000332290208442e-04	4.132261e-01	1.765358e-01
6.001617501651828e-04	4.133662e-01	1.769950e-01
6.002516900025667e-04	4.136155e-01	1.770041e-01
6.003672569008309e-04	4.141268e-01	1.769098e-01
6.004737579789675e-04	4.148904e-01	1.768343e-01
6.006867601352407e-04	4.170659e-01	1.766670e-01
6.009689814884678e-04	4.205008e-01	1.747019e-01
6.011166697306239e-04	4.224696e-01	1.690931e-01
6.012196123276870e-04	4.239479e-01	1.594558e-01
6.013183654670851e-04	4.253462e-01	1.453570e-01
6.014335484606902e-04	4.271115e-01	1.259813e-01
6.015557207862330e-04	4.291424e-01	1.047811e-01
6.017107000677264e-04	4.317577e-01	8.095261e-02
6.018744876262888e-04	4.334570e-01	6.134223e-02
6.019497301227700e-04	4.335695e-01	5.592031e-02
6.020177039578431e-04	4.336844e-01	5.485629e-02
6.020890955628510e-04	4.338455e-01	5.687650e-02
6.021914657479956e-04	4.338026e-01	6.341988e-02
6.023107225120186e-04	4.323315e-01	7.367589e-02
6.024558319128420e-04	4.296198e-01	8.886389e-02
6.025843110407515e-04	4.270822e-01	1.034282e-01
6.026952509939249e-04	4.246314e-01	1.150673e-01
6.028060204596306e-04	4.220577e-01	1.241434e-01
6.029299459933322e-04	4.193037e-01	1.299662e-01
6.030529585743390e-04	4.168843e-01	1.305111e-01
6.031851664854644e-04	4.147992e-01	1.261378e-01
6.033122897122821e-04	4.133291e-01	1.187541e-01
6.034266871359179e-04	4.121508e-01	1.102168e-01
6.035432049523139e-04	4.109630e-01	1.007252e-01
6.036599843958440e-04	4.097552e-01	9.157291e-02
6.037739312012970e-04	4.084770e-01	8.401202e-02
6.038884517548426e-04	4.071554e-01	7.919607e-02
6.040362526665403e-04	4.052746e-01	7.740000e-02
6.042202346460486e-04	4.018656e-01	7.852417e-02
6.043646453834959e-04	3.986236e-01	8.084325e-02
6.045424609512793e-04	3.945452e-01	8.474645e-02
6.047053852986389e-04	3.906918e-01	8.817409e-02
6.048397795277346e-04	3.875225e-01	9.022047e-02
6.049891799438001e-04	3.841897e-01	9.190768e-02
6.050931560794909e-04	3.820440e-01	9.417993e-02
6.051731098501061e-04	3.804357e-01	9.797053e-02
6.052614937270528e-04	3.787664e-01	1.046578e-01
6.053909465254478e-04	3.762673e-01	1.167811e-01
6.055150222238861e-04	3.737925e-01	1.291957e-01
6.057042644620900e-04	3.703229e-01	1.464636e-01
6.058847365749901e-04	3.680480e-01	1.582053e-01
6.060173723702105e-04	3.671558e-01	1.608648e-01
6.061639894261296e-04	3.670506e-01	1.571020e-01
6.063088042627156e-04	3.675259e-01	1.488100e-01
6.063998478122271e-04	3.679897e-01	1.417898e-01
6.064921813769470e-04	3.685153e-01	1.337702e-01
6.066066331759799e-04	3.693239e-01	1.239850e-01
6.067358548102436e-04	3.704357e-01	1.144357e-01
6.068690781979043e-04	3.716096e-01	1.075392e-01
6.069973334134386e-04	3.726154e-01	1.049052e-01
6.071279663705278e-04	3.734971e-01	1.065763e-01
6.072865297845929e-04	3.739700e-01	1.122369e-01
6.074441972528906e-04	3.735985e-01	1.195395e-01
6.075672082214877e-04	3.732027e-01	1.258924e-01
6.076907994341596e-04	3.729752e-01	1.321106e-01
6.077977751658602e-04	3.728741e-01	1.365184e-01
6.079054171896229e-04	3.728442e-01	1.392577e-01
6.080206983512774e-04	3.727123e-01	1.389561e-01
6.081979941429596e-04	3.726930e-01	1.324861e-01
6.083931063161860e-04	3.738028e-01	1.208591e-01
6.085199027364753e-04	3.747551e-01	1.116283e-01
6.086547735714004e-04	3.755063e-01	1.016653e-01
6.087955923021355e-04	3.761903e-01	9.335399e-02
6.089404184460419e-04	3.767850e-01	8.935526e-02
6.091133718072254e-04	3.770279e-01	9.244010e-02
6.092931469031435e-04	3.760377e-01	1.034846e-01
6.094676813632408e-04	3.739772e-01	1.189722e-01
6.095899546062788e-04	3.726046e-01	1.311047e-01
6.097046252908074e-04	3.715926e-01	1.418029e-01
6.098199810343130e-04	3.706992e-01	1.498942e-01
6.099596433084099e-04	3.701163e-01	1.546061e-01
6.100881237617960e-04	3.700340e-01	1.519473e-01
6.102095052251582e-04	3.700820e-01	1.414361e-01
6.103405862862879e-04	3.706051e-01	1.236694e-01
6.104569997858767e-04	3.714338e-01	1.048357e-01
6.105777505314710e-04	3.723806e-01	8.435747e-02
6.106765093038363e-04	3.731031e-01	6.871369e-02
6.107838467187311e-04	3.736197e-01	5.456097e-02
6.108928249341534e-04	3.742178e-01	4.634023e-02
6.110616149291629e-04	3.743147e-01	4.667477e-02
6.112359489857952e-04	3.722280e-01	6.085383e-02
6.114273958330026e-04	3.684072e-01	8.820714e-02
6.115512346983608e-04	3.649739e-01	1.084309e-01
6.116643257863803e-04	3.621336e-01	1.267407e-01
6.117815835246120e-04	3.595650e-01	1.427587e-01
6.118903578425440e-04	3.575344e-01	1.524242e-01
6.120175315011262e-04	3.556096e-01	1.549610e-01
6.121549494036915e-04	3.542250e-01	1.470598e-01
6.123094259721677e-04	3.539142e-01	1.284032e-01
6.124604570288269e-04	3.546064e-01	1.046378e-01
6.125720985950201e-04	3.550846e-01	8.545914e-02
6.126855817869438e-04	3.555366e-01	6.741560e-02
6.128240377544512e-04	3.558912e-01	5.034724e-02
6.129512730190039e-04	3.559601e-01	4.225060e-02
6.131131206188124e-04	3.546066e-01	4.035225e-02
6.132931004984350e-04	3.514817e-01	4.246255e-02
6.134745806810015e-04	3.474817e-01	4.632518e-02
6.136677512508765e-04	3.425739e-01	5.073214e-02
6.138603802400335e-04	3.369436e-01	5.364060e-02
6.140326519666163e-04	3.322868e-01	5.620742e-02
6.141319833962302e-04	3.297355e-01	5.936973e-02
6.142022112808652e-04	3.278105e-01	6.333570e-02
6.142656955626120e-04	3.260571e-01	6.823295e-02
6.143462882134228e-04	3.238351e-01	7.558905e-02
6.144232283117463e-04	3.217691e-01	8.339225e-02
6.145535596835640e-04	3.183482e-01	9.686930e-02
6.147225989395479e-04	3.135554e-01	1.111574e-01
6.149280141181774e-04	3.088084e-01	1.208732e-01
6.151137866327796e-04	3.058727e-01	1.179595e-01
6.153304109574313e-04	3.045517e-01	1.016237e-01
6.154967682461480e-04	3.048811e-01	8.385958e-02
6.156141589120726e-04	3.049434e-01	7.000326e-02
6.157320884161322e-04	3.047713e-01	5.744341e-02
6.158557236644077e-04	3.044603e-01	4.791924e-02
6.159820044775678e-04	3.040609e-01	4.453801e-02
6.161605071924913e-04	3.030111e-01	5.020186e-02
6.163662921441490e-04	2.995173e-01	6.434168e-02
6.164956177228194e-04	2.966122e-01	7.594918e-02
6.166102520432428e-04	2.943613e-01	8.721296e-02
6.167248267370922e-04	2.922365e-01	9.730810e-02
6.168416453043012e-04	2.902623e-01	1.049800e-01
6.169621933027104e-04	2.882971e-01	1.082602e-01
6.171289376420641e-04	2.861023e-01	1.057817e-01
6.173327346102698e-04	2.853979e-01	9.776393e-02
6.174683462833488e-04	2.855309e-01	9.038065e-02
6.175935374263533e-04	2.854095e-01	8.253448e-02
6.177186241495068e-04	2.852580e-01	7.541421e-02
6.178543318457338e-04	2.850918e-01	6.983560e-02
6.179909027401644e-04	2.848792e-01	6.760952e-02
6.181509071154707e-04	2.843144e-01	6.907770e-02
6.183295288431569e-04	2.828273e-01	7.340172e-02
6.184495466904270e-04	2.816602e-01	7.746159e-02
6.185722625558618e-04	2.805893e-01	8.219086e-02
6.186948950344398e-04	2.795163e-01	8.653016e-02
6.188246915530854e-04	2.784540e-01	9.007250e-02
6.189467422075275e-04	2.774566e-01	9.133458e-02
6.191106470271786e-04	2.762045e-01	8.874501e-02
6.192873870006942e-04	2.754072e-01	8.130419e-02
6.194439372430611e-04	2.751074e-01	7.183462e-02
6.195808747109869e-04	2.748332e-01	6.266329e-02
6.197235787439660e-04	2.743715e-01	5.391552e-02
6.198575720059210e-04	2.737992e-01	4.832962e-02
6.200295948561146e-04	2.725458e-01	4.454987e-02
6.202176057050828e-04	2.700568e-01	4.063722e-02
6.203736104370882e-04	2.674989e-01	3.611702e-02
6.205381858036964e-04	2.647167e-01	3.078151e-02
6.207402682538943e-04	2.613060e-01	2.556169e-02
6.209751919660775e-04	2.565252e-01	2.307555e-02
6.211351967531190e-04	2.525858e-01	2.697486e-02
6.212787710697312e-04	2.489360e-01	3.747262e-02
6.214273878556220e-04	2.450170e-01	5.319497e-02
6.215542937124170e-04	2.417435e-01	6.805596e-02
6.216984498480498e-04	2.381510e-01	8.336434e-02
6.218717354773014e-04	2.332324e-01	9.501912e-02
6.220316406439772e-04	2.302358e-01	1.006073e-01
6.222151118665848e-04	2.289145e-01	1.060509e-01
6.223795047364140e-04	2.287617e-01	1.130481e-01
6.225528671017300e-04	2.291184e-01	1.215038e-01
6.227441161472094e-04	2.295016e-01	1.288367e-01
6.229518758796767e-04	2.305130e-01	1.312719e-01
6.231459706427362e-04	2.323152e-01	1.234875e-01
6.233125764121716e-04	2.350100e-01	1.069688e-01
6.234183675980036e-04	2.370432e-01	9.203851e-02
6.235276490043435e-04	2.390722e-01	7.477425e-02
6.236386376275874e-04	2.412910e-01	5.769539e-02
6.237090979528760e-04	2.425928e-01	4.793747e-02
6.238106645198364e-04	2.442407e-01	3.662473e-02
6.239162933720938e-04	2.462435e-01	3.029372e-02
6.240907332184686e-04	2.488216e-01	2.763025e-02
6.242540853292434e-04	2.492527e-01	2.686866e-02
6.244505976618731e-04	2.471469e-01	2.503338e-02
6.246547858735289e-04	2.432985e-01	2.255833e-02
6.248039259378453e-04	2.414623e-01	2.247666e-02
6.249830902473206e-04	2.388254e-01	2.404587e-02
6.251137899821853e-04	2.364644e-01	2.967405e-02
6.252208797383733e-04	2.343416e-01	4.060398e-02
6.253228904468404e-04	2.322287e-01	5.624688e-02
6.254331286486937e-04	2.299131e-01	7.638882e-02
6.255542209697860e-04	2.270388e-01	9.914751e-02
6.256978835755229e-04	2.234621e-01	1.233423e-01
6.258442630281169e-04	2.210987e-01	1.415873e-01
6.260011336660952e-04	2.198030e-01	1.480651e-01
6.261986640880847e-04	2.207658e-01	1.393060e-01
6.263486245099981e-04	2.216004e-01	1.215225e-01
6.265110363421263e-04	2.235990e-01	9.679294e-02
6.265976359079927e-04	2.251176e-01	8.342464e-02
6.266956116681279e-04	2.266030e-01	6.912231e-02
6.267926410412823e-04	2.281675e-01	5.772737e-02
6.269126662138784e-04	2.301009e-01	4.908955e-02
6.270395182769092e-04	2.319279e-01	4.662991e-02
6.271661458203407e-04	2.335105e-01	4.980560e-02
6.273279957336181e-04	2.345588e-01	5.774364e-02
6.274955691618649e-04	2.338378e-01	6.687237e-02
6.276248467773406e-04	2.329588e-01	7.417543e-02
6.277457671447969e-04	2.324072e-01	8.047268e-02
6.278663272938137e-04	2.320479e-01	8.505300e-02
6.279812577989195e-04	2.318844e-01	8.691972e-02
6.280897468012457e-04	2.316667e-01	8.523759e-02
6.282357245280085e-04	2.316069e-01	7.869941e-02
6.283667351901464e-04	2.319711e-01	7.029051e-02
6.284833167959586e-04	2.322887e-01	6.133191e-02
6.286015426751060e-04	2.325472e-01	5.209680e-02
6.287394287566603e-04	2.327428e-01	4.266317e-02
6.288717720644772e-04	2.328818e-01	3.696097e-02
6.290448189191029e-04	2.325985e-01	3.668672e-02
6.292190947828632e-04	2.315972e-01	4.581816e-02
6.294300619305614e-04	2.288726e-01	6.522214e-02
6.295544881423611e-04	2.267284e-01	7.842627e-02
6.296857865064799e-04	2.249542e-01	9.223203e-02
6.298137018619608e-04	2.235259e-01	1.027536e-01
6.299464781069574e-04	2.222889e-01	1.078656e-01
6.301158771798964e-04	2.215175e-01	1.052057e-01
6.303314007269491e-04	2.224111e-01	9.308486e-02
6.304716704943778e-04	2.235764e-01	8.177041e-02
6.305941023257840e-04	2.245267e-01	7.073377e-02
6.307167396415502e-04	2.255350e-01	6.092367e-02
6.308652695831682e-04	2.266881e-01	5.251960e-02
6.310013330941428e-04	2.275662e-01	4.932800e-02
6.311538904939236e-04	2.280606e-01	4.998636e-02
6.313249983499620e-04	2.275805e-01	5.265714e-02
6.314867863375476e-04	2.264891e-01	5.591674e-02
6.316566347978801e-04	2.252984e-01	5.970371e-02
6.317945528125910e-04	2.244188e-01	6.233393e-02
6.319397947833047e-04	2.235062e-01	6.386399e-02
6.320758381383183e-04	2.227395e-01	6.405763e-02
6.322653844949008e-04	2.217547e-01	6.274830e-02
6.323740718050881e-04	2.211502e-01	6.143399e-02
6.324736015082734e-04	2.206234e-01	6.012665e-02
6.325894710260051e-04	2.200071e-01	5.857089e-02
6.326990426527236e-04	2.194147e-01	5.720012e-02
6.328002989560001e-04	2.188598e-01	5.617008e-02
6.329225869708845e-04	2.181688e-01	5.525328e-02
6.330847927253605e-04	2.171052e-01	5.362108e-02
6.331825910658949e-04	2.163509e-01	5.137216e-02
6.333037009654516e-04	2.154099e-01	4.688674e-02
6.334294867990283e-04	2.144572e-01	4.125261e-02
6.335721407883245e-04	2.133583e-01	3.465614e-02
6.337659923526836e-04	2.117575e-01	2.729234e-02
6.339645118873721e-04	2.098587e-01	2.426100e-02
6.341737088195006e-04	2.072285e-01	2.831163e-02
6.343710667301670e-04	2.034991e-01	3.783824e-02
6.345133656023770e-04	2.005988e-01	4.713869e-02
6.346628353874537e-04	1.977969e-01	5.717564e-02
6.348026259115900e-04	1.951682e-01	6.434436e-02
6.349574493819413e-04	1.926672e-01	6.850924e-02
6.351286583749134e-04	1.908722e-01	7.012875e-02
6.352795987350075e-04	1.900232e-01	7.102928e-02
6.354536639239888e-04	1.893003e-01	7.211366e-02
6.356210115631209e-04	1.888486e-01	7.305634e-02
6.358173939364581e-04	1.885645e-01	7.368131e-02
6.360441534601231e-04	1.884616e-01	7.320568e-02
6.362641185854673e-04	1.887728e-01	7.125752e-02
6.365044347000554e-04	1.896047e-01	6.802033e-02
6.366595784975265e-04	1.902875e-01	6.583203e-02
6.368163852528260e-04	1.909563e-01	6.401885e-02
6.369698997497598e-04	1.915421e-01	6.288764e-02
6.371153794612595e-04	1.919692e-01	6.200258e-02
6.372326431249654e-04	1.922318e-01	6.091319e-02
6.373742332738865e-04	1.925179e-01	5.908257e-02
6.375490580878001e-04	1.928323e-01	5.661485e-02
6.377371242101561e-04	1.931330e-01	5.441636e-02
6.379773066358547e-04	1.931398e-01	5.187069e-02
6.381539674212187e-04	1.927527e-01	4.834855e-02
6.382927642392167e-04	1.922840e-01	4.297937e-02
6.384415260642880e-04	1.917630e-01	3.514495e-02
6.386170761340485e-04	1.911163e-01	2.566518e-02
6.387933505611632e-04	1.903298e-01	1.853232e-02
6.390167927641449e-04	1.886927e-01	1.573128e-02
6.392188494857115e-04	1.862824e-01	2.056773e-02
6.394348891083779e-04	1.820929e-01	3.112754e-02
6.395677355210586e-04	1.794351e-01	3.914559e-02
6.397032213095815e-04	1.770386e-01	4.722595e-02
6.398254820051375e-04	1.748963e-01	5.254929e-02
6.399773050957669e-04	1.721331e-01	5.523579e-02
6.401739428857938e-04	1.698057e-01	5.587599e-02
6.403286038285020e-04	1.688122e-01	5.578960e-02
6.404985882016796e-04	1.677754e-01	5.518483e-02
6.406634256000430e-04	1.668912e-01	5.444096e-02
6.408442091268498e-04	1.661218e-01	5.379494e-02
6.410584908432372e-04	1.654451e-01	5.382772e-02
6.412691294249926e-04	1.649284e-01	5.516669e-02
6.414902936679472e-04	1.643895e-01	5.757618e-02
6.416340117642680e-04	1.641074e-01	5.925088e-02
6.418206886180093e-04	1.639263e-01	6.083760e-02
6.420238170413676e-04	1.639197e-01	6.038956e-02
6.421478427739158e-04	1.639757e-01	5.687156e-02
6.422627094638971e-04	1.640897e-01	5.006793e-02
6.423707751892381e-04	1.642472e-01	4.141837e-02
6.424974390375434e-04	1.644689e-01	3.005397e-02
6.426447000184769e-04	1.648214e-01	1.757401e-02
6.428243321410837e-04	1.649938e-01	6.084144e-03
6.429937070643168e-04	1.643014e-01	1.143038e-03
6.431863314087591e-04	1.626015e-01	2.267644e-03
6.433671142211153e-04	1.593107e-01	5.884007e-03
6.435306295874777e-04	1.561492e-01	1.065257e-02
6.436749066993924e-04	1.534820e-01	1.508607e-02
6.438352594766663e-04	1.505191e-01	1.884279e-02
6.439886684797793e-04	1.477500e-01	2.085528e-02
6.441337924777582e-04	1.452785e-01	2.217638e-02
6.442251904039867e-04	1.437549e-01	2.344871e-02
6.443369202574173e-04	1.418752e-01	2.569273e-02
6.444699673580326e-04	1.396810e-01	2.878706e-02
6.446242275133716e-04	1.371987e-01	3.220397e-02
6.448528984581362e-04	1.337095e-01	3.588897e-02
6.450624569417206e-04	1.311326e-01	3.954408e-02
6.451893844233014e-04	1.300274e-01	4.500954e-02
6.453319213576943e-04	1.289444e-01	5.571283e-02
6.454748521935162e-04	1.278765e-01	6.868410e-02
6.456749792498318e-04	1.266702e-01	8.630994e-02
6.458556471658713e-04	1.263140e-01	9.625493e-02
6.461006027650988e-04	1.271433e-01	9.466664e-02
6.462823167610677e-04	1.287759e-01	7.995141e-02
6.464654925546603e-04	1.318513e-01	5.598713e-02
6.465839894433555e-04	1.342757e-01	3.911427e-02
6.467053199299340e-04	1.364086e-01	2.313647e-02
6.468544892592542e-04	1.389319e-01	8.994728e-03
6.469903192771613e-04	1.411489e-01	4.169151e-03
6.471513429987008e-04	1.430602e-01	8.044086e-03
6.473204762883945e-04	1.430390e-01	1.782094e-02
6.474809839536952e-04	1.412804e-01	2.947690e-02
6.476072144415252e-04	1.396959e-01	3.940447e-02
6.477214862434762e-04	1.387885e-01	4.818039e-02
6.478225210600763e-04	1.381152e-01	5.433111e-02
6.479292766372465e-04	1.373668e-01	5.787434e-02
6.480516754272646e-04	1.362605e-01	5.653709e-02
6.482496071561440e-04	1.356959e-01	4.682465e-02
6.483914139511530e-04	1.362381e-01	3.620480e-02
6.485028665878083e-04	1.364412e-01	2.570114e-02
6.486157135237016e-04	1.365355e-01	1.499827e-02
6.487499066727807e-04	1.365283e-01	3.953263e-03
6.488738920176049e-04	1.364722e-01	-2.378851e-03
6.490447846531132e-04	1.361791e-01	-1.252428e-03
6.492185555209337e-04	1.346987e-01	1.308812e-02
6.493950649814679e-04	1.316718e-01	3.873669e-02
6.495130995010603e-04	1.296803e-01	5.983455e-02
6.496467784060241e-04	1.275559e-01	8.355798e-02
6.497835377427901e-04	1.253903e-01	1.029798e-01
6.499270349287786e-04	1.244524e-01	1.150422e-01
6.500812844777684e-04	1.250173e-01	1.162933e-01
6.502966624093799e-04	1.266607e-01	1.038726e-01
6.504920077705458e-04	1.295291e-01	8.665845e-02
6.506310970484601e-04	1.322946e-01	7.350217e-02
6.507482078392897e-04	1.346641e-01	6.361772e-02
6.508642524795406e-04	1.370582e-01	5.688938e-02
6.510045968850701e-04	1.399089e-01	5.402078e-02
6.511279034539790e-04	1.423085e-01	5.690241e-02
6.512548653963323e-04	1.445390e-01	6.472552e-02
6.513789469688143e-04	1.463089e-01	7.522646e-02
6.514941410477042e-04	1.477417e-01	8.630086e-02
6.516102133829287e-04	1.491503e-01	9.748931e-02
6.517321845257391e-04	1.506779e-01	1.079121e-01
6.518424707609858e-04	1.522434e-01	1.149821e-01
6.519550603772959e-04	1.541169e-01	1.188132e-01
6.520763204145906e-04	1.563194e-01	1.195790e-01
6.521940669180427e-04	1.589386e-01	1.190575e-01
6.522893863173404e-04	1.612556e-01	1.182712e-01
6.524149570669458e-04	1.644474e-01	1.168976e-01
6.525340391226192e-04	1.676405e-01	1.154909e-01
6.527722032339659e-04	1.745175e-01	1.132085e-01
6.530163206404114e-04	1.820059e-01	1.110056e-01
6.531593871579025e-04	1.862950e-01	1.077451e-01
6.532642390106320e-04	1.894225e-01	1.031408e-01
6.533622503518517e-04	1.922504e-01	9.719612e-02
6.535126637215392e-04	1.965022e-01	8.704549e-02
6.536738367327447e-04	2.010225e-01	7.718913e-02
6.538846187826106e-04	2.064560e-01	6.761853e-02
6.539956151478043e-04	2.090439e-01	6.537083e-02
6.541333860288024e-04	2.117942e-01	6.526659e-02
6.542698488884593e-04	2.140579e-01	6.592003e-02
6.544140999788859e-04	2.170206e-01	6.791919e-02
6.546218069492805e-04	2.200824e-01	7.027443e-02
6.548843364759831e-04	2.203719e-01	6.979860e-02
6.550608251316158e-04	2.204764e-01	6.876290e-02
6.551952855380687e-04	2.207901e-01	6.719388e-02
6.553737393367230e-04	2.211610e-01	6.386115e-02
6.555460646922984e-04	2.217497e-01	6.045409e-02
6.556992249087411e-04	2.220303e-01	5.748850e-02
6.558475798107353e-04	2.220277e-01	5.534469e-02
6.560095431659820e-04	2.218172e-01	5.475502e-02
6.561888815595220e-04	2.213139e-01	5.676211e-02
6.563954882042165e-04	2.201674e-01	6.138229e-02
6.565317086243674e-04	2.192526e-01	6.518666e-02
6.566731869853921e-04	2.183821e-01	6.918338e-02
6.568066735099157e-04	2.176140e-01	7.215428e-02
6.569403307357022e-04	2.168422e-01	7.312611e-02
6.571094957710401e-04	2.160652e-01	7.002790e-02
6.572424568758624e-04	2.156804e-01	6.301107e-02
6.573680459292188e-04	2.154211e-01	5.269007e-02
6.574944964280286e-04	2.152631e-01	4.069029e-02
6.576284623267785e-04	2.151088e-01	2.832663e-02
6.577996672975863e-04	2.145079e-01	1.552293e-02
6.579540599316579e-04	2.135025e-01	9.017214e-03
6.581565374131334e-04	2.110001e-01	4.722655e-03
6.583031841525135e-04	2.078483e-01	2.861768e-04
6.584867478048452e-04	2.036742e-01	-6.603897e-03
6.586702892691115e-04	1.994640e-01	-1.301801e-02
6.588555166403743e-04	1.946158e-01	-1.741599e-02
6.590890825817062e-04	1.884080e-01	-1.612422e-02
6.592993126303012e-04	1.824539e-01	-6.996483e-03
6.594967984204239e-04	1.764210e-01	6.809622e-03
6.596297092052561e-04	1.723170e-01	1.682162e-02
6.597644438855438e-04	1.682250e-01	2.539980e-02
6.599180275163287e-04	1.636260e-01	3.094111e-02
6.601100841133619e-04	1.581526e-01	3.186540e-02
6.603043940711980e-04	1.531552e-01	2.903876e-02
6.604705267753328e-04	1.492636e-01	2.524614e-02
6.606577809816328e-04	1.450218e-01	2.063151e-02
6.608350595779619e-04	1.412916e-01	1.731309e-02
6.609964123529770e-04	1.380272e-01	1.538594e-02
6.611177140208121e-04	1.355574e-01	1.373363e-02
6.611955923589769e-04	1.339939e-01	1.184024e-02
6.612824822535276e-04	1.322871e-01	8.772522e-03
6.613753272844035e-04	1.304942e-01	4.836574e-03
6.614994994576298e-04	1.281569e-01	-8.768290e-04
6.616464248351837e-04	1.254667e-01	-7.424608e-03
6.617737987563908e-04	1.231094e-01	-1.214729e-02
6.619145936451735e-04	1.204268e-01	-1.509164e-02
6.620612542034144e-04	1.174341e-01	-1.365727e-02
6.621704007967505e-04	1.152240e-01	-6.530076e-03
6.623097358062641e-04	1.124284e-01	1.030083e-02
6.624507042425302e-04	1.094720e-01	3.176335e-02
6.625829140664048e-04	1.069541e-01	5.328387e-02
6.627337725232537e-04	1.042737e-01	7.474592e-02
6.629033064788250e-04	1.010172e-01	8.904599e-02
6.630753784062643e-04	9.744062e-02	8.981021e-02
6.632081473705015e-04	9.652917e-02	8.187006e-02
6.633900402102215e-04	9.742700e-02	6.326078e-02
6.635582382593178e-04	9.898344e-02	4.291043e-02
6.636749926744826e-04	1.001251e-01	2.894445e-02
6.637927550179767e-04	1.012799e-01	1.748529e-02
6.639190396225221e-04	1.025467e-01	1.011325e-02
6.640561492370500e-04	1.034415e-01	6.360710e-03
6.641852100688962e-04	1.035301e-01	2.924159e-03
6.643124908273756e-04	1.031844e-01	-2.202675e-03
6.644462189681220e-04	1.026298e-01	-8.726493e-03
6.646177844942525e-04	1.017168e-01	-1.699107e-02
6.648030529811731e-04	1.001061e-01	-2.381223e-02
6.650247702468964e-04	9.734285e-02	-2.558355e-02
6.651823182341840e-04	9.493025e-02	-1.810095e-02
6.653707168619301e-04	9.160495e-02	1.219049e-03
6.655217536312446e-04	8.892190e-02	2.076289e-02
6.656787621422265e-04	8.628339e-02	4.094844e-02
6.658210151898044e-04	8.388846e-02	5.410305e-02
6.660162291792916e-04	8.042113e-02	5.973631e-02
6.662126552282339e-04	7.741928e-02	5.303226e-02
6.663639234275122e-04	7.747939e-02	4.302065e-02
6.665122909349860e-04	7.828689e-02	3.062318e-02
6.666341173561753e-04	7.874921e-02	1.993929e-02
6.667565918163571e-04	7.909441e-02	1.049805e-02
6.668772427274744e-04	7.945457e-02	4.208162e-03
6.670071548874728e-04	7.979536e-02	2.774090e-03
6.671391065621796e-04	8.014743e-02	9.384900e-03
6.672984419502238e-04	7.979621e-02	2.636559e-02
6.674422157082199e-04	7.855377e-02	4.646271e-02
6.675763396593001e-04	7.747316e-02	6.696126e-02
6.677130334511158e-04	7.695520e-02	8.644308e-02
6.678363902479774e-04	7.700010e-02	9.906612e-02
6.680027014374333e-04	7.786028e-02	1.052651e-01
6.681761492204520e-04	7.982510e-02	9.963003e-02
6.683446471568971e-04	8.252814e-02	8.487844e-02
6.685262557783985e-04	8.627784e-02	6.440154e-02
6.686541092212016e-04	8.964413e-02	5.041862e-02
6.687847018100198e-04	9.295124e-02	3.846997e-02
6.689133165524143e-04	9.604372e-02	3.108819e-02
6.690374438221358e-04	9.864633e-02	2.793004e-02
6.691624238560585e-04	1.009204e-01	2.596778e-02
6.692937905171999e-04	1.031174e-01	2.309344e-02
6.694369078308846e-04	1.055171e-01	1.945487e-02
6.697231424582541e-04	1.085795e-01	1.206911e-02
6.699864529777893e-04	1.080384e-01	5.966187e-03
6.702886165957275e-04	1.060012e-01	1.365200e-03
6.704915780401198e-04	1.045923e-01	-1.162991e-03
6.707277626114053e-04	1.025263e-01	-3.916860e-03
6.709514999777857e-04	1.001223e-01	-5.260125e-03
6.711636590628319e-04	9.729774e-02	-4.815280e-03
6.713884442129356e-04	9.390998e-02	-2.738759e-03
6.715909431301378e-04	9.072153e-02	-2.128333e-04
6.717538906535512e-04	8.813475e-02	1.660317e-03
6.718991182906523e-04	8.583634e-02	2.722427e-03
6.720442109393909e-04	8.359358e-02	3.370360e-03
6.721350722818680e-04	8.222942e-02	4.070804e-03
6.722265498727723e-04	8.085591e-02	5.339026e-03
6.723213417678566e-04	7.948650e-02	7.209152e-03
6.725010476265488e-04	7.691601e-02	1.130559e-02
6.726678788788278e-04	7.454425e-02	1.476862e-02
6.728941730348155e-04	7.154624e-02	1.820570e-02
6.731014445116038e-04	6.929997e-02	2.187155e-02
6.732381283661604e-04	6.826632e-02	2.741078e-02
6.734060350077142e-04	6.721745e-02	3.818822e-02
6.735935269775996e-04	6.561530e-02	5.075058e-02
6.737739971964776e-04	6.469166e-02	6.081128e-02
6.739716182655595e-04	6.493483e-02	6.673817e-02
6.741782770177719e-04	6.625263e-02	6.748945e-02
6.743483357679116e-04	6.816593e-02	6.605670e-02
6.745367606195056e-04	7.075778e-02	6.376658e-02
6.747430836548070e-04	7.403570e-02	6.152615e-02
6.749851789111954e-04	7.816362e-02	5.957083e-02
6.751527342506817e-04	8.105686e-02	5.796857e-02
6.752566633164679e-04	8.287665e-02	5.626026e-02
6.753671943388484e-04	8.482130e-02	5.369587e-02
6.755093525622300e-04	8.735605e-02	5.005413e-02
6.756538484114137e-04	8.996412e-02	4.666463e-02
6.758654907800990e-04	9.374328e-02	4.316603e-02
6.760739080519245e-04	9.685664e-02	3.981772e-02
6.762129583388896e-04	9.842476e-02	3.513929e-02
6.763873046303023e-04	1.002633e-01	2.580053e-02
6.765512383057897e-04	1.019686e-01	1.603116e-02
6.767658198990634e-04	1.039644e-01	5.309045e-03
6.769686203319905e-04	1.052072e-01	2.439320e-04
6.772154238046328e-04	1.044240e-01	-1.284271e-03
6.774160299721375e-04	1.021002e-01	-1.550943e-03
6.776075769529597e-04	1.000258e-01	-7.965714e-04
6.777781783432660e-04	9.818545e-02	5.479157e-05
6.779589391667534e-04	9.608340e-02	9.905249e-04
6.780909814576874e-04	9.450711e-02	2.966896e-03
6.781937918104619e-04	9.320882e-02	6.758198e-03
6.782930966212095e-04	9.190746e-02	1.259813e-02
6.783932467102684e-04	9.055080e-02	1.982173e-02
6.784912617291500e-04	8.929233e-02	2.757739e-02
6.786418257541740e-04	8.745596e-02	3.900565e-02
6.788145029307004e-04	8.518548e-02	4.822133e-02
6.790240830646436e-04	8.262832e-02	5.107462e-02
6.791876351705960e-04	8.204296e-02	4.578203e-02
6.793766428243570e-04	8.261235e-02	3.237760e-02
6.795055415773208e-04	8.321580e-02	2.078706e-02
6.796383696413990e-04	8.369662e-02	8.390844e-03
6.797612565811276e-04	8.420059e-02	-1.062289e-03
6.799121592757991e-04	8.457175e-02	-8.315414e-03
6.800526234945357e-04	8.466326e-02	-1.049817e-02
6.802339658829303e-04	8.328716e-02	-1.109860e-02
6.803864821835450e-04	8.125810e-02	-1.154172e-02
6.805494502967093e-04	7.935604e-02	-1.129074e-02
6.807042053505688e-04	7.753883e-02	-1.085900e-02
6.808635544265294e-04	7.542743e-02	-1.059672e-02
6.811324211232746e-04	7.174845e-02	-9.924501e-03
6.813268795265627e-04	6.907991e-02	-8.717820e-03
6.814923396941491e-04	6.663419e-02	-7.318094e-03
6.816719999392038e-04	6.391399e-02	-5.805850e-03
6.818350696159163e-04	6.145918e-02	-4.765779e-03
6.819750141242457e-04	5.938736e-02	-4.142731e-03
6.820647175501741e-04	5.808620e-02	-3.351778e-03
6.821294663925185e-04	5.715698e-02	-1.895741e-03
6.821998896139483e-04	5.616981e-02	8.153170e-04
6.822844654409610e-04	5.503674e-02	5.242541e-03
6.824132144056328e-04	5.335270e-02	1.333429e-02
6.825497089423950e-04	5.163574e-02	2.235928e-02
6.827458708366118e-04	4.929012e-02	3.352821e-02
6.829364142579172e-04	4.695265e-02	3.937709e-02
6.831703406539331e-04	4.493333e-02	4.159351e-02
6.833630144213506e-04	4.558134e-02	4.424229e-02
6.835714069028735e-04	4.663342e-02	4.717551e-02
6.837701493294594e-04	4.761547e-02	4.904763e-02
6.839553793641432e-04	4.894574e-02	4.923883e-02
6.841174252349542e-04	5.037227e-02	4.577629e-02
6.842605011220848e-04	5.182077e-02	3.790036e-02
6.843999550877945e-04	5.353236e-02	2.666259e-02
6.845265175676163e-04	5.524203e-02	1.522571e-02
6.846627459824877e-04	5.708291e-02	3.696829e-03
6.848398200768243e-04	5.937923e-02	-7.188745e-03
6.850024479769236e-04	6.129708e-02	-9.606741e-03
6.851926574629022e-04	6.238687e-02	-1.674883e-03
6.853725719778739e-04	6.122090e-02	1.285812e-02
6.855011164110591e-04	5.989531e-02	2.625906e-02
6.856206825385921e-04	5.910893e-02	3.966697e-02
6.857261148433556e-04	5.862166e-02	5.036646e-02
6.858320306131989e-04	5.828474e-02	5.844879e-02
6.859563534848331e-04	5.796371e-02	6.263864e-02
6.861460725281636e-04	5.862033e-02	6.177212e-02
6.863027201164774e-04	6.020723e-02	5.741727e-02
6.864497800560679e-04	6.185856e-02	5.100754e-02
6.866226333865195e-04	6.408320e-02	4.295683e-02
6.867662380640831e-04	6.614250e-02	3.732644e-02
6.869100366676701e-04	6.821927e-02	3.387639e-02
6.870582644656266e-04	7.022579e-02	3.289218e-02
6.871974878596813e-04	7.187760e-02	3.361648e-02
6.873382431099000e-04	7.333989e-02	3.518501e-02
6.874774351934271e-04	7.465248e-02	3.712735e-02
6.876264921795777e-04	7.594663e-02	3.924964e-02
6.877550299374425e-04	7.702082e-02	4.081720e-02
6.878838728991303e-04	7.810798e-02	4.186556e-02
6.880062614549629e-04	7.917115e-02	4.206376e-02
6.881058163984086e-04	8.004920e-02	4.125439e-02
6.882561119513765e-04	8.139536e-02	3.800113e-02
6.883370404581075e-04	8.206744e-02	3.536092e-02
6.884313313394252e-04	8.280748e-02	3.190710e-02
6.885952106076407e-04	8.414802e-02	2.594329e-02
6.887614074564374e-04	8.560011e-02	2.119181e-02
6.889609654834284e-04	8.705318e-02	1.856652e-02
6.891471027702836e-04	8.796611e-02	2.051330e-02
6.893546575568812e-04	8.803076e-02	2.679360e-02
6.894933310606498e-04	8.769532e-02	3.245825e-02
6.896105533257863e-04	8.754744e-02	3.773035e-02
6.897298166089975e-04	8.747333e-02	4.255176e-02
6.898473482915962e-04	8.748753e-02	4.605401e-02
6.899691737875036e-04	8.746102e-02	4.715557e-02
6.901488788228211e-04	8.760597e-02	4.401849e-02
6.903479860298214e-04	8.869442e-02	3.655921e-02
6.904787236606084e-04	8.965711e-02	2.996461e-02
6.906184407725959e-04	9.052299e-02	2.235286e-02
6.907523865594789e-04	9.131509e-02	1.609480e-02
6.908889241794688e-04	9.202924e-02	1.204883e-02
6.910483887832216e-04	9.250367e-02	9.892568e-03
6.912265467761626e-04	9.216501e-02	7.782683e-03
6.914002634515555e-04	9.128785e-02	4.898518e-03
6.915578135049881e-04	9.040733e-02	2.155513e-03
6.917606542999299e-04	8.915693e-02	-6.739497e-04
6.919607611334098e-04	8.759367e-02	-1.630306e-03
6.921091049406915e-04	8.625887e-02	1.347408e-03
6.922365963300452e-04	8.499222e-02	8.671269e-03
6.923580416956223e-04	8.367383e-02	1.935625e-02
6.924820560725752e-04	8.228385e-02	3.214215e-02
6.926130304528509e-04	8.090912e-02	4.560375e-02
6.927820027317518e-04	7.879646e-02	5.888034e-02
6.929706582129203e-04	7.703778e-02	6.634882e-02
6.931540656100630e-04	7.773897e-02	6.831096e-02
6.933361501133684e-04	7.911897e-02	6.687950e-02
6.935301855776677e-04	8.094518e-02	6.422102e-02
6.937214100313145e-04	8.325432e-02	6.178719e-02
6.939658798600633e-04	8.670671e-02	6.033754e-02
6.941557190445595e-04	8.978207e-02	6.203887e-02
6.943798971602703e-04	9.338318e-02	6.721474e-02
6.945625370738254e-04	9.616420e-02	7.244845e-02
6.947377121233041e-04	9.897454e-02	7.701752e-02
6.949236640997366e-04	1.021588e-01	7.954186e-02
6.950834876427366e-04	1.049808e-01	7.726514e-02
6.952199692432424e-04	1.075421e-01	6.981000e-02
6.953529755208020e-04	1.102445e-01	5.803446e-02
6.954802521406784e-04	1.129525e-01	4.463439e-02
6.956139255618500e-04	1.156173e-01	3.045186e-02
6.957838760180364e-04	1.192320e-01	1.667100e-02
6.959820463155719e-04	1.234343e-01	8.380324e-03
6.961713782265702e-04	1.254473e-01	3.246151e-03
6.963465647702410e-04	1.252579e-01	-3.922313e-03
6.965319168455475e-04	1.240139e-01	-1.363199e-02
6.967247567805470e-04	1.219885e-01	-2.257548e-02
6.969542637648590e-04	1.192260e-01	-2.725738e-02
6.971766198100551e-04	1.157374e-01	-2.239291e-02
6.974552237766918e-04	1.101602e-01	-5.875736e-03
6.976300903592328e-04	1.067781e-01	7.387727e-03
6.977560324300567e-04	1.041794e-01	1.583809e-02
6.978897830417805e-04	1.013813e-01	2.123202e-02
6.980811477164154e-04	9.751005e-02	2.313699e-02
6.982778194725098e-04	9.395541e-02	2.142566e-02
6.984376544177074e-04	9.144507e-02	1.879178e-02
6.986170270838773e-04	8.887240e-02	1.551864e-02
6.988147306001375e-04	8.636060e-02	1.265757e-02
6.989747560093436e-04	8.440824e-02	1.163431e-02
6.990685443820095e-04	8.330461e-02	1.284693e-02
6.991506796350240e-04	8.241767e-02	1.643002e-02
6.992385501772847e-04	8.163974e-02	2.309142e-02
6.993712945788613e-04	8.042622e-02	3.610004e-02
6.994923111620058e-04	7.932536e-02	4.929197e-02
6.996727063806466e-04	7.734135e-02	6.754181e-02
6.998413315821749e-04	7.623346e-02	7.976590e-02
7.000278512902028e-04	7.681842e-02	8.478285e-02
7.002114575114434e-04	7.798563e-02	7.981707e-02
7.004293020923913e-04	8.085999e-02	6.716374e-02
7.005725857868798e-04	8.348767e-02	5.751620e-02
7.007026205417978e-04	8.584610e-02	4.900275e-02
7.008320969917741e-04	8.826031e-02	4.267985e-02
7.009722206675710e-04	9.080820e-02	3.853087e-02
7.011161365912617e-04	9.298165e-02	3.409636e-02
7.012271107957347e-04	9.432445e-02	2.762066e-02
7.013478618014192e-04	9.565593e-02	1.705207e-02
7.015186135111859e-04	9.753650e-02	1.173317e-04
7.016926847521262e-04	9.951613e-02	-1.510879e-02
7.019097318968972e-04	1.014307e-01	-2.649491e-02
7.021325807414809e-04	9.979295e-02	-3.260687e-02
7.023514028288306e-04	9.507042e-02	-3.800660e-02
7.025183048945166e-04	9.247719e-02	-4.094332e-02
7.026620768074572e-04	9.001321e-02	-4.335903e-02
7.028197835191531e-04	8.709644e-02	-4.534223e-02
7.029915583811150e-04	8.386998e-02	-4.522068e-02
7.031185421309428e-04	8.132777e-02	-4.079529e-02
7.032500618627312e-04	7.855652e-02	-2.963828e-02
7.034091948244963e-04	7.502811e-02	-1.012255e-02
7.035401172600323e-04	7.205600e-02	7.992357e-03
7.036750411347500e-04	6.904902e-02	2.584761e-02
7.038197666600779e-04	6.587979e-02	3.994924e-02
7.040059154594231e-04	6.222235e-02	4.941021e-02
7.042227545844021e-04	5.916962e-02	5.584581e-02
7.044125740369913e-04	5.626468e-02	6.135798e-02
7.046168608499265e-04	5.349238e-02	6.799528e-02
7.047866878774814e-04	5.197509e-02	7.223652e-02
7.049831164671318e-04	5.329473e-02	7.480220e-02
7.051927294591868e-04	5.447811e-02	6.799917e-02
7.054610232673294e-04	5.766481e-02	5.007882e-02
7.056265574899967e-04	6.094791e-02	3.766869e-02
7.057463514610300e-04	6.322072e-02	2.937739e-02
7.058731507187513e-04	6.548831e-02	2.333134e-02
7.060037885309620e-04	6.776294e-02	2.135502e-02
7.061386236788232e-04	6.998239e-02	2.435227e-02
7.062886176000356e-04	7.177588e-02	3.183800e-02
7.064167084914094e-04	7.272169e-02	4.025489e-02
7.065340961577482e-04	7.350370e-02	4.892202e-02
7.066530774279994e-04	7.430756e-02	5.749771e-02
7.067603591302394e-04	7.511567e-02	6.416030e-02
7.068659746739547e-04	7.606901e-02	6.890571e-02
7.069720330839412e-04	7.704350e-02	7.080522e-02
7.071169552473386e-04	7.849254e-02	6.906572e-02
7.073054230983983e-04	8.138530e-02	6.330276e-02
7.074446130166256e-04	8.399011e-02	5.747718e-02
7.075733779284169e-04	8.629365e-02	5.127610e-02
7.077022321865210e-04	8.860746e-02	4.558533e-02
7.078428431891728e-04	9.112187e-02	4.103109e-02
7.079816039791813e-04	9.352405e-02	3.881299e-02
7.081230466795693e-04	9.570365e-02	3.810228e-02
7.082694405684709e-04	9.761396e-02	3.754212e-02
7.084264522502463e-04	9.936474e-02	3.666188e-02
7.086107347041327e-04	1.011147e-01	3.557613e-02
7.088342730636285e-04	1.028067e-01	3.457195e-02
7.090849104827854e-04	1.043917e-01	3.495541e-02
7.093636830331031e-04	1.057499e-01	3.770472e-02
7.096168040427504e-04	1.065820e-01	4.136880e-02
7.097482774029777e-04	1.069388e-01	4.315045e-02
7.098850795953433e-04	1.073353e-01	4.437318e-02
7.100215310846565e-04	1.077820e-01	4.488213e-02
7.102698523865951e-04	1.088200e-01	4.520401e-02
7.104115137302991e-04	1.094445e-01	4.541762e-02
7.105653728640706e-04	1.101426e-01	4.565699e-02
7.107277542845015e-04	1.109026e-01	4.585977e-02
7.109216590543788e-04	1.118161e-01	4.583241e-02
7.110530337465872e-04	1.124456e-01	4.496050e-02
7.111281147339960e-04	1.127886e-01	4.316208e-02
7.112002450942448e-04	1.131264e-01	4.005653e-02
7.112663415280850e-04	1.134436e-01	3.633310e-02
7.113299559302099e-04	1.137295e-01	3.208099e-02
7.114090315650171e-04	1.139793e-01	2.610879e-02
7.115533279670090e-04	1.145062e-01	1.505843e-02
7.117206254106882e-04	1.152739e-01	4.158318e-03
7.119030167367184e-04	1.158032e-01	-2.539694e-03
7.120953782873350e-04	1.154968e-01	-2.895296e-05
7.122878013911588e-04	1.136223e-01	1.321422e-02
7.124736136315434e-04	1.109268e-01	3.322321e-02
7.125998696088476e-04	1.092347e-01	4.838346e-02
7.127379240530029e-04	1.074226e-01	6.283745e-02
7.128892768150602e-04	1.055470e-01	7.259057e-02
7.130594407339859e-04	1.048809e-01	7.593207e-02
7.132268907851224e-04	1.058209e-01	7.381609e-02
7.133769114691837e-04	1.067699e-01	6.846713e-02
7.135720903243709e-04	1.084280e-01	5.999617e-02
7.137299025842864e-04	1.101978e-01	5.382067e-02
7.138686634627952e-04	1.118497e-01	5.002505e-02
7.140066443559916e-04	1.133121e-01	4.734696e-02
7.140934470885278e-04	1.141054e-01	4.442531e-02
7.141672482301884e-04	1.147474e-01	3.949822e-02
7.142479110415692e-04	1.153562e-01	3.131825e-02
7.143605339142112e-04	1.162016e-01	1.707171e-02
7.144737365087580e-04	1.170798e-01	1.242980e-03
7.146541693287998e-04	1.184965e-01	-2.296135e-02
7.148226484910482e-04	1.196759e-01	-3.957685e-02
7.149924150864849e-04	1.195943e-01	-4.770111e-02
7.151866956866731e-04	1.154555e-01	-5.284874e-02
7.153727702811275e-04	1.110263e-01	-5.626979e-02
7.155024930827521e-04	1.083184e-01	-5.826330e-02
7.156594241002072e-04	1.051449e-01	-6.023087e-02
7.158123392302111e-04	1.018210e-01	-6.175077e-02
7.159388242193417e-04	9.877481e-02	-6.209839e-02
7.161180344551951e-04	9.423496e-02	-5.898771e-02
7.163043435326781e-04	8.939105e-02	-4.999022e-02
7.165555530133792e-04	8.264366e-02	-3.254990e-02
7.167026443501122e-04	7.866821e-02	-2.232485e-02
7.168230199543646e-04	7.543363e-02	-1.576608e-02
7.169429091916053e-04	7.223900e-02	-1.184958e-02
7.170633905478741e-04	6.910911e-02	-9.034082e-03
7.171428475754833e-04	6.708537e-02	-5.613282e-03
7.172353048444993e-04	6.476478e-02	1.226723e-03
7.173290307075609e-04	6.248097e-02	1.052189e-02
7.174973548182930e-04	5.849521e-02	2.979903e-02
7.176724283572343e-04	5.443828e-02	4.875928e-02
7.178747760468887e-04	4.998228e-02	6.282027e-02
7.181096704932983e-04	4.576971e-02	6.186447e-02
7.184564386855782e-04	3.953068e-02	3.564957e-02
7.186450490723616e-04	3.715010e-02	1.677251e-02
7.187778209568983e-04	3.696892e-02	5.548000e-03
7.188746538401688e-04	3.679821e-02	-2.201349e-04
7.189694229495045e-04	3.649117e-02	-3.143400e-03
7.190661233357745e-04	3.597441e-02	-4.328161e-03
7.191398790742822e-04	3.548279e-02	-5.083472e-03
7.192116522905123e-04	3.502659e-02	-6.133750e-03
7.192884131059393e-04	3.455044e-02	-7.548556e-03
7.193770371136205e-04	3.397833e-02	-9.460732e-03
7.194770919711436e-04	3.332122e-02	-1.178680e-02
7.195886730302602e-04	3.255968e-02	-1.435585e-02
7.197338437853390e-04	3.156154e-02	-1.701564e-02
7.199675047118252e-04	2.970959e-02	-1.955988e-02
7.202020227972455e-04	2.736433e-02	-2.103623e-02
7.203826484065547e-04	2.535070e-02	-2.216115e-02
7.205843892368245e-04	2.308935e-02	-2.354073e-02
7.207985887514514e-04	2.062792e-02	-2.464822e-02
7.210624124765674e-04	1.744689e-02	-2.523886e-02
7.213292937858096e-04	1.406761e-02	-2.523261e-02
7.216142663462171e-04	1.040669e-02	-2.494527e-02
7.218475286992164e-04	7.406920e-03	-2.472439e-02
7.220747108641472e-04	4.517213e-03	-2.429827e-02
7.222488854561747e-04	2.307773e-03	-2.337553e-02
7.225713675802004e-04	-1.771212e-03	-2.030641e-02
7.228682404828172e-04	-5.444154e-03	-1.794522e-02
7.230681685315562e-04	-7.822677e-03	-1.655801e-02
7.231882865362973e-04	-9.192690e-03	-1.446652e-02
7.233301279846421e-04	-1.076199e-02	-1.010519e-02
7.234710381087364e-04	-1.226558e-02	-4.749373e-03
7.236640594648736e-04	-1.421778e-02	2.459392e-03
7.238718955210824e-04	-1.634037e-02	7.353887e-03
7.240747198619580e-04	-1.836625e-02	5.674064e-03
7.242350089899657e-04	-1.970877e-02	-3.131613e-03
7.243752911083772e-04	-2.038907e-02	-1.613085e-02
7.244962155294517e-04	-2.068374e-02	-2.935889e-02
7.246194933609564e-04	-2.094775e-02	-4.306653e-02
7.247158741224167e-04	-2.125194e-02	-5.279994e-02
7.248163842285530e-04	-2.169254e-02	-6.085624e-02
7.249224938214240e-04	-2.225494e-02	-6.564942e-02
7.250620975208643e-04	-2.325071e-02	-6.455577e-02
7.252522905467138e-04	-2.559759e-02	-5.345938e-02
7.253572737263383e-04	-2.673212e-02	-4.280254e-02
7.254550618974905e-04	-2.771010e-02	-3.048417e-02
7.255718867216397e-04	-2.891540e-02	-1.536816e-02
7.257045954632889e-04	-3.030419e-02	2.930313e-04
7.258341520228115e-04	-3.158331e-02	1.130840e-02
7.260112568199541e-04	-3.305119e-02	1.766905e-02
7.262054053796215e-04	-3.513027e-02	1.537071e-02
7.263952397035746e-04	-3.674114e-02	8.520082e-03
7.265571157932809e-04	-3.743840e-02	1.780152e-03
7.267374589332624e-04	-3.767320e-02	-5.002990e-03
7.268733401056842e-04	-3.758729e-02	-8.515388e-03
7.269877149520654e-04	-3.754298e-02	-9.679213e-03
7.271241116462746e-04	-3.750201e-02	-8.897603e-03
7.272531684082526e-04	-3.753258e-02	-6.676748e-03
7.273820943230280e-04	-3.754627e-02	-3.429309e-03
7.275135897150643e-04	-3.750017e-02	3.548414e-04
7.276896331935389e-04	-3.735031e-02	5.116433e-03
7.278570907309112e-04	-3.721273e-02	7.778838e-03
7.280689495954623e-04	-3.673664e-02	6.351069e-03
7.282070727931061e-04	-3.621586e-02	-1.084805e-04
7.283579832330187e-04	-3.535429e-02	-1.279399e-02
7.284882310560633e-04	-3.432031e-02	-2.582702e-02
7.286217700857634e-04	-3.313859e-02	-3.923857e-02
7.287510536157585e-04	-3.218114e-02	-5.030450e-02
7.288929189498303e-04	-3.175123e-02	-5.840754e-02
7.290315498320055e-04	-3.197948e-02	-6.012308e-02
7.292164476375669e-04	-3.351820e-02	-5.477840e-02
7.293274606141692e-04	-3.455302e-02	-4.793905e-02
7.294394914597747e-04	-3.548554e-02	-3.867234e-02
7.295874125037050e-04	-3.671763e-02	-2.578933e-02
7.297249213160829e-04	-3.775471e-02	-1.491356e-02
7.298635981137744e-04	-3.885128e-02	-7.291228e-03
7.300135928818285e-04	-4.009756e-02	-4.662901e-03
7.301624710006939e-04	-4.135399e-02	-8.251205e-03
7.303082189170267e-04	-4.238302e-02	-1.642120e-02
7.304374885373910e-04	-4.307465e-02	-2.595338e-02
7.305578928058101e-04	-4.361453e-02	-3.553365e-02
7.306790407248532e-04	-4.416792e-02	-4.475468e-02
7.307725194907461e-04	-4.464208e-02	-5.080841e-02
7.308688207605910e-04	-4.518285e-02	-5.525940e-02
7.309750264533049e-04	-4.580744e-02	-5.740822e-02
7.311166733943175e-04	-4.683258e-02	-5.646551e-02
7.312950245924295e-04	-4.851151e-02	-5.203570e-02
7.314003164535499e-04	-4.940790e-02	-4.805084e-02
7.315010955335678e-04	-5.023716e-02	-4.362106e-02
7.316167244492190e-04	-5.122292e-02	-3.863426e-02
7.317515934545819e-04	-5.237872e-02	-3.359427e-02
7.318794842794620e-04	-5.348142e-02	-3.020780e-02
7.319846277771650e-04	-5.437925e-02	-2.882287e-02
7.321190532881029e-04	-5.551314e-02	-2.797013e-02
7.322534787990409e-04	-5.662693e-02	-2.700903e-02
7.323879043099788e-04	-5.772062e-02	-2.593955e-02
7.325223298209168e-04	-5.879421e-02	-2.476171e-02
7.326567553318547e-04	-5.984771e-02	-2.347549e-02
7.327911808427927e-04	-6.088110e-02	-2.208090e-02
7.329256063537306e-04	-6.189440e-02	-2.057794e-02
7.331126085602032e-04	-6.318580e-02	-1.631333e-02
7.332493801036003e-04	-6.403114e-02	-8.441180e-03
7.333949924520499e-04	-6.481454e-02	4.738107e-03
7.335368766434244e-04	-6.549574e-02	1.935412e-02
7.336871184884512e-04	-6.601512e-02	3.367680e-02
7.338802542839224e-04	-6.671947e-02	4.410058e-02
7.341277098231905e-04	-6.796292e-02	4.037493e-02
7.342874778187997e-04	-6.676404e-02	2.760796e-02
7.344502521083214e-04	-6.412005e-02	7.239312e-03
7.345694641080781e-04	-6.187052e-02	-9.141952e-03
7.346917055436337e-04	-5.974240e-02	-2.516869e-02
7.348059046419498e-04	-5.776385e-02	-3.702763e-02
7.349251285128477e-04	-5.583220e-02	-4.431255e-02
7.350478803704366e-04	-5.384265e-02	-4.639503e-02
7.351973795587645e-04	-5.221519e-02	-4.627761e-02
7.353592818033291e-04	-5.249759e-02	-4.722550e-02
7.355142517141674e-04	-5.327509e-02	-4.820706e-02
7.356347872658389e-04	-5.375400e-02	-4.856577e-02
7.357748681020931e-04	-5.432468e-02	-4.874551e-02
7.359262624324262e-04	-5.492730e-02	-4.778059e-02
7.361234033566726e-04	-5.567442e-02	-4.164383e-02
7.362376426022084e-04	-5.618748e-02	-3.245244e-02
7.363664099629609e-04	-5.693391e-02	-1.625858e-02
7.364902214332919e-04	-5.764045e-02	1.798943e-03
7.366121673733600e-04	-5.817790e-02	1.974879e-02
7.367627497953771e-04	-5.869164e-02	3.810222e-02
7.369431976855881e-04	-5.951832e-02	4.954176e-02
7.371334647474589e-04	-6.051494e-02	4.798844e-02
7.372811529158315e-04	-5.991663e-02	3.962681e-02
7.374517750480068e-04	-5.758233e-02	2.602980e-02
7.376084336640467e-04	-5.472872e-02	1.271150e-02
7.377314102905288e-04	-5.243043e-02	3.183603e-03
7.378545079465601e-04	-5.016918e-02	-3.792763e-03
7.379756687403435e-04	-4.797344e-02	-7.268891e-03
7.381009841879257e-04	-4.592396e-02	-8.624136e-03
7.382261607703386e-04	-4.423229e-02	-1.004413e-02
7.383472452148076e-04	-4.276016e-02	-1.207241e-02
7.384897956315595e-04	-4.111712e-02	-1.472014e-02
7.386985148961438e-04	-3.910311e-02	-1.825494e-02
7.389328323288094e-04	-3.737120e-02	-2.045777e-02
7.392296894129850e-04	-3.671947e-02	-2.157675e-02
7.394182739157791e-04	-3.674743e-02	-2.159760e-02
7.395982544442946e-04	-3.680786e-02	-2.122767e-02
7.398185090019619e-04	-3.704671e-02	-2.079271e-02
7.400840757536281e-04	-3.735442e-02	-1.989527e-02
7.402389956184864e-04	-3.760135e-02	-1.865277e-02
7.403946231997945e-04	-3.798132e-02	-1.667655e-02
7.405284781434218e-04	-3.836051e-02	-1.472501e-02
7.406634327885779e-04	-3.874038e-02	-1.283021e-02
7.408192523225053e-04	-3.917503e-02	-1.118974e-02
7.409860479511616e-04	-3.958297e-02	-1.026072e-02
7.411818964506743e-04	-3.989585e-02	-9.646297e-03
7.413260812311189e-04	-4.001444e-02	-9.040833e-03
7.415016832382622e-04	-4.012989e-02	-8.142024e-03
7.417307691346466e-04	-4.021358e-02	-7.121578e-03
7.419589921090741e-04	-4.014996e-02	-6.042331e-03
7.420902062529979e-04	-3.996863e-02	-3.990337e-03
7.421927866589256e-04	-3.973248e-02	1.688749e-04
7.423012974594329e-04	-3.938282e-02	7.316902e-03
7.424321008915700e-04	-3.896376e-02	1.782234e-02
7.425683079367260e-04	-3.867910e-02	2.893840e-02
7.427570398775569e-04	-3.796864e-02	4.186523e-02
7.429512035036808e-04	-3.662384e-02	4.769646e-02
7.431551119423249e-04	-3.477475e-02	3.975303e-02
7.433820959781913e-04	-3.081237e-02	1.702458e-02
7.435337240426139e-04	-2.711548e-02	-2.652138e-03
7.436651403141931e-04	-2.417944e-02	-2.000250e-02
7.438040683944670e-04	-2.126123e-02	-3.440280e-02
7.439500369187514e-04	-1.834960e-02	-4.238312e-02
7.441042446311516e-04	-1.568322e-02	-4.423147e-02
7.442782574428240e-04	-1.421703e-02	-4.470138e-02
7.444629474036683e-04	-1.603410e-02	-4.795045e-02
7.446555499134000e-04	-1.813960e-02	-5.092633e-02
7.447768152765497e-04	-1.877107e-02	-5.162342e-02
7.449112460323246e-04	-1.959229e-02	-5.192471e-02
7.450507280900523e-04	-2.059267e-02	-5.174679e-02
7.451666687589813e-04	-2.166529e-02	-5.123768e-02
7.453250228336468e-04	-2.334221e-02	-5.005829e-02
7.454765313233493e-04	-2.483769e-02	-4.843965e-02
7.456155735888006e-04	-2.629929e-02	-4.692904e-02
7.458850739030220e-04	-2.930927e-02	-4.479447e-02
7.460584044872992e-04	-3.125314e-02	-4.234035e-02
7.461883139793605e-04	-3.270737e-02	-3.709386e-02
7.462955398218043e-04	-3.391644e-02	-2.944169e-02
7.463958617475296e-04	-3.505813e-02	-2.033037e-02
7.464933387530528e-04	-3.614526e-02	-1.062992e-02
7.466411443264812e-04	-3.776945e-02	3.587648e-03
7.468036259345023e-04	-3.952198e-02	1.539324e-02
7.470111420656575e-04	-4.123139e-02	2.222636e-02
7.472362005668012e-04	-4.313076e-02	2.032883e-02
7.474998583001974e-04	-4.569722e-02	1.173310e-02
7.476848446714673e-04	-4.626476e-02	6.102026e-03
7.478992636748892e-04	-4.595803e-02	2.186850e-03
7.480783047517916e-04	-4.538720e-02	2.424434e-03
7.482359685274669e-04	-4.479059e-02	6.113455e-03
7.484090189288156e-04	-4.412287e-02	1.276319e-02
7.485855911373515e-04	-4.339775e-02	2.021642e-02
7.487775956014917e-04	-4.224629e-02	2.682671e-02
7.489929607820938e-04	-4.035485e-02	3.050414e-02
7.492194618734816e-04	-3.728698e-02	3.139849e-02
7.493978646845620e-04	-3.428417e-02	3.127120e-02
7.496155141345495e-04	-3.039338e-02	3.083582e-02
7.498304853149617e-04	-2.624574e-02	3.075674e-02
7.501484293250771e-04	-1.987767e-02	3.220569e-02
7.503356106912968e-04	-1.600595e-02	3.486277e-02
7.505309640228613e-04	-1.202877e-02	3.890587e-02
7.506792402757290e-04	-9.046584e-03	4.181565e-02
7.508584050129756e-04	-5.360082e-03	4.415983e-02
7.510607183381961e-04	-1.133814e-03	4.430553e-02
7.512537820735062e-04	3.116325e-03	4.177798e-02
7.514454110854053e-04	7.664144e-03	3.758080e-02
7.515837091962871e-04	1.099324e-02	3.416356e-02
7.517284469496481e-04	1.433952e-02	3.098138e-02
7.519190870447209e-04	1.864457e-02	2.853085e-02
7.520915777009580e-04	2.243160e-02	2.863657e-02
7.523225687860366e-04	2.692527e-02	3.102350e-02
7.524935580374149e-04	2.976784e-02	3.340657e-02
7.526483924417891e-04	3.213337e-02	3.566830e-02
7.527856800475742e-04	3.415765e-02	3.734641e-02
7.529042612131824e-04	3.590365e-02	3.825639e-02
7.530228998062174e-04	3.769179e-02	3.830294e-02
7.530941028137295e-04	3.876790e-02	3.737587e-02
7.531619113258465e-04	3.976102e-02	3.541520e-02
7.532267349359764e-04	4.058947e-02	3.251511e-02
7.533563821562361e-04	4.225025e-02	2.521454e-02
7.534803158635053e-04	4.396842e-02	1.757374e-02
7.536536043460768e-04	4.636946e-02	7.277921e-03
7.538268784090021e-04	4.880038e-02	-2.008677e-05
7.540097593171282e-04	5.097875e-02	-1.573659e-03
7.542079384123024e-04	5.223212e-02	5.016059e-03
7.544018518222611e-04	5.166163e-02	1.717146e-02
7.545306515863793e-04	5.095297e-02	2.725619e-02
7.546653270727146e-04	5.059785e-02	3.815816e-02
7.547796757815757e-04	5.050892e-02	4.600209e-02
7.548945207412665e-04	5.050702e-02	5.091020e-02
7.550393936020419e-04	5.091473e-02	5.349061e-02
7.551881972948217e-04	5.203420e-02	5.478659e-02
7.553297682014650e-04	5.345774e-02	5.604756e-02
7.554881447531859e-04	5.524948e-02	5.757707e-02
7.557039941471830e-04	5.800213e-02	5.938911e-02
7.559258172335460e-04	6.114399e-02	6.015038e-02
7.561588048207565e-04	6.468141e-02	5.836746e-02
7.564567651963011e-04	6.994841e-02	5.316997e-02
7.566500014527374e-04	7.381393e-02	4.931459e-02
7.568017908276774e-04	7.677223e-02	4.677340e-02
7.569659829975644e-04	7.981257e-02	4.498538e-02
7.571288378726331e-04	8.250570e-02	4.278444e-02
7.572545139016974e-04	8.436289e-02	3.941751e-02
7.573978254420987e-04	8.638419e-02	3.382587e-02
7.575738229033986e-04	8.882524e-02	2.648938e-02
7.577662107832140e-04	9.143347e-02	2.022152e-02
7.579916489980676e-04	9.366514e-02	1.541850e-02
7.582188766429494e-04	9.419332e-02	9.634197e-03
7.583845168764880e-04	9.386165e-02	2.995670e-03
7.585747774456872e-04	9.349108e-02	-5.646691e-03
7.587919384568136e-04	9.299007e-02	-1.325153e-02
7.589945940036009e-04	9.148081e-02	-1.543722e-02
7.591794795117580e-04	8.943129e-02	-8.814409e-03
7.593971845438104e-04	8.628945e-02	8.583069e-03
7.595464455030092e-04	8.401206e-02	2.365083e-02
7.597075219418352e-04	8.173800e-02	3.938605e-02
7.598540318579514e-04	7.955156e-02	4.839045e-02
7.600699882072343e-04	7.637261e-02	4.949304e-02
7.602378266039228e-04	7.517746e-02	4.092087e-02
7.604266366476301e-04	7.593104e-02	2.439229e-02
7.605488894832788e-04	7.660848e-02	1.179630e-02
7.606732319562951e-04	7.692130e-02	-9.647757e-04
7.608025064970728e-04	7.716630e-02	-1.158580e-02
7.609277376500912e-04	7.745554e-02	-1.723842e-02
7.610823670850976e-04	7.702817e-02	-1.988045e-02
7.612405289972263e-04	7.499237e-02	-2.255068e-02
7.613947445824464e-04	7.289588e-02	-2.550808e-02
7.615497754842290e-04	7.093190e-02	-2.841505e-02
7.616918532234035e-04	6.900398e-02	-3.073392e-02
7.618933380999617e-04	6.597464e-02	-3.263310e-02
7.620775677334359e-04	6.295362e-02	-3.095354e-02
7.622273764620648e-04	6.050730e-02	-2.425922e-02
7.624156405268702e-04	5.722030e-02	-1.023690e-02
7.625505497435168e-04	5.476257e-02	1.311660e-03
7.626924443406241e-04	5.221546e-02	1.281802e-02
7.628433139328002e-04	4.964112e-02	2.135493e-02
7.630417605572013e-04	4.639530e-02	2.404170e-02
7.632467695466077e-04	4.305273e-02	1.726232e-02
7.633896061840864e-04	4.132344e-02	8.322865e-03
7.635144243236800e-04	4.011388e-02	-1.094967e-03
7.636372263727100e-04	3.908116e-02	-1.022984e-02
7.637613894168465e-04	3.806961e-02	-1.825981e-02
7.638597180791785e-04	3.719078e-02	-2.300968e-02
7.639508538200742e-04	3.631048e-02	-2.532438e-02
7.640420487765700e-04	3.547911e-02	-2.424171e-02
7.641699411967753e-04	3.424250e-02	-1.653497e-02
7.643091485904641e-04	3.256814e-02	-2.145380e-03
7.644328968727430e-04	3.106940e-02	1.445177e-02
7.645672259881370e-04	2.964199e-02	3.396083e-02
7.647110137096207e-04	2.826811e-02	5.256657e-02
7.648871225901277e-04	2.612783e-02	6.588233e-02
7.650836813136569e-04	2.412832e-02	6.491801e-02
7.652388731324625e-04	2.511680e-02	5.179292e-02
7.654144204210494e-04	2.689596e-02	2.527936e-02
7.655370470702963e-04	2.877651e-02	4.072368e-03
7.656533101127736e-04	3.039967e-02	-1.586857e-02
7.657721945982748e-04	3.198753e-02	-3.286861e-02
7.658950382368283e-04	3.341373e-02	-4.413160e-02
7.660232683061391e-04	3.519618e-02	-4.626381e-02
7.661822066980979e-04	3.557141e-02	-3.963367e-02
7.663401744838372e-04	3.270724e-02	-2.857330e-02
7.664734993274204e-04	3.075871e-02	-1.513890e-02
7.665731835907127e-04	2.976571e-02	-3.879249e-03
7.667030695155672e-04	2.846988e-02	9.692878e-03
7.668270080381964e-04	2.722017e-02	1.918681e-02
7.669962422291772e-04	2.535310e-02	2.408578e-02
7.671778108988564e-04	2.377562e-02	2.063365e-02
7.673249142338692e-04	2.326334e-02	1.304018e-02
7.674404221479935e-04	2.312499e-02	4.997954e-03
7.675589057773587e-04	2.304399e-02	-3.949568e-03
7.676783827990227e-04	2.300924e-02	-1.248732e-02
7.677793656743001e-04	2.289504e-02	-1.856937e-02
7.678820386664754e-04	2.266859e-02	-2.286246e-02
7.679859142308540e-04	2.244267e-02	-2.387808e-02
7.681363095934201e-04	2.197978e-02	-1.846370e-02
7.683228236170730e-04	2.042098e-02	-4.278541e-03
7.684503186261614e-04	1.916972e-02	9.052306e-03
7.685811695391686e-04	1.815231e-02	2.419724e-02
7.687168550559461e-04	1.720141e-02	3.791489e-02
7.689006248003307e-04	1.549178e-02	4.800290e-02
7.691036751009535e-04	1.436354e-02	4.490525e-02
7.692882904828293e-04	1.543954e-02	2.878144e-02
7.694606075246473e-04	1.754150e-02	5.205601e-03
7.695753265316362e-04	1.912503e-02	-1.219994e-02
7.696980457499122e-04	2.047242e-02	-2.975275e-02
7.698217389782173e-04	2.171384e-02	-4.326788e-02
7.699500292127566e-04	2.335414e-02	-4.982512e-02
7.701040732696821e-04	2.338482e-02	-5.151844e-02
7.702500930731041e-04	2.113457e-02	-5.131559e-02
7.703936346827526e-04	1.915754e-02	-4.924228e-02
7.705050737747617e-04	1.793285e-02	-4.671764e-02
7.706437594968561e-04	1.628195e-02	-4.353625e-02
7.707866567280766e-04	1.437680e-02	-4.105489e-02
7.709920659277743e-04	1.184483e-02	-3.891227e-02
7.711124091125240e-04	1.039982e-02	-3.877562e-02
7.712096110780483e-04	9.051561e-03	-3.965941e-02
7.714718295348894e-04	5.316898e-03	-4.367545e-02
7.716511340572602e-04	2.720356e-03	-4.666997e-02
7.718134573521235e-04	3.546029e-04	-4.866526e-02
7.720247171579582e-04	-2.778888e-03	-4.971984e-02
7.722233663793052e-04	-5.771294e-03	-4.937223e-02
7.725139817350700e-04	-1.019822e-02	-4.783515e-02
7.728735594420638e-04	-1.565421e-02	-4.590087e-02
7.730434575091709e-04	-1.819791e-02	-4.319273e-02
7.731484018719321e-04	-1.975380e-02	-3.733961e-02
7.732357773807780e-04	-2.104186e-02	-2.807562e-02
7.733201517488059e-04	-2.226533e-02	-1.596674e-02
7.734465864138164e-04	-2.408135e-02	5.119354e-03
7.735760984135429e-04	-2.593523e-02	2.733000e-02
7.737334555310129e-04	-2.811782e-02	5.105749e-02
7.739001171513222e-04	-3.030084e-02	6.689531e-02
7.740736272943379e-04	-3.195965e-02	6.860989e-02
7.743034820248092e-04	-3.359689e-02	5.177607e-02
7.745662545229431e-04	-3.757881e-02	1.798330e-02
7.746969136734889e-04	-3.744040e-02	2.356783e-03
7.747964093908188e-04	-3.696629e-02	-7.296577e-03
7.748906515181882e-04	-3.663125e-02	-1.357514e-02
7.749852988980321e-04	-3.632915e-02	-1.610231e-02
7.750806298199922e-04	-3.618892e-02	-1.468080e-02
7.751546104388030e-04	-3.615460e-02	-1.073600e-02
7.752280682992349e-04	-3.610168e-02	-4.515454e-03
7.753011513739243e-04	-3.607482e-02	3.263190e-03
7.753710702521784e-04	-3.585285e-02	1.211219e-02
7.755090597616145e-04	-3.537173e-02	3.088431e-02
7.756414077633911e-04	-3.554238e-02	4.740360e-02
7.757928152744853e-04	-3.509505e-02	6.260924e-02
7.759577655603760e-04	-3.371555e-02	7.008244e-02
7.761365928724014e-04	-3.144297e-02	6.293809e-02
7.763067811378015e-04	-2.825677e-02	4.202296e-02
7.764411025424932e-04	-2.500345e-02	1.860315e-02
7.765496338883747e-04	-2.200782e-02	-2.062410e-03
7.766607434981007e-04	-1.918398e-02	-2.229428e-02
7.767941904904232e-04	-1.618187e-02	-4.193014e-02
7.769363867283870e-04	-1.287459e-02	-5.366686e-02
7.770781016145980e-04	-9.506412e-03	-5.655145e-02
7.772591308987157e-04	-5.960248e-03	-5.631510e-02
7.774353501058317e-04	-6.910965e-03	-5.989022e-02
7.776437913877489e-04	-1.063330e-02	-6.601887e-02
7.777564940989039e-04	-1.192599e-02	-6.801847e-02
7.778576265856622e-04	-1.271868e-02	-6.879406e-02
7.779892674333851e-04	-1.417635e-02	-6.770968e-02
7.781360234131977e-04	-1.532760e-02	-5.925627e-02
7.782410154708397e-04	-1.628901e-02	-4.663670e-02
7.783235103413704e-04	-1.723462e-02	-3.252789e-02
7.784206665691168e-04	-1.840626e-02	-1.314718e-02
7.785223072777867e-04	-1.965094e-02	8.280560e-03
7.786361877070104e-04	-2.103548e-02	3.140759e-02
7.787717235948712e-04	-2.249795e-02	5.463485e-02
7.789069438158947e-04	-2.333546e-02	6.976743e-02
7.790507602917147e-04	-2.482939e-02	7.391188e-02
7.792062868806144e-04	-2.643535e-02	6.903771e-02
7.793649900453434e-04	-2.792391e-02	5.873956e-02
7.795199433378760e-04	-2.731019e-02	4.801686e-02
7.796905574223312e-04	-2.499117e-02	3.733577e-02
7.798219768494089e-04	-2.289143e-02	3.093430e-02
7.799511859222107e-04	-2.081713e-02	2.712534e-02
7.800983334970887e-04	-1.861589e-02	2.379221e-02
7.801781781602181e-04	-1.746799e-02	2.069269e-02
7.802396823524457e-04	-1.651193e-02	1.706268e-02
7.802979317025867e-04	-1.565231e-02	1.273409e-02
7.804144304028688e-04	-1.397234e-02	2.814218e-03
7.805475748397914e-04	-1.191287e-02	-8.741006e-03
7.807243428792782e-04	-8.998044e-03	-2.183014e-02
7.809141010984288e-04	-5.973652e-03	-2.956322e-02
7.811043972119338e-04	-3.579125e-03	-2.803628e-02
7.813058216663609e-04	-4.197270e-03	-1.973074e-02
7.814768822153031e-04	-5.905733e-03	-8.958444e-03
7.816046514152800e-04	-6.564558e-03	7.972270e-04
7.817181012018859e-04	-6.920055e-03	8.933842e-03
7.818377469472796e-04	-7.329434e-03	1.515935e-02
7.819865926212068e-04	-7.661790e-03	1.977719e-02
7.821251981283083e-04	-7.497758e-03	2.392097e-02
7.822335575338877e-04	-7.170826e-03	2.943890e-02
7.823686710529091e-04	-6.428197e-03	3.962947e-02
7.825538275516757e-04	-5.237803e-03	5.499393e-02
7.827496463788326e-04	-3.706068e-03	6.850988e-02
7.829739585014284e-04	-8.562654e-04	7.631043e-02
7.832146635779062e-04	3.259242e-03	7.523082e-02
7.834525906128028e-04	9.310335e-03	6.993455e-02
7.836433974647264e-04	1.551533e-02	6.548133e-02
7.837929064594386e-04	2.036974e-02	6.233984e-02
7.839376813028539e-04	2.501692e-02	6.005955e-02
7.840806623513600e-04	2.945992e-02	5.664325e-02
7.841587870997063e-04	3.181103e-02	5.203308e-02
7.842374360934202e-04	3.413732e-02	4.418251e-02
7.843266257588933e-04	3.661399e-02	3.262843e-02
7.844580356315240e-04	4.021795e-02	1.322703e-02
7.845918909068160e-04	4.379456e-02	-6.460868e-03
7.847778286810327e-04	4.779146e-02	-2.899926e-02
7.849752387790637e-04	5.262650e-02	-3.930711e-02
7.852131520016029e-04	5.969094e-02	-3.448022e-02
7.853972048345191e-04	5.969781e-02	-2.931854e-02
7.856110554731264e-04	5.339474e-02	-2.653968e-02
7.857517391182373e-04	5.057931e-02	-2.317696e-02
7.858463663783565e-04	5.005689e-02	-2.012458e-02
7.859483091145060e-04	4.896417e-02	-1.818547e-02
7.860581116922183e-04	4.788868e-02	-1.560724e-02
7.861276820946977e-04	4.714994e-02	-1.223023e-02
7.861881960350504e-04	4.636310e-02	-7.428154e-03
7.862565611079142e-04	4.544209e-02	-3.471076e-04
7.863236488662201e-04	4.453583e-02	7.893816e-03
7.863977922691881e-04	4.353559e-02	1.806810e-02
7.864687855964252e-04	4.265435e-02	2.846684e-02
7.865772346066744e-04	4.156363e-02	4.433347e-02
7.867436035875287e-04	3.996901e-02	6.475109e-02
7.869338181048083e-04	3.681085e-02	7.603522e-02
7.871271523135200e-04	3.587765e-02	7.480854e-02
7.873077404012904e-04	3.778994e-02	6.447218e-02
7.874923471211874e-04	4.011703e-02	4.759572e-02
7.876245759320631e-04	4.226519e-02	3.480689e-02
7.877413344062068e-04	4.418668e-02	2.470748e-02
7.878574025558288e-04	4.613046e-02	1.761916e-02
7.879857292541662e-04	4.826678e-02	1.450892e-02
7.881172750989770e-04	5.016415e-02	1.629850e-02
7.882372248943954e-04	5.160849e-02	2.165012e-02
7.883679955907058e-04	5.280928e-02	3.002183e-02
7.884887432900066e-04	5.358569e-02	3.879882e-02
7.886108869915783e-04	5.432701e-02	4.780424e-02
7.887348132357820e-04	5.515555e-02	5.600266e-02
7.888405196845626e-04	5.602494e-02	6.136499e-02
7.889468893215246e-04	5.694212e-02	6.384274e-02
7.890845719916241e-04	5.807306e-02	6.120043e-02
7.892641583258107e-04	6.018539e-02	4.995795e-02
7.894311350403595e-04	6.316580e-02	3.476183e-02
7.895561949306753e-04	6.550343e-02	2.176675e-02
7.896878685705260e-04	6.773272e-02	8.801982e-03
7.898292510424241e-04	7.007110e-02	-1.456812e-03
7.899760823136770e-04	7.234284e-02	-6.142654e-03
7.901461925650277e-04	7.407948e-02	-5.863525e-03
7.903279058993727e-04	7.411819e-02	-3.516845e-03
7.905216025310113e-04	7.270771e-02	-6.656051e-04
7.907069509140223e-04	7.100557e-02	2.243310e-03
7.908409164988855e-04	7.021649e-02	4.373819e-03
7.909806172559186e-04	6.943293e-02	6.020576e-03
7.910631402219876e-04	6.895591e-02	7.318109e-03
7.911215532980029e-04	6.854081e-02	9.117052e-03
7.911779483458236e-04	6.811208e-02	1.186971e-02
7.912324554585452e-04	6.770577e-02	1.533097e-02
7.913007825150548e-04	6.718981e-02	2.049221e-02
7.913672273221716e-04	6.670655e-02	2.617721e-02
7.914529349268832e-04	6.620044e-02	3.417858e-02
7.915985030320350e-04	6.521113e-02	4.732157e-02
7.917735413272814e-04	6.386781e-02	5.987471e-02
7.919473105668721e-04	6.376830e-02	6.741776e-02
7.921341819015263e-04	6.476672e-02	7.040134e-02
7.923008704741031e-04	6.650516e-02	7.179494e-02
7.925041964490599e-04	6.918737e-02	7.359326e-02
7.926979270815535e-04	7.225573e-02	7.500312e-02
7.930095520534035e-04	7.769227e-02	7.466042e-02
7.932122615620767e-04	8.143593e-02	7.008861e-02
7.934192135518811e-04	8.615506e-02	6.129970e-02
7.935713860699364e-04	8.989364e-02	5.363926e-02
7.937283505693036e-04	9.359083e-02	4.637854e-02
7.938919947732860e-04	9.731506e-02	4.154286e-02
7.940669332815733e-04	1.007258e-01	3.853214e-02
7.942172821076533e-04	1.033364e-01	3.526017e-02
7.943924801057324e-04	1.059161e-01	2.908919e-02
7.945584855962320e-04	1.079586e-01	2.233109e-02
7.947660029849725e-04	1.101031e-01	1.561289e-02
7.950088474303209e-04	1.114158e-01	1.348777e-02
7.952064478893666e-04	1.115990e-01	2.058835e-02
7.954271985877704e-04	1.104623e-01	3.706571e-02
7.955603753941870e-04	1.094281e-01	4.905815e-02
7.957019477913902e-04	1.086560e-01	6.138271e-02
7.958484748888003e-04	1.082262e-01	7.076003e-02
7.959965798193827e-04	1.080756e-01	7.461584e-02
7.962134911507186e-04	1.092512e-01	7.446903e-02
7.963655152974875e-04	1.108934e-01	7.276934e-02
7.965395259506736e-04	1.128540e-01	6.971428e-02
7.967213714815250e-04	1.152114e-01	6.676295e-02
7.968999753722041e-04	1.177014e-01	6.469040e-02
7.970540463276677e-04	1.197903e-01	6.254753e-02
7.971338249131052e-04	1.208476e-01	5.973566e-02
7.971962041825814e-04	1.217030e-01	5.582149e-02
7.972552464482564e-04	1.224525e-01	5.082352e-02
7.973470999881475e-04	1.236243e-01	4.159983e-02
7.974341621119321e-04	1.247064e-01	3.189453e-02
7.975680278490585e-04	1.263400e-01	1.678790e-02
7.977404219173293e-04	1.288144e-01	1.164474e-03
7.979465075819240e-04	1.311335e-01	-8.124925e-03
7.981352830424542e-04	1.316752e-01	-4.189804e-03
7.983427850428666e-04	1.289092e-01	1.091395e-02
7.984924519762366e-04	1.261824e-01	2.659339e-02
7.986083811030303e-04	1.246498e-01	4.036741e-02
7.987241206859438e-04	1.232219e-01	5.274633e-02
7.988491514122601e-04	1.213033e-01	6.152526e-02
7.990194471818664e-04	1.194312e-01	6.701963e-02
7.991864867889419e-04	1.193874e-01	6.979816e-02
7.993236310661539e-04	1.200837e-01	7.185815e-02
7.994883286427826e-04	1.207280e-01	7.403368e-02
7.996527426978791e-04	1.215534e-01	7.589358e-02
7.998393521232471e-04	1.229813e-01	7.724310e-02
8.001171363317259e-04	1.258746e-01	7.732379e-02
8.004342288385584e-04	1.302439e-01	7.578330e-02
8.006660825130547e-04	1.340141e-01	7.429475e-02
8.008521111377537e-04	1.371460e-01	7.318532e-02
8.010675733767240e-04	1.406317e-01	7.060231e-02
8.011673169611446e-04	1.421591e-01	6.675793e-02
8.012618646015937e-04	1.436002e-01	6.012510e-02
8.013550958276918e-04	1.450474e-01	5.181605e-02
8.014483524671456e-04	1.463492e-01	4.235591e-02
8.016025762259861e-04	1.485414e-01	2.692798e-02
8.017749794622836e-04	1.512739e-01	1.358955e-02
8.019617121711327e-04	1.536743e-01	6.190188e-03
8.021646295932371e-04	1.540526e-01	3.274560e-03
8.023733534452572e-04	1.513875e-01	-3.744662e-05
8.025692728716411e-04	1.487503e-01	-2.724268e-03
8.027352151287412e-04	1.465733e-01	-4.150063e-03
8.029199186619923e-04	1.435458e-01	-4.916742e-03
8.032057653595084e-04	1.383025e-01	-4.144058e-03
8.034716896847599e-04	1.330872e-01	-2.033368e-03
8.037519229643566e-04	1.272589e-01	3.690869e-04
8.039720041700762e-04	1.226248e-01	1.446292e-03
8.042189426056950e-04	1.174864e-01	1.574263e-03
8.043401818124073e-04	1.149985e-01	1.328230e-03
8.044368166152026e-04	1.130011e-01	9.873509e-04
8.045622353312443e-04	1.104208e-01	5.054027e-04
8.046778500082007e-04	1.080701e-01	1.059324e-04
8.048228371515856e-04	1.051498e-01	-2.548099e-04
8.049788355200934e-04	1.020415e-01	-1.930743e-04
8.050688398476025e-04	1.002624e-01	6.985962e-04
8.051319629962602e-04	9.903179e-02	2.399340e-03
8.051904667069634e-04	9.791411e-02	5.004182e-03
8.052737639992842e-04	9.640086e-02	1.003189e-02
8.054100096469309e-04	9.396765e-02	1.990175e-02
8.055575023225422e-04	9.140539e-02	3.120369e-02
8.057452931629098e-04	8.826634e-02	4.360069e-02
8.059400470998806e-04	8.480796e-02	4.932548e-02
8.061732027451927e-04	8.129652e-02	4.511483e-02
8.063408429317261e-04	8.075491e-02	3.653905e-02
8.064971946186664e-04	8.116305e-02	2.540079e-02
8.066176160460213e-04	8.143607e-02	1.624285e-02
8.067383633689335e-04	8.149840e-02	7.942617e-03
8.068639977714104e-04	8.149686e-02	1.765102e-03
8.069828254920496e-04	8.153376e-02	4.068017e-05
8.071332892815924e-04	8.145596e-02	4.751638e-03
8.072964661064142e-04	8.029951e-02	1.605958e-02
8.074316442441023e-04	7.904159e-02	2.918723e-02
8.075717879125058e-04	7.786740e-02	4.433337e-02
8.077026574173679e-04	7.675600e-02	5.719134e-02
8.078379064748092e-04	7.600053e-02	6.690538e-02
8.079945584275559e-04	7.583420e-02	7.097010e-02
8.081727817288469e-04	7.610053e-02	6.470804e-02
8.083912960821070e-04	7.819393e-02	4.760675e-02
8.085283308273628e-04	8.029841e-02	3.425896e-02
8.086466367580222e-04	8.189625e-02	2.225833e-02
8.087675302875477e-04	8.345197e-02	1.193294e-02
8.088932396529254e-04	8.498131e-02	5.059168e-03
8.090220020033295e-04	8.651131e-02	3.894135e-03
8.091813484411508e-04	8.786078e-02	9.752795e-03
8.093504727509613e-04	8.757094e-02	2.053225e-02
8.094745672077015e-04	8.678244e-02	3.047025e-02
8.095907661141722e-04	8.626078e-02	4.063149e-02
8.097071934779455e-04	8.587553e-02	5.004184e-02
8.098234332163370e-04	8.573920e-02	5.758074e-02
8.099298094878020e-04	8.562297e-02	6.092398e-02
8.100843504240002e-04	8.519001e-02	5.660711e-02
8.102977780904677e-04	8.602992e-02	3.810120e-02
8.104655866352825e-04	8.808869e-02	1.715064e-02
8.105949966374445e-04	8.963130e-02	-8.877218e-04
8.107353330426371e-04	9.096397e-02	-1.826622e-02
8.108802646431426e-04	9.202859e-02	-2.991205e-02
8.110328076825951e-04	9.316864e-02	-3.087283e-02
8.112077933615893e-04	9.114565e-02	-2.066995e-02
8.113748480974466e-04	8.786750e-02	-1.597643e-03
8.115028351265991e-04	8.589512e-02	1.772653e-02
8.116182358197957e-04	8.433968e-02	3.581999e-02
8.117361585830654e-04	8.278945e-02	5.166247e-02
8.118958690412866e-04	8.059357e-02	6.512156e-02
8.120632449799469e-04	7.789576e-02	6.849927e-02
8.122421913051467e-04	7.796110e-02	6.710754e-02
8.124167349488622e-04	7.961330e-02	6.380948e-02
8.125927001031447e-04	8.088857e-02	5.870871e-02
8.127644742613953e-04	8.253093e-02	5.444230e-02
8.129579470083604e-04	8.466223e-02	5.121583e-02
8.130971585887886e-04	8.615187e-02	4.873821e-02
8.131712865777627e-04	8.695047e-02	4.613602e-02
8.132420005255481e-04	8.776514e-02	4.225682e-02
8.133096817157134e-04	8.849056e-02	3.756398e-02
8.134235141921391e-04	8.973372e-02	2.858795e-02
8.135324866237694e-04	9.096204e-02	1.981559e-02
8.137263211000747e-04	9.317459e-02	6.230220e-03
8.139051273897367e-04	9.504832e-02	-1.457736e-03
8.140983026597594e-04	9.549187e-02	-6.466590e-03
8.142605784643750e-04	9.452212e-02	-1.237188e-02
8.144434782873694e-04	9.283799e-02	-2.184137e-02
8.146185591761735e-04	9.110978e-02	-3.103916e-02
8.148214098465737e-04	8.888559e-02	-3.844943e-02
8.150744329937495e-04	8.451292e-02	-4.287606e-02
8.153329848435458e-04	7.941934e-02	-4.392080e-02
8.155071144599925e-04	7.614608e-02	-4.366294e-02
8.157301679619309e-04	7.154927e-02	-4.351810e-02
8.158614953203192e-04	6.874034e-02	-4.291272e-02
8.160852322595129e-04	6.385566e-02	-3.675104e-02
8.162141810600179e-04	6.106378e-02	-2.503097e-02
8.163478908351179e-04	5.811608e-02	-3.999054e-03
8.164690124052880e-04	5.540621e-02	1.894854e-02
8.165914190926062e-04	5.271572e-02	4.282573e-02
8.167363278363906e-04	4.961655e-02	6.745069e-02
8.168948136984143e-04	4.647620e-02	8.494112e-02
8.170537014401868e-04	4.461081e-02	8.851875e-02
8.172653700106576e-04	4.067652e-02	7.160577e-02
8.174772314544350e-04	3.680034e-02	4.209732e-02
8.176102312359804e-04	3.702061e-02	2.328940e-02
8.177103427915679e-04	3.786056e-02	1.049483e-02
8.178012710211844e-04	3.832455e-02	7.251352e-04
8.178913635419215e-04	3.854276e-02	-6.222621e-03
8.179722805395577e-04	3.874469e-02	-8.939117e-03
8.180661144649647e-04	3.890468e-02	-7.455334e-03
8.181557977760497e-04	3.904064e-02	-1.443103e-03
8.182684563126607e-04	3.889497e-02	1.087913e-02
8.183807967248008e-04	3.835762e-02	2.636570e-02
8.184939190832327e-04	3.778428e-02	4.388136e-02
8.186195846247147e-04	3.716807e-02	6.323425e-02
8.187346797252753e-04	3.696361e-02	7.873333e-02
8.188729523645851e-04	3.731929e-02	9.122725e-02
8.190357292977744e-04	3.860237e-02	9.550665e-02
8.192166788528702e-04	4.099302e-02	8.880664e-02
8.194297863874921e-04	4.500479e-02	7.254085e-02
8.195950288290203e-04	4.924752e-02	5.821976e-02
8.197207365071914e-04	5.289303e-02	4.833892e-02
8.198471120378773e-04	5.636558e-02	4.097410e-02
8.199763292598344e-04	5.978602e-02	3.755447e-02
8.200996906278828e-04	6.285778e-02	3.850357e-02
8.202247105084442e-04	6.571946e-02	4.278055e-02
8.203500517616477e-04	6.835119e-02	4.917498e-02
8.204754452268611e-04	7.077955e-02	5.667984e-02
8.205988354654942e-04	7.303417e-02	6.419516e-02
8.207226395867828e-04	7.524371e-02	7.079530e-02
8.208757247473692e-04	7.794817e-02	7.659732e-02
8.209876344844374e-04	7.998627e-02	7.796092e-02
8.210893262098302e-04	8.189516e-02	7.488519e-02
8.211947996793569e-04	8.381003e-02	6.608640e-02
8.213149850879656e-04	8.625805e-02	5.094163e-02
8.214261737130542e-04	8.870283e-02	3.395528e-02
8.215487859022788e-04	9.123725e-02	1.391041e-02
8.216929283442748e-04	9.412806e-02	-7.252268e-03
8.218702685832377e-04	9.847638e-02	-2.327114e-02
8.220539246894745e-04	1.020831e-01	-2.467632e-02
8.222322457261944e-04	1.038543e-01	-9.955473e-03
8.224243220987469e-04	1.005759e-01	1.424698e-02
8.225296037478259e-04	9.774114e-02	2.964188e-02
8.226254539324394e-04	9.669863e-02	4.547697e-02
8.227197680010864e-04	9.585111e-02	5.962834e-02
8.228211378007316e-04	9.467410e-02	7.109599e-02
8.229417126930471e-04	9.348676e-02	7.804629e-02
8.230860009102444e-04	9.251522e-02	7.463314e-02
8.232916008983412e-04	9.337050e-02	5.488271e-02
8.234476963907465e-04	9.521164e-02	3.257339e-02
8.235624572840928e-04	9.656394e-02	1.369454e-02
8.236798336687439e-04	9.777820e-02	-4.629612e-03
8.238029805127200e-04	9.894213e-02	-1.987082e-02
8.239284528809776e-04	9.994412e-02	-2.827248e-02
8.240760875523590e-04	1.010208e-01	-2.751344e-02
8.242460770468593e-04	9.946147e-02	-1.862014e-02
8.244327372142688e-04	9.561008e-02	-3.462642e-03
8.245662179758179e-04	9.350713e-02	1.021370e-02
8.246798710318233e-04	9.193677e-02	2.166732e-02
8.248045026687178e-04	9.010553e-02	3.130281e-02
8.249639164913135e-04	8.764085e-02	3.684035e-02
8.251551888942266e-04	8.510560e-02	3.444606e-02
8.253223115949690e-04	8.404513e-02	2.709138e-02
8.254376900734154e-04	8.373313e-02	1.995032e-02
8.255538119116304e-04	8.335160e-02	1.185237e-02
8.256704930184386e-04	8.295187e-02	4.047871e-03
8.257734586717918e-04	8.256073e-02	-1.758367e-03
8.258774243668821e-04	8.206289e-02	-5.853623e-03
8.259820256092064e-04	8.158539e-02	-6.597012e-03
8.261288967612029e-04	8.079350e-02	-2.479106e-04
8.262916027937057e-04	7.928215e-02	1.540154e-02
8.264451202366944e-04	7.752016e-02	3.603613e-02
8.265830182589871e-04	7.603890e-02	5.626847e-02
8.267271220846777e-04	7.412565e-02	7.442160e-02
8.268846385636150e-04	7.289739e-02	8.749168e-02
8.270508358351699e-04	7.360563e-02	9.217548e-02
8.272244533990921e-04	7.494487e-02	8.741598e-02
8.274340533107386e-04	7.771693e-02	7.554258e-02
8.276003364301195e-04	8.084734e-02	6.493072e-02
8.277336593569577e-04	8.353722e-02	5.715369e-02
8.278738139432283e-04	8.641650e-02	5.150956e-02
8.280041071214081e-04	8.901258e-02	4.850842e-02
8.281138085457556e-04	9.097634e-02	4.558571e-02
8.282039409112891e-04	9.246774e-02	4.108655e-02
8.283056513836912e-04	9.399551e-02	3.340070e-02
8.284783325220763e-04	9.659432e-02	1.803294e-02
8.286463129950225e-04	9.939276e-02	4.092269e-03
8.288559088705778e-04	1.026186e-01	-7.518031e-03
8.290736660977350e-04	1.039429e-01	-1.339298e-02
8.293005545530843e-04	1.019033e-01	-1.900658e-02
8.294872637173076e-04	9.853853e-02	-2.526820e-02
8.296459847997821e-04	9.667382e-02	-2.920975e-02
8.298247612932881e-04	9.428865e-02	-3.236812e-02
8.299964315536481e-04	9.141740e-02	-3.328148e-02
8.302195500209184e-04	8.713363e-02	-3.088868e-02
8.304225454438487e-04	8.326228e-02	-2.589559e-02
8.306104570404893e-04	7.942644e-02	-2.050665e-02
8.307776872418792e-04	7.591379e-02	-1.633564e-02
8.309168241176482e-04	7.300179e-02	-1.393729e-02
8.310425061430177e-04	7.040851e-02	-1.170276e-02
8.311054791103749e-04	6.912962e-02	-9.002611e-03
8.311542808909243e-04	6.812645e-02	-5.241096e-03
8.312000410965657e-04	6.722321e-02	-3.319830e-04
8.312915615078486e-04	6.544614e-02	1.198632e-02
8.313966046489261e-04	6.345330e-02	2.856869e-02
8.315420275613631e-04	6.077468e-02	5.324915e-02
8.316933631111469e-04	5.873843e-02	7.732049e-02
8.318723478456966e-04	5.610609e-02	9.591345e-02
8.320772757924199e-04	5.215962e-02	1.015831e-01
8.322426000149880e-04	5.080912e-02	9.941684e-02
8.324199449207979e-04	5.311748e-02	9.638871e-02
8.326029993269529e-04	5.538085e-02	9.134763e-02
8.327910252791459e-04	5.862851e-02	8.710879e-02
8.330006547915150e-04	6.254473e-02	8.233294e-02
8.331388977599050e-04	6.562901e-02	7.544726e-02
8.332568929995041e-04	6.850082e-02	6.346181e-02
8.333639459651686e-04	7.124573e-02	4.811008e-02
8.334758186447442e-04	7.414082e-02	2.974066e-02
8.336022614153304e-04	7.739055e-02	8.990303e-03
8.337470107863238e-04	8.076592e-02	-1.110038e-02
8.339189905050375e-04	8.451505e-02	-2.393961e-02
8.341124098024636e-04	8.982193e-02	-1.875844e-02
8.342784563484724e-04	9.279886e-02	5.507693e-04
8.344756123006062e-04	9.065006e-02	3.043579e-02
8.345832506004129e-04	8.782268e-02	4.718484e-02
8.346859632860944e-04	8.662018e-02	6.396873e-02
8.347716602149910e-04	8.620121e-02	7.647637e-02
8.348506230738709e-04	8.611667e-02	8.553630e-02
8.349287958726271e-04	8.596589e-02	9.049289e-02
8.350478960719314e-04	8.585246e-02	9.040768e-02
8.352077741852281e-04	8.661418e-02	8.062838e-02
8.353995181492668e-04	8.911589e-02	6.087691e-02
8.355333802096551e-04	9.156735e-02	4.448377e-02
8.356471604264661e-04	9.350848e-02	3.029954e-02
8.357609921074530e-04	9.539901e-02	1.832305e-02
8.358895772719650e-04	9.749748e-02	9.590209e-03
8.360227930712781e-04	9.943959e-02	6.025210e-03
8.361662340473039e-04	1.007484e-01	4.931897e-03
8.363119294129217e-04	1.011482e-01	3.559753e-03
8.364683702822061e-04	1.008534e-01	1.467116e-03
8.366438893955827e-04	9.992246e-02	-9.132177e-04
8.368285693056502e-04	9.856312e-02	-2.658814e-03
8.370248561915011e-04	9.695485e-02	-2.833977e-03
8.372400989604934e-04	9.479070e-02	-1.117095e-03
8.374695341151345e-04	9.204109e-02	2.052262e-03
8.376603590129656e-04	8.954240e-02	4.918367e-03
8.378322116070957e-04	8.724102e-02	6.994948e-03
8.379821961331244e-04	8.528608e-02	8.447543e-03
8.380775070646331e-04	8.409335e-02	1.019940e-02
8.381497026851041e-04	8.320886e-02	1.317419e-02
8.382288944180556e-04	8.230677e-02	1.847450e-02
8.383330483526330e-04	8.114430e-02	2.741623e-02
8.384420272340831e-04	8.003923e-02	3.821249e-02
8.385997674467705e-04	7.851942e-02	5.397032e-02
8.387737395529345e-04	7.626630e-02	6.749177e-02
8.389418777713454e-04	7.536402e-02	7.464665e-02
8.391311392223048e-04	7.609691e-02	7.409577e-02
8.393216750391417e-04	7.761493e-02	6.603414e-02
8.394716922989575e-04	7.944244e-02	5.669913e-02
8.396076388241307e-04	8.133143e-02	4.755360e-02
8.397399508583573e-04	8.330037e-02	3.974546e-02
8.398722332350456e-04	8.531520e-02	3.447285e-02
8.400066605039369e-04	8.736268e-02	3.330734e-02
8.401439137889519e-04	8.923760e-02	3.740071e-02
8.402697596544581e-04	9.070693e-02	4.571076e-02
8.404016579282491e-04	9.196286e-02	5.757473e-02
8.405347241695903e-04	9.295934e-02	7.068759e-02
8.406634735253561e-04	9.396127e-02	8.289832e-02
8.407881126094502e-04	9.520203e-02	9.266359e-02
8.409159831042497e-04	9.668255e-02	9.837887e-02
8.410835590241733e-04	9.933981e-02	9.968811e-02
8.412525915805121e-04	1.026139e-01	9.637600e-02
8.414102105082030e-04	1.062696e-01	9.104046e-02
8.415562952497283e-04	1.101561e-01	8.550705e-02
8.416977950478924e-04	1.140310e-01	8.048588e-02
8.418536921331187e-04	1.183522e-01	7.652487e-02
8.419966065577786e-04	1.223350e-01	7.530540e-02
8.421573028500581e-04	1.266675e-01	7.667255e-02
8.423235554742849e-04	1.307265e-01	7.974190e-02
8.424412281109624e-04	1.334508e-01	8.258234e-02
8.425547808612138e-04	1.361315e-01	8.566859e-02
8.426685723115624e-04	1.387907e-01	8.859465e-02
8.429247189859452e-04	1.447034e-01	9.289575e-02
8.430284898706979e-04	1.471307e-01	9.308603e-02
8.431079078907268e-04	1.490157e-01	9.203529e-02
8.432250787798986e-04	1.518411e-01	8.830459e-02
8.433285108681727e-04	1.542918e-01	8.324960e-02
8.433918203110050e-04	1.557052e-01	7.957320e-02
8.434987292764332e-04	1.579873e-01	7.302988e-02
8.436608190202916e-04	1.615658e-01	6.401612e-02
8.438458016587396e-04	1.657072e-01	5.704346e-02
8.440353972835280e-04	1.698640e-01	5.598237e-02
8.442476668670632e-04	1.743064e-01	6.225782e-02
8.444502206952678e-04	1.759126e-01	7.056128e-02
8.445826014975381e-04	1.763719e-01	7.663698e-02
8.447048603705109e-04	1.771407e-01	8.230233e-02
8.448270103981050e-04	1.780396e-01	8.683468e-02
8.449367948838479e-04	1.789163e-01	8.892189e-02
8.450625313401092e-04	1.800190e-01	8.735271e-02
8.451763658828150e-04	1.810397e-01	8.055671e-02
8.453051775075735e-04	1.823613e-01	6.722373e-02
8.454252553303557e-04	1.838728e-01	5.172271e-02
8.455476383081793e-04	1.853691e-01	3.472373e-02
8.456958167487099e-04	1.871883e-01	1.606609e-02
8.458497387364006e-04	1.888934e-01	2.731726e-03
8.460155984570223e-04	1.900548e-01	-1.302212e-04
8.461935258528002e-04	1.896431e-01	1.206844e-02
8.463956107587533e-04	1.861373e-01	3.844067e-02
8.465148133215937e-04	1.836119e-01	5.801551e-02
8.466240832599655e-04	1.816263e-01	7.676068e-02
8.467392210690276e-04	1.796741e-01	9.403241e-02
8.468598626212693e-04	1.780897e-01	1.071330e-01
8.469858659264731e-04	1.766629e-01	1.113711e-01
8.471614462733412e-04	1.758861e-01	1.013299e-01
8.473612990351711e-04	1.771560e-01	7.550083e-02
8.475075517451824e-04	1.788976e-01	5.057737e-02
8.476182990792660e-04	1.802434e-01	3.084098e-02
8.477361908037652e-04	1.814812e-01	1.226071e-02
8.478555324866836e-04	1.825566e-01	-1.181558e-03
8.479808675743473e-04	1.834928e-01	-6.708212e-03
8.481334062761096e-04	1.839148e-01	-2.603464e-03
8.483144101767902e-04	1.815434e-01	9.584926e-03
8.484626496325191e-04	1.785731e-01	2.330720e-02
8.485859724055704e-04	1.761740e-01	3.613868e-02
8.487142623931221e-04	1.739091e-01	4.869366e-02
8.488316728717825e-04	1.719202e-01	5.748104e-02
8.489571821589912e-04	1.696501e-01	6.224282e-02
8.491016042796920e-04	1.678046e-01	6.420988e-02
8.492307583684987e-04	1.668911e-01	6.537504e-02
8.493847308444959e-04	1.661174e-01	6.694123e-02
8.495273097598860e-04	1.656400e-01	6.841600e-02
8.497070647456736e-04	1.653228e-01	7.002905e-02
8.498860314416144e-04	1.651584e-01	7.063660e-02
8.501193733601232e-04	1.652923e-01	6.867342e-02
8.502907193268499e-04	1.656898e-01	6.394742e-02
8.504766240931848e-04	1.666304e-01	5.626941e-02
8.506037194853075e-04	1.674304e-01	5.072688e-02
8.507398299686198e-04	1.681844e-01	4.547590e-02
8.508838490407877e-04	1.689023e-01	4.196946e-02
8.510367351302684e-04	1.695761e-01	4.207158e-02
8.512143739494906e-04	1.699294e-01	4.741544e-02
8.513955231573954e-04	1.693857e-01	5.653574e-02
8.515180376252346e-04	1.688479e-01	6.402312e-02
8.516437591807347e-04	1.685302e-01	7.194297e-02
8.517626894616320e-04	1.683596e-01	7.837571e-02
8.518833313385860e-04	1.682498e-01	8.244036e-02
8.520530030459079e-04	1.684064e-01	8.400300e-02
8.522582379456943e-04	1.696927e-01	8.295387e-02
8.524174721501737e-04	1.711682e-01	8.090588e-02
8.526005970702377e-04	1.729569e-01	7.791401e-02
8.527895129944946e-04	1.749693e-01	7.532331e-02
8.529416677964279e-04	1.766298e-01	7.401803e-02
8.530932698331375e-04	1.781533e-01	7.275975e-02
8.531755905367248e-04	1.789410e-01	7.131729e-02
8.532618951960521e-04	1.797830e-01	6.885427e-02
8.533565918540264e-04	1.807019e-01	6.548122e-02
8.534646408919240e-04	1.817072e-01	6.116386e-02
8.536239613119981e-04	1.832043e-01	5.506104e-02
8.538135865293134e-04	1.850108e-01	4.998866e-02
8.540286852292931e-04	1.866923e-01	4.925402e-02
8.542422375125920e-04	1.873907e-01	5.473752e-02
8.544479882242892e-04	1.869097e-01	6.421237e-02
8.545754452476102e-04	1.864864e-01	7.116976e-02
8.547052820349476e-04	1.863281e-01	7.806589e-02
8.548321528540447e-04	1.863375e-01	8.332096e-02
8.549523663386103e-04	1.863734e-01	8.573993e-02
8.551343841508520e-04	1.869679e-01	8.623409e-02
8.552868967064710e-04	1.880651e-01	8.553673e-02
8.554416483508216e-04	1.892981e-01	8.406669e-02
8.556081002622618e-04	1.907821e-01	8.234124e-02
8.558320612056796e-04	1.929228e-01	8.051586e-02
8.559916396638567e-04	1.944535e-01	8.009320e-02
8.560846409819132e-04	1.953425e-01	8.085257e-02
8.561578895016729e-04	1.960784e-01	8.249579e-02
8.562318826910262e-04	1.968443e-01	8.505353e-02
8.563172553667295e-04	1.977453e-01	8.877954e-02
8.564150000638478e-04	1.988140e-01	9.370315e-02
8.565608067132792e-04	2.003840e-01	1.012550e-01
8.567303870713522e-04	2.021368e-01	1.088210e-01
8.568998895049272e-04	2.041412e-01	1.137535e-01
8.570539642350513e-04	2.062936e-01	1.149211e-01
8.572233818944794e-04	2.090991e-01	1.132096e-01
8.573986345465180e-04	2.123734e-01	1.097298e-01
8.575583303151854e-04	2.156229e-01	1.060110e-01
8.577104460868316e-04	2.188752e-01	1.027873e-01
8.578627707009101e-04	2.221377e-01	1.005718e-01
8.580073973440153e-04	2.250723e-01	9.901753e-02
8.581030446204928e-04	2.268843e-01	9.687406e-02
8.581894544509202e-04	2.284505e-01	9.282860e-02
8.582830234143332e-04	2.299929e-01	8.611472e-02
8.584253665929861e-04	2.322704e-01	7.362178e-02
8.585697639934882e-04	2.348367e-01	6.055924e-02
8.587043106521578e-04	2.371567e-01	4.973343e-02
8.588617887750577e-04	2.397978e-01	4.197489e-02
8.590520566030263e-04	2.426103e-01	4.383082e-02
8.592629026804188e-04	2.431464e-01	6.005077e-02
8.594656058792626e-04	2.402650e-01	8.439881e-02
8.595868390997853e-04	2.385746e-01	1.015699e-01
8.596948014714804e-04	2.378459e-01	1.166739e-01
8.598039714285604e-04	2.374904e-01	1.292661e-01
8.599079532886317e-04	2.374272e-01	1.366756e-01
8.600377499864403e-04	2.377303e-01	1.380365e-01
8.601604350718346e-04	2.383459e-01	1.306273e-01
8.602998877279434e-04	2.394403e-01	1.134876e-01
8.604408146756401e-04	2.413993e-01	9.137072e-02
8.605551489361372e-04	2.433052e-01	7.202643e-02
8.606711302583187e-04	2.451376e-01	5.336617e-02
8.607937464549378e-04	2.470180e-01	3.746670e-02
8.609156084452247e-04	2.487931e-01	2.836089e-02
8.610591264844794e-04	2.504630e-01	2.608149e-02
8.612194649845070e-04	2.511821e-01	2.898753e-02
8.614251470045160e-04	2.487545e-01	3.355999e-02
8.616145971598796e-04	2.452439e-01	3.816560e-02
8.617504781720268e-04	2.433423e-01	4.200642e-02
8.619214849275553e-04	2.406323e-01	4.516709e-02
8.620783527224210e-04	2.383472e-01	4.722072e-02
8.621648974852108e-04	2.370833e-01	4.857902e-02
8.622231174779199e-04	2.361447e-01	4.982293e-02
8.622768909010316e-04	2.352467e-01	5.121279e-02
8.623583017763257e-04	2.338952e-01	5.361480e-02
8.624393587673518e-04	2.325579e-01	5.620436e-02
8.625577775224042e-04	2.306188e-01	5.994879e-02
8.627645815289471e-04	2.273018e-01	6.528525e-02
8.629658310223457e-04	2.243562e-01	6.748608e-02
8.631807965996687e-04	2.217694e-01	6.487466e-02
8.634095680343425e-04	2.200867e-01	5.797461e-02
8.635472529377936e-04	2.193381e-01	5.257922e-02
8.636749062820634e-04	2.185079e-01	4.747586e-02
8.638054122712560e-04	2.175721e-01	4.327482e-02
8.639273211966185e-04	2.166640e-01	4.113732e-02
8.640776923830141e-04	2.153244e-01	4.053584e-02
8.642293552853141e-04	2.135811e-01	4.071139e-02
8.643673556853059e-04	2.118414e-01	4.110841e-02
8.645163032285605e-04	2.099399e-01	4.171029e-02
8.646944336919140e-04	2.076197e-01	4.245523e-02
8.648561792540556e-04	2.054708e-01	4.292449e-02
8.650546962524147e-04	2.028973e-01	4.287730e-02
8.651897562867968e-04	2.011302e-01	4.075052e-02
8.653229822945137e-04	1.993577e-01	3.642154e-02
8.653895603477529e-04	1.984618e-01	3.377979e-02
8.655015180245843e-04	1.969215e-01	2.906074e-02
8.656625546441285e-04	1.948176e-01	2.281076e-02
8.658173531451442e-04	1.928310e-01	1.851606e-02
8.659948542575560e-04	1.900811e-01	1.645978e-02
8.661560614504738e-04	1.871935e-01	1.774280e-02
8.663604451328268e-04	1.830967e-01	2.230245e-02
8.664941579765808e-04	1.802962e-01	2.618903e-02
8.666464634009091e-04	1.772312e-01	3.090513e-02
8.667851224894339e-04	1.744673e-01	3.440455e-02
8.669413050503940e-04	1.713462e-01	3.618462e-02
8.671473908946894e-04	1.674373e-01	3.461272e-02
8.673560443927796e-04	1.642798e-01	2.992503e-02
8.674863933846307e-04	1.625843e-01	2.582003e-02
8.675953164938013e-04	1.610970e-01	2.200602e-02
8.677036570941066e-04	1.595878e-01	1.849885e-02
8.678093062206588e-04	1.580960e-01	1.578213e-02
8.679163228683506e-04	1.565507e-01	1.416554e-02
8.680331472216966e-04	1.548849e-01	1.434052e-02
8.681919296779602e-04	1.525031e-01	1.756692e-02
8.683750445274575e-04	1.493405e-01	2.376103e-02
8.685041451609973e-04	1.470437e-01	2.913550e-02
8.686368340442894e-04	1.448328e-01	3.479743e-02
8.687879366390343e-04	1.423717e-01	3.985034e-02
8.689717005732312e-04	1.394657e-01	4.251793e-02
8.691833945045535e-04	1.366807e-01	4.121552e-02
8.693932058642888e-04	1.352930e-01	3.770582e-02
8.695233267653079e-04	1.346322e-01	3.468236e-02
8.696536225088059e-04	1.338576e-01	3.140840e-02
8.697877906452158e-04	1.330879e-01	2.868237e-02
8.699286515433545e-04	1.322759e-01	2.728902e-02
8.700605906134687e-04	1.314169e-01	2.868827e-02
8.701498120399883e-04	1.308325e-01	3.282784e-02
8.702315500298106e-04	1.303669e-01	3.970833e-02
8.703267299014109e-04	1.297496e-01	5.004488e-02
8.704125696045292e-04	1.292406e-01	6.083478e-02
8.705719157326781e-04	1.282843e-01	8.158314e-02
8.707173969585788e-04	1.275343e-01	9.803259e-02
8.708954373131877e-04	1.277420e-01	1.113752e-01
8.710795748569306e-04	1.292697e-01	1.172614e-01
8.712519051764396e-04	1.319949e-01	1.196709e-01
8.714390606635998e-04	1.356847e-01	1.220628e-01
8.716422465193004e-04	1.399131e-01	1.243610e-01
8.717124358939575e-04	1.418023e-01	1.252665e-01
8.718472183284890e-04	1.455559e-01	1.263677e-01
8.719858688821275e-04	1.497901e-01	1.261248e-01
8.721132306891431e-04	1.538176e-01	1.217158e-01
8.722358179098968e-04	1.578042e-01	1.114746e-01
8.723611325696344e-04	1.621706e-01	9.615700e-02
8.724755328829797e-04	1.662587e-01	7.987419e-02
8.726031431661882e-04	1.706485e-01	6.154458e-02
8.727602078480935e-04	1.757904e-01	4.303095e-02
8.729431086113464e-04	1.808542e-01	2.894356e-02
8.730216329851183e-04	1.826438e-01	2.681680e-02
8.731059601291067e-04	1.843650e-01	2.784628e-02
8.732271892999192e-04	1.864354e-01	3.121211e-02
8.733557175890861e-04	1.893403e-01	3.739385e-02
8.735441735630424e-04	1.943680e-01	4.901303e-02
8.737654092774120e-04	1.928814e-01	5.528128e-02
8.739035955732608e-04	1.906118e-01	5.655488e-02
8.740115066908964e-04	1.902731e-01	5.817978e-02
8.740833149621224e-04	1.904038e-01	6.050792e-02
8.741341168410926e-04	1.904392e-01	6.348443e-02
8.741808663963197e-04	1.903357e-01	6.740835e-02
8.742665693039263e-04	1.901789e-01	7.674655e-02
8.743633601376912e-04	1.901263e-01	8.941990e-02
8.744623237329436e-04	1.900699e-01	1.037756e-01
8.745711064986504e-04	1.900242e-01	1.193245e-01
8.747705750491678e-04	1.907670e-01	1.444421e-01
8.748979401573990e-04	1.919599e-01	1.559384e-01
8.749823358460995e-04	1.930626e-01	1.593931e-01
8.750670547150048e-04	1.944551e-01	1.595857e-01
8.751620625734170e-04	1.962452e-01	1.578367e-01
8.752088685644054e-04	1.971470e-01	1.563031e-01
8.752844637162715e-04	1.984011e-01	1.525876e-01
8.754356540200034e-04	2.017322e-01	1.443878e-01
8.756287869548326e-04	2.079306e-01	1.349040e-01
8.757675950739124e-04	2.129482e-01	1.292787e-01
8.758932144455630e-04	2.174049e-01	1.258928e-01
8.760166645296232e-04	2.217784e-01	1.247383e-01
8.762383579613231e-04	2.292373e-01	1.252859e-01
8.764587382552600e-04	2.366482e-01	1.270114e-01
8.766356931645136e-04	2.424706e-01	1.284694e-01
8.768353841618659e-04	2.487131e-01	1.296083e-01
8.771887662993058e-04	2.593847e-01	1.312565e-01
8.775597505137364e-04	2.702111e-01	1.352539e-01
8.776325663780820e-04	2.722706e-01	1.363475e-01
8.777053822424276e-04	2.743203e-01	1.371890e-01
8.777781981067731e-04	2.763602e-01	1.377784e-01
8.778510139711187e-04	2.783902e-01	1.381157e-01
8.779238298354642e-04	2.804104e-01	1.382009e-01
8.779966456998098e-04	2.824208e-01	1.380339e-01
8.780694615641554e-04	2.844214e-01	1.376148e-01
8.781573112086674e-04	2.867742e-01	1.336795e-01
8.782315053355536e-04	2.885262e-01	1.279045e-01
8.783679052809650e-04	2.918249e-01	1.148599e-01
8.784915750931654e-04	2.948266e-01	1.017493e-01
8.786668439862684e-04	2.988321e-01	8.387087e-02
8.788403410641806e-04	3.026483e-01	7.031915e-02
8.789526573001391e-04	3.045661e-01	6.529333e-02
8.790340509902896e-04	3.058725e-01	6.441592e-02
8.791201005636928e-04	3.075022e-01	6.510928e-02
8.792440670667937e-04	3.091035e-01	6.587541e-02
8.793733234359115e-04	3.099975e-01	6.635329e-02
8.795633109463287e-04	3.091080e-01	6.568299e-02
8.797707700804032e-04	3.061861e-01	6.389028e-02
8.799107960926633e-04	3.050275e-01	6.410289e-02
8.800398431923732e-04	3.042292e-01	6.605159e-02
8.801532136757316e-04	3.032881e-01	7.044986e-02
8.802568133356186e-04	3.021591e-01	7.733741e-02
8.803641073260617e-04	3.007942e-01	8.661734e-02
8.804745235479499e-04	2.992670e-01	9.730151e-02
8.805977996835355e-04	2.975079e-01	1.090281e-01
8.807714840380935e-04	2.952739e-01	1.227708e-01
8.809339298097951e-04	2.937770e-01	1.295322e-01
8.811060163432108e-04	2.932736e-01	1.265662e-01
8.812601013637042e-04	2.932904e-01	1.130945e-01
8.814293474425229e-04	2.941535e-01	9.030285e-02
8.815449592480925e-04	2.951969e-01	7.296769e-02
8.816646438135129e-04	2.960370e-01	5.549435e-02
8.817895094376459e-04	2.967921e-01	4.077503e-02
8.819180794298297e-04	2.973874e-01	3.230701e-02
8.820737781302362e-04	2.972962e-01	3.128794e-02
8.822487448337703e-04	2.949180e-01	3.671891e-02
8.824171595678973e-04	2.919296e-01	4.628123e-02
8.825680408249575e-04	2.888352e-01	5.632402e-02
8.826997551508384e-04	2.859539e-01	6.459844e-02
8.828315592574441e-04	2.830808e-01	7.097480e-02
8.829598410302628e-04	2.804615e-01	7.451631e-02
8.830834958263660e-04	2.782456e-01	7.609822e-02
8.832019325401638e-04	2.764070e-01	7.754144e-02
8.833332698420302e-04	2.745364e-01	7.976623e-02
8.834624811888981e-04	2.728254e-01	8.227459e-02
8.836353440724994e-04	2.706769e-01	8.549918e-02
8.838087300067021e-04	2.687471e-01	8.783966e-02
8.840322477890521e-04	2.666813e-01	8.818151e-02
8.842259099295267e-04	2.652998e-01	8.455344e-02
8.844476051991719e-04	2.644909e-01	7.681625e-02
8.845809327543254e-04	2.642428e-01	7.144500e-02
8.847192341184478e-04	2.638391e-01	6.613782e-02
8.848488777720791e-04	2.633970e-01	6.256765e-02
8.849818714014776e-04	2.628915e-01	6.132178e-02
8.851534309907953e-04	2.619893e-01	6.302412e-02
8.853434563877402e-04	2.602829e-01	6.713901e-02
8.854651060979135e-04	2.590446e-01	7.066837e-02
8.856003525135184e-04	2.577821e-01	7.501310e-02
8.857257530052929e-04	2.566451e-01	7.865000e-02
8.858488101587329e-04	2.555753e-01	8.124186e-02
8.859891389262255e-04	2.545878e-01	8.349913e-02
8.861032499404073e-04	2.540406e-01	8.666572e-02
8.862008858362124e-04	2.537155e-01	9.215899e-02
8.863113274063052e-04	2.534824e-01	1.015718e-01
8.864626382283211e-04	2.531707e-01	1.168483e-01
8.866190156337930e-04	2.528589e-01	1.323503e-01
8.868166572865731e-04	2.533551e-01	1.491464e-01
8.869186792436358e-04	2.540676e-01	1.546793e-01
8.870143471864803e-04	2.549914e-01	1.556718e-01
8.871258028702511e-04	2.565269e-01	1.525851e-01
8.871864088713395e-04	2.574924e-01	1.486853e-01
8.872764261407136e-04	2.586467e-01	1.395162e-01
8.874257979849527e-04	2.610793e-01	1.214528e-01
8.875512856861049e-04	2.639720e-01	1.058344e-01
8.876811973655382e-04	2.670844e-01	9.056833e-02
8.878047785354246e-04	2.699429e-01	7.906722e-02
8.879314836241908e-04	2.725932e-01	7.217751e-02
8.880630378338517e-04	2.748031e-01	6.907319e-02
8.881510461924599e-04	2.760618e-01	6.734203e-02
8.882540613260879e-04	2.775233e-01	6.421932e-02
8.884084362121306e-04	2.793652e-01	5.799095e-02
8.886253916739401e-04	2.802437e-01	4.817887e-02
8.888763934238890e-04	2.787046e-01	3.989518e-02
8.891497419094931e-04	2.755118e-01	4.044959e-02
8.894255046651410e-04	2.722238e-01	5.131854e-02
8.895958106736686e-04	2.689057e-01	5.971298e-02
8.897251631891193e-04	2.662645e-01	6.577498e-02
8.898531375000729e-04	2.637982e-01	7.024959e-02
8.899787810885721e-04	2.615698e-01	7.308054e-02
8.901169868311844e-04	2.595723e-01	7.678524e-02
8.902224478253287e-04	2.583416e-01	8.213669e-02
8.903458073138583e-04	2.570069e-01	9.132056e-02
8.905148475383705e-04	2.551659e-01	1.055083e-01
8.906830742175130e-04	2.534072e-01	1.181778e-01
8.909010859678496e-04	2.525964e-01	1.294580e-01
8.910806622053671e-04	2.530377e-01	1.318246e-01
8.912340231760433e-04	2.539731e-01	1.280833e-01
8.913990779783555e-04	2.557502e-01	1.208808e-01
8.915175821829248e-04	2.573628e-01	1.148189e-01
8.916471819608835e-04	2.591998e-01	1.082046e-01
8.917962376598474e-04	2.615090e-01	1.021923e-01
8.919396499270667e-04	2.638142e-01	9.900388e-02
8.920900625266786e-04	2.659798e-01	9.764084e-02
8.922108549313795e-04	2.674816e-01	9.651744e-02
8.923429079073140e-04	2.690382e-01	9.463997e-02
8.924656664985980e-04	2.704337e-01	9.260702e-02
8.926825132866039e-04	2.727538e-01	8.933689e-02
8.929072814288175e-04	2.746616e-01	8.723456e-02
8.930577113663115e-04	2.757244e-01	8.894111e-02
8.931744087897431e-04	2.765702e-01	9.518345e-02
8.933002777202028e-04	2.773535e-01	1.071295e-01
8.934294553477073e-04	2.778218e-01	1.224048e-01
8.935597981891641e-04	2.781895e-01	1.389111e-01
8.936732104615381e-04	2.787373e-01	1.528055e-01
8.937590104058473e-04	2.794137e-01	1.620308e-01
8.938426030372400e-04	2.802387e-01	1.688870e-01
8.939388872523151e-04	2.815048e-01	1.740481e-01
8.940024384000758e-04	2.825066e-01	1.754844e-01
8.940923198736697e-04	2.838903e-01	1.751064e-01
8.942720828208577e-04	2.868098e-01	1.720185e-01
8.944526367322850e-04	2.913210e-01	1.687561e-01
8.947121697684633e-04	2.994731e-01	1.645895e-01
8.949200580388073e-04	3.068276e-01	1.629600e-01
8.950990503121413e-04	3.131546e-01	1.632430e-01
8.952889798079033e-04	3.196631e-01	1.648405e-01
8.955347720635899e-04	3.282525e-01	1.683496e-01
8.958400250898864e-04	3.389420e-01	1.720837e-01
8.959992498782241e-04	3.444554e-01	1.725339e-01
8.961111130746722e-04	3.483334e-01	1.710733e-01
8.962084189640263e-04	3.517013e-01	1.678348e-01
8.963007201525944e-04	3.548089e-01	1.631384e-01
8.964331538196206e-04	3.592251e-01	1.550163e-01
8.965606494501441e-04	3.633785e-01	1.469477e-01
8.967532622684431e-04	3.694020e-01	1.367008e-01
8.969466768879820e-04	3.752819e-01	1.315651e-01
8.971965586532317e-04	3.814191e-01	1.303500e-01
8.973813299251931e-04	3.849094e-01	1.306588e-01
8.976003251773269e-04	3.883939e-01	1.312714e-01
8.978058501926192e-04	3.916210e-01	1.323006e-01
8.980051101825980e-04	3.935033e-01	1.336750e-01
8.981711295019091e-04	3.945437e-01	1.382156e-01
8.983055755580547e-04	3.954360e-01	1.462035e-01
8.984342890019686e-04	3.962118e-01	1.565478e-01
8.985753675268861e-04	3.970049e-01	1.685770e-01
8.987278781521444e-04	3.980256e-01	1.800663e-01
8.988959589493681e-04	3.994728e-01	1.875695e-01
8.990999303545960e-04	4.015191e-01	1.855232e-01
8.993619229188681e-04	4.059487e-01	1.702849e-01
8.995130166191155e-04	4.099872e-01	1.582017e-01
8.996295487377888e-04	4.127981e-01	1.477678e-01
8.997455319060116e-04	4.153439e-01	1.386548e-01
8.998769704409616e-04	4.181023e-01	1.317489e-01
9.000130859444935e-04	4.207932e-01	1.297858e-01
9.001542284943242e-04	4.237989e-01	1.342859e-01
9.003399480442893e-04	4.264800e-01	1.454410e-01
9.004806012024192e-04	4.271763e-01	1.552750e-01
9.006041885435440e-04	4.277952e-01	1.645968e-01
9.007287876278932e-04	4.284712e-01	1.730936e-01
9.008451687221498e-04	4.292970e-01	1.792320e-01
9.009485811768215e-04	4.302250e-01	1.821250e-01
9.010523443091243e-04	4.311465e-01	1.804159e-01
9.011723383244976e-04	4.321316e-01	1.708591e-01
9.013114495956860e-04	4.338533e-01	1.522576e-01
9.014295856508760e-04	4.357183e-01	1.323993e-01
9.015532159319904e-04	4.375941e-01	1.099160e-01
9.016871630432045e-04	4.397144e-01	8.784068e-02
9.018430509634931e-04	4.414109e-01	6.744210e-02
9.019348268156145e-04	4.416041e-01	5.969086e-02
9.020013710775312e-04	4.416091e-01	5.803918e-02
9.020722027395091e-04	4.417715e-01	6.065629e-02
9.021756888538349e-04	4.416978e-01	6.998506e-02
9.022848693854606e-04	4.405035e-01	8.428950e-02
9.024159237968454e-04	4.383120e-01	1.057928e-01
9.025278108024732e-04	4.360731e-01	1.258514e-01
9.026271234340289e-04	4.339568e-01	1.434263e-01
9.027265548390084e-04	4.318798e-01	1.590869e-01
9.028318242376553e-04	4.299362e-01	1.720112e-01
9.029380241667088e-04	4.284440e-01	1.798127e-01
9.030405384884944e-04	4.273460e-01	1.811728e-01
9.031556970441214e-04	4.266604e-01	1.768137e-01
9.032604235932906e-04	4.267730e-01	1.694954e-01
9.033321524182224e-04	4.269695e-01	1.626794e-01
9.034110914708822e-04	4.270313e-01	1.537082e-01
9.035041418930629e-04	4.272289e-01	1.425522e-01
9.036224924945012e-04	4.277165e-01	1.288107e-01
9.037413746258002e-04	4.284427e-01	1.172077e-01
9.038862549788745e-04	4.293093e-01	1.080072e-01
9.040256605828934e-04	4.297460e-01	1.057066e-01
9.041516374343274e-04	4.294440e-01	1.095781e-01
9.042494940152681e-04	4.289757e-01	1.164710e-01
9.043591165729306e-04	4.283643e-01	1.271661e-01
9.044780613162757e-04	4.273297e-01	1.401321e-01
9.045966759582221e-04	4.262652e-01	1.533564e-01
9.047006283202182e-04	4.255030e-01	1.641089e-01
9.048056830965424e-04	4.249592e-01	1.729907e-01
9.049088797540145e-04	4.246667e-01	1.786235e-01
9.050219529494204e-04	4.247272e-01	1.813326e-01
9.051113989963472e-04	4.250218e-01	1.817911e-01
9.052189520598888e-04	4.255226e-01	1.814761e-01
9.053963824930121e-04	4.269738e-01	1.807514e-01
9.055992579092597e-04	4.293779e-01	1.799552e-01
9.058430497130048e-04	4.326594e-01	1.780867e-01
9.061167664425947e-04	4.365415e-01	1.703843e-01
9.062483356542360e-04	4.384580e-01	1.591526e-01
9.063760255309499e-04	4.403813e-01	1.409987e-01
9.065112102342643e-04	4.427964e-01	1.192960e-01
9.066393188593806e-04	4.450825e-01	9.949368e-02
9.067993922360129e-04	4.477990e-01	8.047194e-02
9.069681209497957e-04	4.488758e-01	6.823438e-02
9.070507049082298e-04	4.486551e-01	6.687495e-02
9.071359059765476e-04	4.486416e-01	7.009189e-02
9.072342134885224e-04	4.482437e-01	7.650205e-02
9.073462179848392e-04	4.466523e-01	8.555681e-02
9.074861549327208e-04	4.441369e-01	9.872411e-02
9.076078849257299e-04	4.418941e-01	1.107006e-01
9.077233671580130e-04	4.395519e-01	1.209007e-01
9.078383192168908e-04	4.370473e-01	1.282729e-01
9.079760493893647e-04	4.341959e-01	1.322796e-01
9.081093629819739e-04	4.317366e-01	1.303149e-01
9.082638480454366e-04	4.296236e-01	1.222810e-01
9.083866161889904e-04	4.284488e-01	1.130209e-01
9.084957841422296e-04	4.273074e-01	1.031793e-01
9.086054948640900e-04	4.260985e-01	9.313193e-02
9.087141993342361e-04	4.248086e-01	8.413950e-02
9.088248530358299e-04	4.234364e-01	7.737871e-02
9.089656441185726e-04	4.216582e-01	7.443608e-02
9.091410667486884e-04	4.191386e-01	8.082640e-02
9.093418803391603e-04	4.144132e-01	9.768967e-02
9.094800247702197e-04	4.103257e-01	1.131271e-01
9.096100354442215e-04	4.067843e-01	1.288616e-01
9.097439788896792e-04	4.035267e-01	1.433289e-01
9.098647278200753e-04	4.008493e-01	1.520142e-01
9.100246527162862e-04	3.980900e-01	1.554996e-01
9.101774161639119e-04	3.965640e-01	1.510182e-01
9.103426003320981e-04	3.959179e-01	1.394912e-01
9.105122228318811e-04	3.961662e-01	1.245224e-01
9.106367525334868e-04	3.962598e-01	1.129973e-01
9.107619749579217e-04	3.963718e-01	1.032278e-01
9.109030320021577e-04	3.965194e-01	9.670298e-02
9.110510644316270e-04	3.965228e-01	9.734914e-02
9.112090425994985e-04	3.959658e-01	1.075017e-01
9.113724074663422e-04	3.941605e-01	1.250420e-01
9.114905725781099e-04	3.926359e-01	1.405478e-01
9.116123160320976e-04	3.913538e-01	1.570818e-01
9.117446505527389e-04	3.904378e-01	1.734297e-01
9.118348883105499e-04	3.902256e-01	1.822940e-01
9.119239779832417e-04	3.902008e-01	1.875669e-01
9.120220872415921e-04	3.904942e-01	1.893032e-01
9.120864216420667e-04	3.907861e-01	1.871954e-01
9.121720452227670e-04	3.908382e-01	1.789853e-01
9.123432923841674e-04	3.919919e-01	1.553659e-01
9.124759997091687e-04	3.941387e-01	1.341761e-01
9.125856703624393e-04	3.959150e-01	1.155074e-01
9.126992438667179e-04	3.976395e-01	9.787397e-02
9.128302371747073e-04	3.995966e-01	8.271721e-02
9.129648213201954e-04	4.007740e-01	7.358060e-02
9.130406751531669e-04	4.011264e-01	7.216425e-02
9.131323448111814e-04	4.015812e-01	7.344549e-02
9.132377137258088e-04	4.015350e-01	7.568543e-02
9.133479404371995e-04	4.009614e-01	7.867299e-02
9.135022620041990e-04	3.988038e-01	8.269663e-02
9.136581769357225e-04	3.964506e-01	8.702244e-02
9.138041792782343e-04	3.943126e-01	9.063348e-02
9.139620817795897e-04	3.919091e-01	9.339449e-02
9.140656077845294e-04	3.903768e-01	9.534974e-02
9.141278986061649e-04	3.893845e-01	9.750764e-02
9.141857309081819e-04	3.884185e-01	1.006841e-01
9.142401576210873e-04	3.875197e-01	1.045534e-01
9.143189642719673e-04	3.862155e-01	1.111912e-01
9.143941862871981e-04	3.849786e-01	1.182998e-01
9.145064012377599e-04	3.831774e-01	1.294379e-01
9.146802021731493e-04	3.803272e-01	1.449843e-01
9.148680639512643e-04	3.781484e-01	1.576907e-01
9.149974062832390e-04	3.774532e-01	1.620526e-01
9.151187431213048e-04	3.773978e-01	1.625819e-01
9.152470265635012e-04	3.777025e-01	1.613809e-01
9.153627067894934e-04	3.781777e-01	1.595554e-01
9.154469354729001e-04	3.786719e-01	1.579275e-01
9.155593378388458e-04	3.795493e-01	1.557126e-01
9.157841425707371e-04	3.818380e-01	1.522886e-01
9.159968748532315e-04	3.844740e-01	1.508019e-01
9.162298561667235e-04	3.872292e-01	1.500836e-01
9.163254107971413e-04	3.883762e-01	1.497541e-01
9.164525340141290e-04	3.900496e-01	1.492531e-01
9.165862037864950e-04	3.918287e-01	1.487096e-01
9.167192314463224e-04	3.936190e-01	1.482782e-01
9.168878827750550e-04	3.958752e-01	1.478601e-01
9.170686229222190e-04	3.981489e-01	1.464124e-01
9.171675454259949e-04	3.993164e-01	1.437112e-01
9.172627312580589e-04	4.004037e-01	1.389589e-01
9.173666493627609e-04	4.015381e-01	1.322314e-01
9.174991017401726e-04	4.029446e-01	1.227405e-01
9.176728958256442e-04	4.049322e-01	1.113827e-01
9.178602627888949e-04	4.066658e-01	1.023139e-01
9.179869368426257e-04	4.074957e-01	1.008172e-01
9.181374787128973e-04	4.076393e-01	1.058846e-01
9.182294380242385e-04	4.073653e-01	1.133454e-01
9.183338874265034e-04	4.070805e-01	1.260987e-01
9.184496881733578e-04	4.063384e-01	1.422374e-01
9.185635381360615e-04	4.054708e-01	1.587301e-01
9.186737542082382e-04	4.049081e-01	1.740913e-01
9.187673133323968e-04	4.047308e-01	1.854527e-01
9.188550061688946e-04	4.047640e-01	1.934662e-01
9.189477680085768e-04	4.050172e-01	1.983371e-01
9.190427325105170e-04	4.055473e-01	1.997371e-01
9.191453974413962e-04	4.063259e-01	1.984526e-01
9.193201980915808e-04	4.085785e-01	1.940337e-01
9.195062735678974e-04	4.115080e-01	1.878168e-01
9.197091981839565e-04	4.154167e-01	1.812011e-01
9.198708348145415e-04	4.194313e-01	1.780262e-01
9.200054960447569e-04	4.227446e-01	1.771230e-01
9.201880271161625e-04	4.268699e-01	1.775632e-01
9.203763831929320e-04	4.313703e-01	1.795338e-01
9.205905345352182e-04	4.364421e-01	1.820833e-01
9.210357619285777e-04	4.467692e-01	1.850761e-01
9.212546341452052e-04	4.518527e-01	1.844300e-01
9.214930124278663e-04	4.573301e-01	1.825890e-01
9.216561977895295e-04	4.610235e-01	1.813459e-01
9.218526435960598e-04	4.653933e-01	1.802325e-01
9.220812115217815e-04	4.700993e-01	1.775987e-01
9.222169141632098e-04	4.726194e-01	1.728291e-01
9.223475829838405e-04	4.748738e-01	1.647748e-01
9.225027714765803e-04	4.774799e-01	1.534173e-01
9.226711213292924e-04	4.803988e-01	1.421162e-01
9.228740314819634e-04	4.844087e-01	1.339789e-01
9.230952135894324e-04	4.869434e-01	1.284583e-01
9.233044404148639e-04	4.864471e-01	1.199942e-01
9.234940776394867e-04	4.851238e-01	1.093116e-01
9.236343832917652e-04	4.842395e-01	1.015347e-01
9.237634502185815e-04	4.828202e-01	9.607715e-02
9.240215840722140e-04	4.800636e-01	9.471671e-02
9.241912371250053e-04	4.777675e-01	1.041051e-01
9.243409278428086e-04	4.745377e-01	1.210211e-01
9.244711629755144e-04	4.711707e-01	1.395777e-01
9.246079241106461e-04	4.675779e-01	1.596953e-01
9.247420465118664e-04	4.644074e-01	1.770972e-01
9.248725285200006e-04	4.622458e-01	1.898967e-01
9.249691127837179e-04	4.611249e-01	1.950136e-01
9.250689073900607e-04	4.602295e-01	1.967194e-01
9.251740000051163e-04	4.598838e-01	1.979128e-01
9.252441882645247e-04	4.599249e-01	1.989868e-01
9.253394679727532e-04	4.601589e-01	2.006189e-01
9.254370466057182e-04	4.606063e-01	2.023419e-01
9.256322038716482e-04	4.621220e-01	2.056038e-01
9.258472812473722e-04	4.646343e-01	2.079286e-01
9.261287962559892e-04	4.681972e-01	2.064523e-01
9.263953465831979e-04	4.733862e-01	2.019119e-01
9.266175901545745e-04	4.792001e-01	1.972604e-01
9.267607646346509e-04	4.829543e-01	1.944113e-01
9.269000617362631e-04	4.864970e-01	1.927225e-01
9.270508627154091e-04	4.903017e-01	1.926632e-01
9.272128173380863e-04	4.941786e-01	1.941434e-01
9.273496772416292e-04	4.972631e-01	1.961949e-01
9.274672570064347e-04	4.998811e-01	1.983815e-01
9.277063600921467e-04	5.051326e-01	2.028333e-01
9.279762877950013e-04	5.109489e-01	2.053282e-01
9.280633405227978e-04	5.128359e-01	2.041717e-01
9.281248258283294e-04	5.141457e-01	2.013511e-01
9.281921867199142e-04	5.155348e-01	1.960644e-01
9.282665886221690e-04	5.170901e-01	1.884295e-01
9.283379967221741e-04	5.184998e-01	1.795767e-01
9.284350673550724e-04	5.201663e-01	1.659413e-01
9.285775774430506e-04	5.226138e-01	1.458306e-01
9.287433286199351e-04	5.256436e-01	1.268599e-01
9.289506807514246e-04	5.303438e-01	1.152886e-01
9.291387140552547e-04	5.322609e-01	1.132803e-01
9.293118992346450e-04	5.304112e-01	1.131434e-01
9.294158620000454e-04	5.286047e-01	1.133606e-01
9.295256328529514e-04	5.265400e-01	1.140554e-01
9.296527216022547e-04	5.242420e-01	1.153233e-01
9.297980817267300e-04	5.219286e-01	1.171756e-01
9.299451892381450e-04	5.194841e-01	1.190017e-01
9.300562204845999e-04	5.174658e-01	1.218864e-01
9.301508061443134e-04	5.156292e-01	1.280646e-01
9.302415523430341e-04	5.137379e-01	1.380036e-01
9.303254313133986e-04	5.119501e-01	1.499946e-01
9.304331169471692e-04	5.095922e-01	1.676393e-01
9.305591399568436e-04	5.066861e-01	1.889106e-01
9.306728681597587e-04	5.044606e-01	2.074886e-01
9.307488541300463e-04	5.033094e-01	2.184990e-01
9.308276803353665e-04	5.022919e-01	2.274405e-01
9.309187749821326e-04	5.015824e-01	2.347790e-01
9.309786799645736e-04	5.013064e-01	2.371917e-01
9.310535327060508e-04	5.010900e-01	2.374798e-01
9.311823291686549e-04	5.016033e-01	2.359557e-01
9.313691916547142e-04	5.030187e-01	2.314525e-01
9.315799035260301e-04	5.056848e-01	2.253204e-01
9.318086614161341e-04	5.091862e-01	2.193782e-01
9.320287187177987e-04	5.143377e-01	2.156775e-01
9.321643912938761e-04	5.176324e-01	2.108538e-01
9.322572876655216e-04	5.198516e-01	2.043974e-01
9.323467121407965e-04	5.219214e-01	1.958267e-01
9.324722592436657e-04	5.248373e-01	1.822223e-01
9.326064293735299e-04	5.279739e-01	1.679821e-01
9.327857904309934e-04	5.319773e-01	1.531826e-01
9.329893488668787e-04	5.360947e-01	1.450283e-01
9.332027606672480e-04	5.403641e-01	1.443528e-01
9.333958584940406e-04	5.419142e-01	1.440133e-01
9.336163318020700e-04	5.404934e-01	1.413750e-01
9.338469897844336e-04	5.374774e-01	1.384473e-01
9.339942420985636e-04	5.361103e-01	1.378796e-01
9.341312701847819e-04	5.348972e-01	1.372882e-01
9.342881530142709e-04	5.332174e-01	1.353678e-01
9.344275271331349e-04	5.314867e-01	1.327505e-01
9.345885473405752e-04	5.291973e-01	1.293464e-01
9.347609390735053e-04	5.265745e-01	1.264079e-01
9.349570805809683e-04	5.233169e-01	1.253708e-01
9.351132734695943e-04	5.204865e-01	1.285426e-01
9.352352771882964e-04	5.181859e-01	1.355772e-01
9.353612751153401e-04	5.157137e-01	1.466359e-01
9.355059888580959e-04	5.126257e-01	1.611006e-01
9.356386752595769e-04	5.098354e-01	1.742048e-01
9.357629347946150e-04	5.076657e-01	1.850598e-01
9.358634504787067e-04	5.062214e-01	1.914307e-01
9.359724674188397e-04	5.049346e-01	1.949544e-01
9.360897516186090e-04	5.042008e-01	1.964242e-01
9.361637334096866e-04	5.039768e-01	1.968900e-01
9.362709370401129e-04	5.040022e-01	1.976930e-01
9.364584419391752e-04	5.043662e-01	1.990108e-01
9.366288528708977e-04	5.050599e-01	1.999957e-01
9.368629334670457e-04	5.069510e-01	2.015653e-01
9.371534485184943e-04	5.104846e-01	2.060227e-01
9.373742806853670e-04	5.138282e-01	2.132883e-01
9.376035739114143e-04	5.172351e-01	2.228963e-01
9.377690933301914e-04	5.197750e-01	2.284494e-01
9.379875743295886e-04	5.238441e-01	2.307627e-01
9.382169079645827e-04	5.288862e-01	2.250213e-01
9.384448368079917e-04	5.354505e-01	2.131823e-01
9.385837407972511e-04	5.397500e-01	2.044601e-01
9.387289091082020e-04	5.438528e-01	1.959065e-01
9.388833105108220e-04	5.480590e-01	1.899939e-01
9.390477485666875e-04	5.519504e-01	1.858507e-01
9.391898780382096e-04	5.546070e-01	1.798111e-01
9.393420533129370e-04	5.570032e-01	1.688214e-01
9.394891854090912e-04	5.590021e-01	1.556900e-01
9.396707251331923e-04	5.623817e-01	1.416587e-01
9.398874217373108e-04	5.661118e-01	1.322752e-01
9.401125589135339e-04	5.659955e-01	1.309257e-01
9.403013215623034e-04	5.624285e-01	1.360788e-01
9.405162499041345e-04	5.584374e-01	1.482776e-01
9.406239274965275e-04	5.570911e-01	1.557558e-01
9.407449398131200e-04	5.551314e-01	1.629463e-01
9.408648741329504e-04	5.531182e-01	1.679247e-01
9.410005739630586e-04	5.510047e-01	1.711527e-01
9.411355350425951e-04	5.494195e-01	1.743040e-01
9.412462309983435e-04	5.483413e-01	1.784087e-01
9.413732516243634e-04	5.471784e-01	1.848168e-01
9.415408937631789e-04	5.457190e-01	1.940284e-01
9.417053219027800e-04	5.445305e-01	2.019275e-01
9.419268622144816e-04	5.435941e-01	2.070670e-01
9.421605987740268e-04	5.431696e-01	2.010540e-01
9.423845011629782e-04	5.444012e-01	1.845322e-01
9.425460361329324e-04	5.461875e-01	1.686644e-01
9.426789353141301e-04	5.475456e-01	1.556874e-01
9.428207581289392e-04	5.487520e-01	1.450285e-01
9.429594023583927e-04	5.497285e-01	1.398491e-01
9.431185716916303e-04	5.501209e-01	1.386068e-01
9.432948482366172e-04	5.489891e-01	1.379648e-01
9.434597601529511e-04	5.469230e-01	1.368665e-01
9.436431582737193e-04	5.446707e-01	1.362241e-01
9.438120433608580e-04	5.427080e-01	1.362742e-01
9.439868127307281e-04	5.404069e-01	1.375837e-01
9.441054509205814e-04	5.387049e-01	1.415768e-01
9.441883645753657e-04	5.374663e-01	1.480662e-01
9.442775397553438e-04	5.361751e-01	1.587642e-01
9.443902210460940e-04	5.343370e-01	1.750309e-01
9.444983756791499e-04	5.323935e-01	1.919344e-01
9.445924731476115e-04	5.308676e-01	2.068699e-01
9.446728034866816e-04	5.297574e-01	2.187709e-01
9.447743922961742e-04	5.287547e-01	2.319442e-01
9.448492922931364e-04	5.282801e-01	2.394097e-01
9.449403019778809e-04	5.278611e-01	2.437074e-01
9.451223213473698e-04	5.281626e-01	2.425923e-01
9.453459426508321e-04	5.300752e-01	2.327446e-01
9.455624802832663e-04	5.331739e-01	2.190969e-01
9.457081597217263e-04	5.359854e-01	2.102103e-01
9.458298573592617e-04	5.386501e-01	2.046844e-01
9.459497123911308e-04	5.413100e-01	2.020256e-01
9.460771574037606e-04	5.441541e-01	2.026563e-01
9.462220853625573e-04	5.469905e-01	2.061796e-01
9.463188686478261e-04	5.487515e-01	2.098264e-01
9.464188664294211e-04	5.506563e-01	2.145638e-01
9.465183070797140e-04	5.525632e-01	2.195948e-01
9.466364530933189e-04	5.548018e-01	2.253665e-01
9.467525125770998e-04	5.569765e-01	2.301685e-01
9.468822283027824e-04	5.594471e-01	2.336962e-01
9.470282686160452e-04	5.622673e-01	2.341836e-01
9.471893112604981e-04	5.655451e-01	2.298367e-01
9.473603285850764e-04	5.696928e-01	2.213287e-01
9.474864316257154e-04	5.729581e-01	2.134711e-01
9.476164893320089e-04	5.761281e-01	2.050119e-01
9.477645653877639e-04	5.796579e-01	1.971953e-01
9.479400135537847e-04	5.836762e-01	1.925923e-01
9.481036860420653e-04	5.874585e-01	1.956995e-01
9.483143851728401e-04	5.913178e-01	2.084259e-01
9.484782870500103e-04	5.929770e-01	2.215982e-01
9.486007523595387e-04	5.940516e-01	2.322860e-01
9.487274207561273e-04	5.952684e-01	2.423005e-01
9.488495154732880e-04	5.966053e-01	2.495702e-01
9.489590577281973e-04	5.980478e-01	2.529059e-01
9.490699984590885e-04	5.994829e-01	2.517632e-01
9.492099954086757e-04	6.014118e-01	2.445030e-01
9.493817207388417e-04	6.051292e-01	2.314246e-01
9.495058194607421e-04	6.082783e-01	2.203471e-01
9.496337446282722e-04	6.112344e-01	2.085230e-01
9.497614993193726e-04	6.141023e-01	1.985886e-01
9.498961523326998e-04	6.169339e-01	1.920175e-01
9.500355294774586e-04	6.196825e-01	1.907177e-01
9.502031702419633e-04	6.230397e-01	1.955078e-01
9.504047427346306e-04	6.257983e-01	2.048642e-01
9.505874330333952e-04	6.260603e-01	2.130255e-01
9.507235829088386e-04	6.260799e-01	2.186482e-01
9.508607936942139e-04	6.264660e-01	2.229827e-01
9.509914987892258e-04	6.271637e-01	2.250216e-01
9.510993352686248e-04	6.279294e-01	2.247082e-01
9.512064390499497e-04	6.286647e-01	2.225398e-01
9.513303333603157e-04	6.296615e-01	2.187165e-01
9.514460303993146e-04	6.306977e-01	2.144203e-01
9.515670548282538e-04	6.317776e-01	2.096347e-01
9.516847119316308e-04	6.328130e-01	2.053071e-01
9.518001885886182e-04	6.337777e-01	2.019246e-01
9.519157589067253e-04	6.347142e-01	2.000003e-01
9.520690878272092e-04	6.356289e-01	1.983858e-01
9.521909346778316e-04	6.359885e-01	1.959399e-01
9.523360754336958e-04	6.362848e-01	1.911706e-01
9.524730561849710e-04	6.364252e-01	1.857134e-01
9.526887025821395e-04	6.365440e-01	1.777015e-01
9.528881549495451e-04	6.364576e-01	1.735615e-01
9.531256469763535e-04	6.352445e-01	1.738407e-01
9.533504042841425e-04	6.327198e-01	1.777009e-01
9.534920886890436e-04	6.309786e-01	1.816594e-01
9.536299861410143e-04	6.292865e-01	1.858562e-01
9.537664680121159e-04	6.275732e-01	1.893409e-01
9.539216242293495e-04	6.257231e-01	1.922177e-01
9.540704047526054e-04	6.243150e-01	1.958084e-01
9.541619966825038e-04	6.236496e-01	2.010200e-01
9.542738321577032e-04	6.228426e-01	2.116732e-01
9.543835413337733e-04	6.220358e-01	2.248407e-01
9.545249349933352e-04	6.210904e-01	2.433754e-01
9.546947618563662e-04	6.203554e-01	2.635990e-01
9.548912426189686e-04	6.204857e-01	2.777104e-01
9.551239773192309e-04	6.216566e-01	2.740323e-01
9.554253944496884e-04	6.252503e-01	2.456599e-01
9.556002743114442e-04	6.310528e-01	2.259290e-01
9.557118039353125e-04	6.343428e-01	2.131738e-01
9.558314163621985e-04	6.372434e-01	2.024267e-01
9.559512751222280e-04	6.399590e-01	1.966781e-01
9.560767703501253e-04	6.424076e-01	1.953124e-01
9.562045676301465e-04	6.444889e-01	1.959836e-01
9.563556444992106e-04	6.468093e-01	1.975754e-01
9.565139051659281e-04	6.494812e-01	2.001346e-01
9.568304264993632e-04	6.505590e-01	2.016949e-01
9.570108333901744e-04	6.494830e-01	2.007660e-01
9.571449166642584e-04	6.493714e-01	2.003628e-01
9.572966940774550e-04	6.491892e-01	1.993537e-01
9.574688963229867e-04	6.490521e-01	1.979948e-01
9.576410564000918e-04	6.489148e-01	1.966992e-01
9.577812698332857e-04	6.486183e-01	1.958200e-01
9.579270985502447e-04	6.481696e-01	1.957617e-01
9.580857778397231e-04	6.475370e-01	1.980557e-01
9.581765812581679e-04	6.471604e-01	2.020705e-01
9.582711385448382e-04	6.467871e-01	2.091432e-01
9.583784573739224e-04	6.462683e-01	2.190383e-01
9.584831838595019e-04	6.457517e-01	2.296321e-01
9.586499043901151e-04	6.450533e-01	2.458925e-01
9.588171048503570e-04	6.446150e-01	2.579614e-01
9.590126948618074e-04	6.452618e-01	2.655424e-01
9.592301620494216e-04	6.479048e-01	2.709721e-01
9.594035336033611e-04	6.505767e-01	2.756248e-01
9.596023401942257e-04	6.535483e-01	2.807653e-01
9.598399577397995e-04	6.584968e-01	2.849865e-01
9.600995669445782e-04	6.652340e-01	2.816626e-01
9.602811291364025e-04	6.705650e-01	2.692016e-01
9.604506583718405e-04	6.763094e-01	2.502035e-01
9.605683559351448e-04	6.803552e-01	2.355685e-01
9.607120092122149e-04	6.847828e-01	2.193685e-01
9.608872681537533e-04	6.897779e-01	2.063985e-01
9.610491137940140e-04	6.937757e-01	2.024079e-01
9.612562995389272e-04	6.974276e-01	2.030701e-01
9.614472089375039e-04	7.001516e-01	2.052823e-01
9.616494116016314e-04	7.041357e-01	2.097610e-01
9.619257550835075e-04	7.023274e-01	2.099139e-01
9.622069299546427e-04	6.987025e-01	2.108103e-01
9.623353321873885e-04	6.987672e-01	2.149394e-01
9.624493664682118e-04	6.983492e-01	2.194892e-01
9.625772711100529e-04	6.976821e-01	2.246612e-01
9.626949288535061e-04	6.970662e-01	2.290604e-01
9.628100781070715e-04	6.963815e-01	2.321797e-01
9.629865918966879e-04	6.955335e-01	2.339312e-01
9.631235314675573e-04	6.949864e-01	2.306379e-01
9.632760212553917e-04	6.945664e-01	2.207387e-01
9.634200805963584e-04	6.946118e-01	2.076597e-01
9.635511475682370e-04	6.947769e-01	1.944648e-01
9.636910861205317e-04	6.948709e-01	1.814774e-01
9.638461216878926e-04	6.947422e-01	1.712859e-01
9.640041873960668e-04	6.939865e-01	1.674272e-01
9.641843045618318e-04	6.917436e-01	1.695579e-01
9.643670197694870e-04	6.885122e-01	1.757509e-01
9.645219584775722e-04	6.853233e-01	1.824956e-01
9.646674689044144e-04	6.822202e-01	1.888859e-01
9.648151921972526e-04	6.790760e-01	1.940853e-01
9.649550484070631e-04	6.762370e-01	1.969743e-01
9.650884781322076e-04	6.737819e-01	1.981613e-01
9.652153828408313e-04	6.716624e-01	1.989208e-01
9.654930785230262e-04	6.674380e-01	2.009768e-01
9.656787476505609e-04	6.648303e-01	2.022557e-01
9.658594769420523e-04	6.624761e-01	2.031724e-01
9.660304230121520e-04	6.604100e-01	2.028297e-01
9.661753665036796e-04	6.587581e-01	2.001364e-01
9.663127494938534e-04	6.573658e-01	1.950751e-01
9.664493448127458e-04	6.561572e-01	1.885564e-01
9.665925486934694e-04	6.549805e-01	1.814069e-01
9.667365704161831e-04	6.537401e-01	1.751101e-01
9.668810238501834e-04	6.524060e-01	1.713138e-01
9.670488339253147e-04	6.505450e-01	1.722548e-01
9.671817098849757e-04	6.489803e-01	1.799997e-01
9.673343113010779e-04	6.467096e-01	1.961485e-01
9.674615768113234e-04	6.443725e-01	2.126714e-01
9.675942052723933e-04	6.420338e-01	2.306310e-01
9.677451437160329e-04	6.398031e-01	2.485647e-01
9.678886220487268e-04	6.383543e-01	2.596438e-01
9.680661009619747e-04	6.384779e-01	2.670147e-01
9.682336161682681e-04	6.397322e-01	2.731016e-01
9.684321898918971e-04	6.421901e-01	2.826776e-01
9.686147028736264e-04	6.444370e-01	2.909959e-01
9.688834913761270e-04	6.481190e-01	2.967318e-01
9.691397804339993e-04	6.549063e-01	2.903080e-01
9.693302780605483e-04	6.611166e-01	2.711169e-01
9.695154680040714e-04	6.684106e-01	2.436891e-01
9.696350883975520e-04	6.732118e-01	2.255336e-01
9.697761370481198e-04	6.780494e-01	2.072918e-01
9.699180103745418e-04	6.823937e-01	1.963350e-01
9.700625899277043e-04	6.862589e-01	1.947685e-01
9.702450270456523e-04	6.904273e-01	2.024269e-01
9.704563565301087e-04	6.937072e-01	2.164249e-01
9.706392893843419e-04	6.956938e-01	2.296524e-01
9.707825044499453e-04	6.957779e-01	2.374561e-01
9.709117888180279e-04	6.953118e-01	2.412862e-01
9.710419871069028e-04	6.951152e-01	2.431430e-01
9.711606912452532e-04	6.955691e-01	2.456471e-01
9.712703497466153e-04	6.963003e-01	2.497048e-01
9.713844923790805e-04	6.971003e-01	2.551638e-01
9.715077372470900e-04	6.980172e-01	2.616426e-01
9.716420110348796e-04	6.991207e-01	2.684282e-01
9.717996245489207e-04	7.005712e-01	2.743396e-01
9.720185787425650e-04	7.028976e-01	2.777353e-01
9.722706598394767e-04	7.066976e-01	2.775963e-01
9.724219766873329e-04	7.097189e-01	2.765729e-01
9.726076622903936e-04	7.136415e-01	2.748214e-01
9.728202604114964e-04	7.185074e-01	2.734275e-01
9.730006528331715e-04	7.227158e-01	2.732208e-01
9.732902301652751e-04	7.294494e-01	2.764001e-01
9.734086541524260e-04	7.321839e-01	2.786888e-01
9.737038716904948e-04	7.389881e-01	2.845864e-01
9.740792907289396e-04	7.476495e-01	2.873323e-01
9.742594841584797e-04	7.520273e-01	2.860720e-01
9.744075549930244e-04	7.557477e-01	2.842098e-01
9.745363088911885e-04	7.589658e-01	2.822646e-01
9.746650636958258e-04	7.621229e-01	2.804315e-01
9.748434304990951e-04	7.664362e-01	2.787106e-01
9.751510094778581e-04	7.733067e-01	2.760191e-01
9.752783053676988e-04	7.758750e-01	2.730256e-01
9.754140041363711e-04	7.784769e-01	2.686058e-01
9.755831126057647e-04	7.815731e-01	2.627854e-01
9.757848254823326e-04	7.851537e-01	2.575283e-01
9.760055250097521e-04	7.890134e-01	2.564405e-01
9.762381027807762e-04	7.927389e-01	2.614636e-01
9.764551850696421e-04	7.937530e-01	2.682603e-01
9.765924643503981e-04	7.940146e-01	2.732530e-01
9.767328480082048e-04	7.946665e-01	2.783300e-01
9.768672615117094e-04	7.954492e-01	2.819445e-01
9.769904115277108e-04	7.963128e-01	2.833190e-01
9.771131677374133e-04	7.972035e-01	2.819783e-01
9.772481492203685e-04	7.983060e-01	2.776256e-01
9.773863266067536e-04	7.997174e-01	2.712436e-01
9.775040689269940e-04	8.010073e-01	2.649675e-01
9.776233841661227e-04	8.022480e-01	2.585835e-01
9.777549628147860e-04	8.035944e-01	2.526575e-01
9.778892431204847e-04	8.048939e-01	2.489424e-01
9.780424550529239e-04	8.061653e-01	2.477515e-01
9.782161018536081e-04	8.068596e-01	2.479867e-01
9.783699011584692e-04	8.069140e-01	2.484450e-01
9.785446332013740e-04	8.067371e-01	2.491471e-01
9.787200635326277e-04	8.063369e-01	2.498258e-01
9.789258375423869e-04	8.058238e-01	2.507242e-01
9.791148496062839e-04	8.054388e-01	2.522404e-01
9.792308380999792e-04	8.051637e-01	2.540667e-01
9.793539141819429e-04	8.047770e-01	2.568843e-01
9.794866021284230e-04	8.042999e-01	2.603317e-01
9.796129200232830e-04	8.038294e-01	2.635148e-01
9.798119126888337e-04	8.031666e-01	2.673995e-01
9.800077916000374e-04	8.027980e-01	2.684029e-01
9.801342381810709e-04	8.026858e-01	2.649384e-01
9.802451368025016e-04	8.026211e-01	2.574435e-01
9.803583426224631e-04	8.026259e-01	2.465514e-01
9.804859289658532e-04	8.027797e-01	2.325463e-01
9.806179347671656e-04	8.030470e-01	2.184311e-01
9.807881584737708e-04	8.031937e-01	2.037693e-01
9.809458019091389e-04	8.028840e-01	1.967731e-01
9.811299227908692e-04	8.007954e-01	1.956878e-01
9.813207293376757e-04	7.972366e-01	1.984442e-01
9.814949588156602e-04	7.934674e-01	2.025103e-01
9.816826277529792e-04	7.890700e-01	2.071349e-01
9.818489370178190e-04	7.849571e-01	2.102057e-01
9.820137010929455e-04	7.808546e-01	2.114764e-01
9.821763780928181e-04	7.771313e-01	2.113229e-01
9.823266610945911e-04	7.736887e-01	2.097735e-01
9.824904848419989e-04	7.698367e-01	2.071463e-01
9.826010502701620e-04	7.672698e-01	2.053483e-01
9.827277138375213e-04	7.643608e-01	2.035314e-01
9.829107921188280e-04	7.601316e-01	2.018957e-01
9.829982832623479e-04	7.580934e-01	2.021194e-01
9.830588169991300e-04	7.566935e-01	2.037368e-01
9.831120038078141e-04	7.554768e-01	2.070922e-01
9.831605258006956e-04	7.543731e-01	2.118121e-01
9.832092671066286e-04	7.532588e-01	2.178936e-01
9.832564503649281e-04	7.522163e-01	2.249442e-01
9.833162129767173e-04	7.510136e-01	2.353400e-01
9.834113091165345e-04	7.490843e-01	2.536351e-01
9.835495664205270e-04	7.458963e-01	2.806633e-01
9.836955321444268e-04	7.427834e-01	3.064341e-01
9.838587212144233e-04	7.409237e-01	3.271110e-01
9.840309604676448e-04	7.414147e-01	3.323469e-01
9.842652225525560e-04	7.423402e-01	3.109661e-01
9.844462699245471e-04	7.431043e-01	2.790977e-01
9.846143448056217e-04	7.466191e-01	2.466344e-01
9.847104053059693e-04	7.492025e-01	2.300201e-01
9.848172663225430e-04	7.513168e-01	2.150817e-01
9.849278484342738e-04	7.533467e-01	2.059987e-01
9.850418595391815e-04	7.552745e-01	2.038008e-01
9.851567745148419e-04	7.570039e-01	2.066904e-01
9.853117512606433e-04	7.588820e-01	2.142714e-01
9.854883585617060e-04	7.587043e-01	2.232747e-01
9.856494796060056e-04	7.569039e-01	2.306578e-01
9.857772588833249e-04	7.555961e-01	2.358952e-01
9.858957755118389e-04	7.547218e-01	2.393751e-01
9.860134632582041e-04	7.541000e-01	2.412167e-01
9.861278664963205e-04	7.537712e-01	2.424424e-01
9.862206492416879e-04	7.535289e-01	2.435939e-01
9.863243544593568e-04	7.531717e-01	2.451162e-01
9.864317406547891e-04	7.528266e-01	2.468884e-01
9.865427061486181e-04	7.524900e-01	2.487534e-01
9.866797684174370e-04	7.521386e-01	2.508204e-01
9.868725905595105e-04	7.517855e-01	2.528068e-01
9.870499741743014e-04	7.516221e-01	2.524145e-01
9.871974808392170e-04	7.515664e-01	2.485582e-01
9.873529004451923e-04	7.517982e-01	2.411291e-01
9.874780826294926e-04	7.521621e-01	2.337676e-01
9.876077625068224e-04	7.525070e-01	2.259606e-01
9.877654143885292e-04	7.528704e-01	2.180593e-01
9.879159461429669e-04	7.531715e-01	2.144393e-01
9.880951876482800e-04	7.531954e-01	2.182760e-01
9.882684720042138e-04	7.524134e-01	2.314811e-01
9.884418652390259e-04	7.505348e-01	2.513194e-01
9.885692734942502e-04	7.490379e-01	2.676788e-01
9.886898352890298e-04	7.481127e-01	2.825725e-01
9.888135870195888e-04	7.475190e-01	2.943072e-01
9.889675761650678e-04	7.473193e-01	3.020018e-01
9.891814552470725e-04	7.491525e-01	3.070357e-01
9.893394534175265e-04	7.513873e-01	3.103052e-01
9.895429731933119e-04	7.541611e-01	3.142964e-01
9.897672045531742e-04	7.582256e-01	3.177944e-01
9.900671641285593e-04	7.665313e-01	3.227093e-01
9.902922914249200e-04	7.741424e-01	3.283677e-01
9.905350847131270e-04	7.827779e-01	3.363508e-01
9.907460621510183e-04	7.905747e-01	3.425502e-01
9.909752200310787e-04	7.995843e-01	3.452918e-01
9.911417501978596e-04	8.063748e-01	3.407831e-01
9.913139692198389e-04	8.137054e-01	3.282299e-01
9.914754074714586e-04	8.208458e-01	3.121182e-01
9.916406034478850e-04	8.280791e-01	2.951178e-01
9.917919012259724e-04	8.342929e-01	2.829018e-01
9.919711610015599e-04	8.407598e-01	2.744814e-01
9.921614132006704e-04	8.461684e-01	2.675676e-01
9.923052447866226e-04	8.492089e-01	2.590300e-01
9.924808784904900e-04	8.521282e-01	2.446868e-01
9.926751517985643e-04	8.544007e-01	2.292296e-01
9.928951970550866e-04	8.579027e-01	2.202219e-01
9.931053417191246e-04	8.640337e-01	2.273777e-01
9.933258627417565e-04	8.611294e-01	2.396041e-01
9.934786490050473e-04	8.549350e-01	2.499070e-01
9.935937015929023e-04	8.512127e-01	2.600758e-01
9.937118876310253e-04	8.495936e-01	2.720670e-01
9.937923989100813e-04	8.486896e-01	2.791043e-01
9.938796884612249e-04	8.472491e-01	2.839765e-01
9.939919807314599e-04	8.454801e-01	2.867995e-01
9.941348159034843e-04	8.440379e-01	2.877559e-01
9.942768232486120e-04	8.433643e-01	2.879424e-01
9.944365001203338e-04	8.429861e-01	2.877929e-01
9.945987339468722e-04	8.425700e-01	2.871210e-01
9.947619507223585e-04	8.424398e-01	2.865504e-01
9.949776976835398e-04	8.425651e-01	2.852456e-01
9.951367820124181e-04	8.427639e-01	2.815522e-01
9.952486039387768e-04	8.430293e-01	2.756290e-01
9.953492889587970e-04	8.433115e-01	2.677257e-01
9.954682139153648e-04	8.437161e-01	2.569898e-01
9.955937505986409e-04	8.442317e-01	2.457925e-01
9.957678497902666e-04	8.449472e-01	2.331653e-01
9.959412364597092e-04	8.454927e-01	2.279635e-01
9.961269588476560e-04	8.453199e-01	2.359217e-01
9.963071643454044e-04	8.432576e-01	2.573964e-01
9.964561926957879e-04	8.405674e-01	2.828531e-01
9.965760007832436e-04	8.385825e-01	3.055575e-01
9.966876470580452e-04	8.371485e-01	3.255710e-01
9.968017766513830e-04	8.362033e-01	3.418358e-01
9.969420272530223e-04	8.359027e-01	3.520815e-01
9.971392266581191e-04	8.368007e-01	3.490435e-01
9.973863384063731e-04	8.385731e-01	3.273889e-01
9.975862176646165e-04	8.424821e-01	3.052223e-01
9.977094836177759e-04	8.460071e-01	2.926692e-01
9.978228864709012e-04	8.487075e-01	2.833503e-01
9.979384366056983e-04	8.512774e-01	2.780405e-01
9.980528238984375e-04	8.536552e-01	2.773542e-01
9.981783058508025e-04	8.559109e-01	2.801531e-01
9.982984466691081e-04	8.579305e-01	2.850580e-01
9.984553166305591e-04	8.601532e-01	2.929446e-01
9.985937154238388e-04	8.615937e-01	2.999076e-01
9.987250474181978e-04	8.628963e-01	3.058881e-01
9.988565125240167e-04	8.640743e-01	3.100760e-01
9.989941137030208e-04	8.654493e-01	3.117551e-01
9.990925293497806e-04	8.665806e-01	3.100494e-01
9.991790811036474e-04	8.675938e-01	3.054902e-01
9.992669004406792e-04	8.686632e-01	2.984051e-01
9.993531045680232e-04	8.697172e-01	2.897285e-01
9.994519638869671e-04	8.708239e-01	2.784713e-01
9.995831688273291e-04	8.724210e-01	2.635924e-01
9.997402600410463e-04	8.746548e-01	2.487541e-01
9.999009220324933e-04	8.765957e-01	2.396028e-01
1.000069496560519e-03	8.779522e-01	2.377963e-01
1.000255471193513e-03	8.775490e-01	2.406651e-01
1.000438828263689e-03	8.750942e-01	2.447569e-01
1.000641151512680e-03	8.718339e-01	2.501256e-01
1.000776702913271e-03	8.702283e-01	2.540212e-01
1.000907108351125e-03	8.685210e-01	2.565072e-01
1.001047638748936e-03	8.667742e-01	2.583042e-01
1.001123458202091e-03	8.658624e-01	2.595384e-01
1.001194731330522e-03	8.649201e-01	2.612379e-01
1.001268601086673e-03	8.639520e-01	2.635620e-01
1.001364886768071e-03	8.627076e-01	2.671581e-01
1.001474743913963e-03	8.613206e-01	2.716219e-01
1.001638248659202e-03	8.592856e-01	2.778742e-01
1.001844448232062e-03	8.569493e-01	2.836903e-01
1.002066974554506e-03	8.556427e-01	2.899783e-01
1.002202326566094e-03	8.555634e-01	2.980115e-01
1.002372582600337e-03	8.554608e-01	3.142774e-01
1.002526491491157e-03	8.553739e-01	3.311896e-01
1.002727817214577e-03	8.563106e-01	3.518070e-01
1.002920476136371e-03	8.573629e-01	3.609378e-01
1.003201204474619e-03	8.595077e-01	3.522925e-01
1.003425623548540e-03	8.660940e-01	3.354324e-01
1.003583232730499e-03	8.717951e-01	3.196280e-01
1.003693572097612e-03	8.754613e-01	3.085509e-01
1.003802475636513e-03	8.788150e-01	3.000352e-01
1.003955202310640e-03	8.832722e-01	2.937866e-01
1.004094281975682e-03	8.869304e-01	2.936935e-01
1.004234582255015e-03	8.902137e-01	2.978572e-01
1.004390774804662e-03	8.933845e-01	3.048930e-01
1.004550660135513e-03	8.959899e-01	3.128232e-01
1.004688374180559e-03	8.979455e-01	3.192173e-01
1.004826625163043e-03	8.998476e-01	3.241903e-01
1.004959847711388e-03	9.015304e-01	3.261121e-01
1.005126670956919e-03	9.038018e-01	3.241446e-01
1.005250746446181e-03	9.058197e-01	3.197031e-01
1.005347656631509e-03	9.073635e-01	3.142839e-01
1.005462016577856e-03	9.091433e-01	3.067669e-01
1.005571934788311e-03	9.107784e-01	2.994226e-01
1.005740607992381e-03	9.132381e-01	2.898789e-01
1.005918330936042e-03	9.163097e-01	2.843978e-01
1.006122525197826e-03	9.186201e-01	2.803823e-01
1.006278101477599e-03	9.190034e-01	2.748716e-01
1.006447917417890e-03	9.191193e-01	2.663895e-01
1.006634960394540e-03	9.189568e-01	2.569881e-01
1.006848359528030e-03	9.183757e-01	2.500315e-01
1.007093065078723e-03	9.163239e-01	2.491142e-01
1.007340466619058e-03	9.128210e-01	2.547904e-01
1.007497134304500e-03	9.100907e-01	2.607203e-01
1.007633165746000e-03	9.075556e-01	2.662714e-01
1.007766915407139e-03	9.050121e-01	2.708440e-01
1.007919780171130e-03	9.022344e-01	2.742791e-01
1.008058682318138e-03	9.000535e-01	2.764108e-01
1.008174309135747e-03	8.984603e-01	2.788393e-01
1.008299663183809e-03	8.968244e-01	2.829005e-01
1.008428722733597e-03	8.952315e-01	2.880524e-01
1.008605122931870e-03	8.931645e-01	2.951056e-01
1.008820489930724e-03	8.910046e-01	3.015267e-01
1.009048507220923e-03	8.897325e-01	3.050482e-01
1.009298954976802e-03	8.894733e-01	3.068512e-01
1.009490829343966e-03	8.899011e-01	3.080552e-01
1.009714899342591e-03	8.907558e-01	3.091595e-01
1.010037217209697e-03	8.923632e-01	3.087485e-01
1.010222252398791e-03	8.934263e-01	3.052452e-01
1.010402738064056e-03	8.948858e-01	2.986759e-01
1.010541785058708e-03	8.962160e-01	2.926864e-01
1.010685302925424e-03	8.975602e-01	2.868722e-01
1.010850810370809e-03	8.990354e-01	2.821896e-01
1.011006292969724e-03	9.001579e-01	2.800309e-01
1.011189173054048e-03	9.007695e-01	2.780204e-01
1.011329820337396e-03	9.007921e-01	2.754207e-01
1.011493560180981e-03	9.007293e-01	2.716908e-01
1.011696224863177e-03	9.004668e-01	2.675424e-01
1.011914859960736e-03	8.998496e-01	2.650436e-01
1.012053790902520e-03	8.992338e-01	2.672822e-01
1.012161128860331e-03	8.987721e-01	2.751128e-01
1.012279252300972e-03	8.980808e-01	2.904458e-01
1.012394144481873e-03	8.970999e-01	3.094706e-01
1.012524145040380e-03	8.958643e-01	3.330746e-01
1.012661087932535e-03	8.947910e-01	3.566749e-01
1.012817882472976e-03	8.946570e-01	3.777633e-01
1.012985169647384e-03	8.959634e-01	3.865231e-01
1.013259185844471e-03	8.974904e-01	3.733513e-01
1.013476134295930e-03	9.023833e-01	3.532409e-01
1.013633926660084e-03	9.080604e-01	3.370458e-01
1.013740112971610e-03	9.116269e-01	3.268734e-01
1.013844078855342e-03	9.148467e-01	3.195770e-01
1.013978131562877e-03	9.188587e-01	3.154082e-01
1.014101811610542e-03	9.223161e-01	3.168978e-01
1.014225858664012e-03	9.254850e-01	3.228851e-01
1.014349596087939e-03	9.283323e-01	3.316788e-01
1.014467884200222e-03	9.308775e-01	3.415802e-01
1.014589629254214e-03	9.333813e-01	3.520401e-01
1.014708382774904e-03	9.357604e-01	3.612328e-01
1.014832867328612e-03	9.383043e-01	3.686703e-01
1.014942737335342e-03	9.406569e-01	3.721571e-01
1.015056437919733e-03	9.431747e-01	3.707652e-01
1.015183678487902e-03	9.460324e-01	3.619875e-01
1.015327994941759e-03	9.499400e-01	3.454764e-01
1.015446766527802e-03	9.535094e-01	3.286520e-01
1.015568535237800e-03	9.569291e-01	3.101768e-01
1.015706604491599e-03	9.605705e-01	2.914097e-01
1.015864858939215e-03	9.643127e-01	2.767807e-01
1.016028052479939e-03	9.677587e-01	2.740661e-01
1.016229830302910e-03	9.727540e-01	2.893928e-01
1.016467199832966e-03	9.757869e-01	3.190639e-01
1.016619442535968e-03	9.726991e-01	3.362780e-01
1.016739153741518e-03	9.709363e-01	3.490443e-01
1.016867416883340e-03	9.703646e-01	3.600397e-01
1.016954928246618e-03	9.706523e-01	3.646203e-01
1.017043199995107e-03	9.711642e-01	3.665199e-01
1.017127301346418e-03	9.717346e-01	3.677910e-01
1.017252743365261e-03	9.729163e-01	3.706941e-01
1.017391461719003e-03	9.748314e-01	3.751257e-01
1.017555412007137e-03	9.770950e-01	3.803543e-01
1.017732643847179e-03	9.798485e-01	3.847671e-01
1.017987597017793e-03	9.852490e-01	3.869589e-01
1.018237151171788e-03	9.916562e-01	3.814456e-01
1.018501420001076e-03	1.000193e+00	3.693908e-01
1.018652234493549e-03	1.005454e+00	3.616873e-01
1.018805174132455e-03	1.010385e+00	3.552260e-01
1.018966466015804e-03	1.015296e+00	3.512904e-01
1.019140450428828e-03	1.019874e+00	3.476386e-01
1.019276541428519e-03	1.022932e+00	3.425057e-01
1.019423802849913e-03	1.025941e+00	3.345209e-01
1.019609955775338e-03	1.029377e+00	3.239566e-01
1.019807362932196e-03	1.032698e+00	3.159799e-01
1.020056662354837e-03	1.037092e+00	3.130973e-01
1.020304750319630e-03	1.040124e+00	3.135169e-01
1.020526801077024e-03	1.037843e+00	3.105087e-01
1.020778155225464e-03	1.035016e+00	3.078525e-01
1.020906715673872e-03	1.034295e+00	3.078038e-01
1.021045027870835e-03	1.033223e+00	3.079764e-01
1.021199364936299e-03	1.032028e+00	3.084061e-01
1.021314474114940e-03	1.031025e+00	3.086661e-01
1.021433973096568e-03	1.029770e+00	3.087546e-01
1.021586352364207e-03	1.028090e+00	3.088348e-01
1.021730702119725e-03	1.026449e+00	3.089312e-01
1.021894452774308e-03	1.024546e+00	3.092022e-01
1.022077541733883e-03	1.022429e+00	3.102814e-01
1.022189956313583e-03	1.021140e+00	3.120256e-01
1.022292322293946e-03	1.019961e+00	3.146265e-01
1.022394400989260e-03	1.018804e+00	3.178272e-01
1.022532666075695e-03	1.017253e+00	3.224268e-01
1.022713098292714e-03	1.015261e+00	3.276747e-01
1.022915198176829e-03	1.013367e+00	3.314041e-01
1.023123950502216e-03	1.012022e+00	3.326641e-01
1.023335709776762e-03	1.011312e+00	3.324983e-01
1.023517528330047e-03	1.011004e+00	3.319224e-01
1.023716516438062e-03	1.010851e+00	3.312826e-01
1.023968652002612e-03	1.010755e+00	3.304807e-01
1.024104954975872e-03	1.010718e+00	3.292051e-01
1.024189585356596e-03	1.010718e+00	3.271561e-01
1.024285472268289e-03	1.010736e+00	3.234299e-01
1.024387455891041e-03	1.010785e+00	3.185748e-01
1.024506458927262e-03	1.010852e+00	3.124123e-01
1.024665209984654e-03	1.011010e+00	3.048314e-01
1.024842982937520e-03	1.011169e+00	2.990683e-01
1.025033434520103e-03	1.010784e+00	2.966717e-01
1.025220943365404e-03	1.009405e+00	2.964461e-01
1.025379001344616e-03	1.007758e+00	2.968420e-01
1.025560843936550e-03	1.005762e+00	2.976262e-01
1.025725540179123e-03	1.003925e+00	2.984490e-01
1.025906080138759e-03	1.001874e+00	2.994089e-01
1.026078870500178e-03	9.999093e-01	3.011108e-01
1.026172788556818e-03	9.988317e-01	3.033420e-01
1.026263660033172e-03	9.977545e-01	3.068845e-01
1.026352868844741e-03	9.966751e-01	3.111870e-01
1.026444619225198e-03	9.956072e-01	3.161539e-01
1.026602931616550e-03	9.937707e-01	3.246232e-01
1.026777318291722e-03	9.918113e-01	3.319311e-01
1.026983205858600e-03	9.901528e-01	3.356881e-01
1.027185611910869e-03	9.889858e-01	3.319248e-01
1.027446424295742e-03	9.891070e-01	3.203337e-01
1.027585997145004e-03	9.897172e-01	3.129331e-01
1.027715627803156e-03	9.900230e-01	3.061788e-01
1.027847928199698e-03	9.902587e-01	3.011788e-01
1.027976926450318e-03	9.904707e-01	2.999509e-01
1.028121151163637e-03	9.907129e-01	3.054014e-01
1.028278649749425e-03	9.904295e-01	3.192939e-01
1.028424104606024e-03	9.894717e-01	3.370604e-01
1.028556642526575e-03	9.885361e-01	3.550019e-01
1.028697650399227e-03	9.879644e-01	3.730142e-01
1.028831658492276e-03	9.880355e-01	3.857365e-01
1.028998863059545e-03	9.887593e-01	3.916061e-01
1.029236898393217e-03	9.910941e-01	3.866896e-01
1.029396610175264e-03	9.937470e-01	3.783032e-01
1.029533618745372e-03	9.969882e-01	3.696161e-01
1.029667949911960e-03	1.000352e+00	3.612370e-01
1.029793786443244e-03	1.003582e+00	3.548830e-01
1.029919027475328e-03	1.006810e+00	3.512875e-01
1.030067741771124e-03	1.010350e+00	3.498554e-01
1.030180651699764e-03	1.012775e+00	3.494794e-01
1.030291067389391e-03	1.015084e+00	3.491112e-01
1.030415710588193e-03	1.017693e+00	3.486755e-01
1.030635959404780e-03	1.021947e+00	3.478340e-01
1.030863807487531e-03	1.025717e+00	3.468946e-01
1.031076699810176e-03	1.028684e+00	3.445101e-01
1.031229456629360e-03	1.030450e+00	3.393486e-01
1.031378500626912e-03	1.031999e+00	3.308050e-01
1.031550341982147e-03	1.034096e+00	3.198885e-01
1.031729372687040e-03	1.036383e+00	3.103975e-01
1.031936001036437e-03	1.038109e+00	3.040001e-01
1.032156627852823e-03	1.037888e+00	3.005330e-01
1.032335944591980e-03	1.036217e+00	2.974359e-01
1.032544166481231e-03	1.033954e+00	2.934228e-01
1.032739960442203e-03	1.031821e+00	2.905377e-01
1.032933132476576e-03	1.029747e+00	2.898069e-01
1.033070582617059e-03	1.027988e+00	2.927477e-01
1.033183776416723e-03	1.026378e+00	3.005047e-01
1.033301926171718e-03	1.024569e+00	3.141337e-01
1.033437187276201e-03	1.022078e+00	3.332238e-01
1.033561221479316e-03	1.019599e+00	3.514732e-01
1.033719217314438e-03	1.016895e+00	3.725467e-01
1.033870591991346e-03	1.015218e+00	3.863949e-01
1.034048486691763e-03	1.015249e+00	3.947733e-01
1.034240688463707e-03	1.016843e+00	4.007000e-01
1.034456311759182e-03	1.018997e+00	4.075252e-01
1.034661534339663e-03	1.021021e+00	4.130286e-01
1.034899372839074e-03	1.025937e+00	4.165668e-01
1.035200036125809e-03	1.034571e+00	4.113045e-01
1.035480476927148e-03	1.045335e+00	3.980730e-01
1.035647687895030e-03	1.052397e+00	3.881586e-01
1.035785189393083e-03	1.057841e+00	3.810248e-01
1.035931834820295e-03	1.063369e+00	3.770365e-01
1.036084228034919e-03	1.068839e+00	3.783795e-01
1.036241886317517e-03	1.074020e+00	3.855091e-01
1.036389477499950e-03	1.078237e+00	3.957150e-01
1.036504977767003e-03	1.081366e+00	4.050740e-01
1.036623390165987e-03	1.084674e+00	4.147799e-01
1.036757885974835e-03	1.088366e+00	4.241625e-01
1.036885950445510e-03	1.091914e+00	4.302770e-01
1.036997490239569e-03	1.095178e+00	4.322340e-01
1.037113094953654e-03	1.098722e+00	4.303230e-01
1.037238081087174e-03	1.102660e+00	4.243782e-01
1.037392033459709e-03	1.108037e+00	4.141230e-01
1.037516345386139e-03	1.112648e+00	4.047997e-01
1.037641601297940e-03	1.117074e+00	3.954403e-01
1.037789195644210e-03	1.122133e+00	3.866853e-01
1.037946976350354e-03	1.127265e+00	3.817176e-01
1.038092127177941e-03	1.131688e+00	3.820248e-01
1.038290428407510e-03	1.136767e+00	3.867197e-01
1.038451971323754e-03	1.140198e+00	3.920361e-01
1.038631957510791e-03	1.143582e+00	3.984131e-01
1.038780401223936e-03	1.146012e+00	4.027178e-01
1.038912854047907e-03	1.148165e+00	4.050995e-01
1.039045707382582e-03	1.150234e+00	4.049775e-01
1.039205714192680e-03	1.152731e+00	4.013460e-01
1.039352412180610e-03	1.155263e+00	3.956445e-01
1.039476631050557e-03	1.157424e+00	3.896317e-01
1.039609238354459e-03	1.159553e+00	3.830393e-01
1.039775577641717e-03	1.162173e+00	3.765934e-01
1.039971523020954e-03	1.165254e+00	3.741586e-01
1.040149565085808e-03	1.168237e+00	3.802699e-01
1.040347067212093e-03	1.170298e+00	3.951894e-01
1.040501446444372e-03	1.170508e+00	4.096009e-01
1.040643571059837e-03	1.170822e+00	4.234666e-01
1.040772711314644e-03	1.171471e+00	4.342406e-01
1.040904134477198e-03	1.172629e+00	4.414914e-01
1.041028308033059e-03	1.173637e+00	4.434535e-01
1.041223189957242e-03	1.176469e+00	4.425411e-01
1.041393330362577e-03	1.180456e+00	4.412558e-01
1.041583895519712e-03	1.185247e+00	4.390562e-01
1.041796211171213e-03	1.191119e+00	4.371513e-01
1.041986286693031e-03	1.196656e+00	4.367483e-01
1.042203409426790e-03	1.202743e+00	4.374779e-01
1.042477528022787e-03	1.210572e+00	4.402747e-01
1.042763531935438e-03	1.218729e+00	4.432961e-01
1.043014600326745e-03	1.225799e+00	4.440493e-01
1.043116149189733e-03	1.228656e+00	4.394464e-01
1.043214773931090e-03	1.231286e+00	4.281186e-01
1.043283450333876e-03	1.233105e+00	4.176150e-01
1.043351218857203e-03	1.234806e+00	4.055687e-01
1.043443735080979e-03	1.236778e+00	3.873022e-01
1.043594500897969e-03	1.240018e+00	3.577222e-01
1.043741551711364e-03	1.242942e+00	3.337660e-01
1.043931168793984e-03	1.245139e+00	3.153985e-01
1.044106817783071e-03	1.249189e+00	3.176901e-01
1.044357092568668e-03	1.255176e+00	3.405242e-01
1.044586355622377e-03	1.247749e+00	3.562465e-01
1.044728080376242e-03	1.240132e+00	3.636644e-01
1.044823015888286e-03	1.237523e+00	3.697054e-01
1.044915614529986e-03	1.235520e+00	3.739160e-01
1.045005974218018e-03	1.233663e+00	3.760698e-01
1.045100791853372e-03	1.231884e+00	3.776667e-01
1.045189596048747e-03	1.230305e+00	3.797468e-01
1.045291883116834e-03	1.228473e+00	3.829569e-01
1.045394800891478e-03	1.226700e+00	3.867738e-01
1.045507261736270e-03	1.224806e+00	3.911797e-01
1.045636857645145e-03	1.222752e+00	3.959107e-01
1.045825586468737e-03	1.220033e+00	4.007639e-01
1.046096242847658e-03	1.217713e+00	4.064929e-01
1.046263631908667e-03	1.217164e+00	4.121302e-01
1.046485687353450e-03	1.216733e+00	4.224825e-01
1.046688324048319e-03	1.216657e+00	4.315753e-01
1.046914298207294e-03	1.216979e+00	4.365707e-01
1.047145317005231e-03	1.217819e+00	4.304409e-01
1.047365676324430e-03	1.219927e+00	4.128507e-01
1.047546201168517e-03	1.223255e+00	3.938705e-01
1.047681862114413e-03	1.225734e+00	3.797870e-01
1.047829168125028e-03	1.227986e+00	3.684870e-01
1.047996436362295e-03	1.230565e+00	3.642868e-01
1.048149285528178e-03	1.232496e+00	3.698309e-01
1.048327018715869e-03	1.232736e+00	3.838709e-01
1.048476781275296e-03	1.231186e+00	3.983720e-01
1.048597164641392e-03	1.229974e+00	4.110626e-01
1.048719172881784e-03	1.229205e+00	4.232803e-01
1.048819343352292e-03	1.228892e+00	4.314387e-01
1.048920138257728e-03	1.228809e+00	4.365811e-01
1.049024850862590e-03	1.228332e+00	4.355697e-01
1.049233971823637e-03	1.227590e+00	4.188778e-01
1.049451908975459e-03	1.230025e+00	3.928614e-01
1.049577497060393e-03	1.232029e+00	3.755606e-01
1.049717738645889e-03	1.233556e+00	3.570544e-01
1.049844126469088e-03	1.234786e+00	3.449936e-01
1.049974424627855e-03	1.235585e+00	3.399323e-01
1.050123111238818e-03	1.236285e+00	3.445090e-01
1.050306667063977e-03	1.235005e+00	3.589092e-01
1.050464895999507e-03	1.231711e+00	3.747533e-01
1.050585917924388e-03	1.229211e+00	3.883432e-01
1.050709774147013e-03	1.227330e+00	4.019352e-01
1.050813539063225e-03	1.225966e+00	4.111755e-01
1.050916964205980e-03	1.224536e+00	4.163774e-01
1.051059557641176e-03	1.222974e+00	4.176068e-01
1.051234465150058e-03	1.222314e+00	4.142180e-01
1.051387407486994e-03	1.222242e+00	4.083365e-01
1.051561973036802e-03	1.222397e+00	4.000604e-01
1.051703715232354e-03	1.222733e+00	3.938097e-01
1.051845998478400e-03	1.223104e+00	3.891951e-01
1.051976248664872e-03	1.223402e+00	3.870499e-01
1.052102628115677e-03	1.223478e+00	3.859926e-01
1.052208829216708e-03	1.223400e+00	3.846824e-01
1.052324387062866e-03	1.223287e+00	3.824891e-01
1.052452718170351e-03	1.223107e+00	3.795711e-01
1.052621539480707e-03	1.222805e+00	3.757831e-01
1.052807677572550e-03	1.222408e+00	3.729242e-01
1.053045916840765e-03	1.221400e+00	3.714026e-01
1.053273559697345e-03	1.219650e+00	3.707766e-01
1.053438697917132e-03	1.218121e+00	3.704092e-01
1.053643447912316e-03	1.216210e+00	3.700964e-01
1.053848032114887e-03	1.214203e+00	3.698073e-01
1.054092208129846e-03	1.211656e+00	3.682380e-01
1.054209139364408e-03	1.210319e+00	3.653523e-01
1.054336872942669e-03	1.208835e+00	3.597435e-01
1.054459499460339e-03	1.207461e+00	3.533121e-01
1.054602057679755e-03	1.205831e+00	3.457828e-01
1.054784295252618e-03	1.203624e+00	3.381503e-01
1.054967338091769e-03	1.201206e+00	3.359040e-01
1.055162363657367e-03	1.198150e+00	3.432060e-01
1.055344617444632e-03	1.194255e+00	3.589153e-01
1.055490717923576e-03	1.190614e+00	3.756620e-01
1.055646236786827e-03	1.186925e+00	3.940084e-01
1.055788243233892e-03	1.183980e+00	4.076708e-01
1.055941569319692e-03	1.181493e+00	4.158111e-01
1.056114331458077e-03	1.180209e+00	4.175658e-01
1.056308241228802e-03	1.180176e+00	4.143941e-01
1.056493254713442e-03	1.180527e+00	4.088479e-01
1.056692126622727e-03	1.181323e+00	4.025110e-01
1.056856123027339e-03	1.182532e+00	3.989435e-01
1.057005967947942e-03	1.183681e+00	3.970501e-01
1.057087487851851e-03	1.184261e+00	3.957835e-01
1.057135146529395e-03	1.184621e+00	3.943850e-01
1.057182842501921e-03	1.184989e+00	3.922788e-01
1.057242120964579e-03	1.185377e+00	3.888005e-01
1.057360677889895e-03	1.186160e+00	3.803983e-01
1.057476550686979e-03	1.187023e+00	3.714001e-01
1.057626441982051e-03	1.188217e+00	3.601814e-01
1.057809972404591e-03	1.189837e+00	3.504898e-01
1.058018559589290e-03	1.190825e+00	3.485931e-01
1.058207478984067e-03	1.190770e+00	3.596988e-01
1.058410954234078e-03	1.188374e+00	3.821462e-01
1.058537318652001e-03	1.186310e+00	3.989611e-01
1.058671423558486e-03	1.184862e+00	4.171262e-01
1.058800840181989e-03	1.184083e+00	4.317552e-01
1.058917563230349e-03	1.183694e+00	4.392563e-01
1.059102465064928e-03	1.184278e+00	4.428373e-01
1.059250094119479e-03	1.185417e+00	4.422910e-01
1.059424840862225e-03	1.187268e+00	4.398463e-01
1.059619622827646e-03	1.189785e+00	4.365550e-01
1.059855762190757e-03	1.194707e+00	4.337584e-01
1.060141285915434e-03	1.201208e+00	4.272212e-01
1.060291043793024e-03	1.204552e+00	4.181272e-01
1.060432548210827e-03	1.207793e+00	4.047098e-01
1.060567223441239e-03	1.210910e+00	3.909111e-01
1.060709932564467e-03	1.213955e+00	3.782741e-01
1.060924328530241e-03	1.218091e+00	3.679563e-01
1.061128996353638e-03	1.222369e+00	3.724831e-01
1.061378794648267e-03	1.226131e+00	3.925668e-01
1.061551730049808e-03	1.223999e+00	4.071730e-01
1.061675355194186e-03	1.222536e+00	4.179998e-01
1.061800549459137e-03	1.222001e+00	4.278378e-01
1.061895503022940e-03	1.222035e+00	4.331460e-01
1.061989526555973e-03	1.222281e+00	4.355192e-01
1.062082685265989e-03	1.222498e+00	4.349359e-01
1.062220476877486e-03	1.223113e+00	4.309731e-01
1.062376148849957e-03	1.224525e+00	4.245201e-01
1.062549328315673e-03	1.226659e+00	4.162347e-01
1.062682648691044e-03	1.228494e+00	4.101633e-01
1.062816342528994e-03	1.230247e+00	4.053844e-01
1.062950321876114e-03	1.231967e+00	4.027332e-01
1.063082354655978e-03	1.233418e+00	4.011052e-01
1.063198219177814e-03	1.234443e+00	3.986107e-01
1.063321421389567e-03	1.235422e+00	3.942899e-01
1.063457526961717e-03	1.236435e+00	3.885170e-01
1.063646440381078e-03	1.237799e+00	3.808863e-01
1.063858608188348e-03	1.238997e+00	3.755018e-01
1.064087609437364e-03	1.239279e+00	3.762730e-01
1.064321575606890e-03	1.238025e+00	3.842134e-01
1.064489837660133e-03	1.236418e+00	3.932272e-01
1.064611328472758e-03	1.235385e+00	4.006097e-01
1.064731977705653e-03	1.234505e+00	4.072558e-01
1.064858834852315e-03	1.233724e+00	4.123574e-01
1.064987780747891e-03	1.233025e+00	4.150541e-01
1.065190437366617e-03	1.232802e+00	4.181018e-01
1.065338395856330e-03	1.233257e+00	4.214123e-01
1.065501054980458e-03	1.233746e+00	4.256006e-01
1.065701989138681e-03	1.234552e+00	4.302206e-01
1.065925017025903e-03	1.236051e+00	4.345561e-01
1.066199328150153e-03	1.239128e+00	4.424409e-01
1.066378921216687e-03	1.241585e+00	4.517919e-01
1.066573692333081e-03	1.244477e+00	4.648936e-01
1.066718807929006e-03	1.246801e+00	4.733684e-01
1.066925022797288e-03	1.250638e+00	4.791433e-01
1.067159086878521e-03	1.255969e+00	4.739782e-01
1.067389160645951e-03	1.263459e+00	4.587580e-01
1.067537177467834e-03	1.268945e+00	4.454615e-01
1.067670082396059e-03	1.273486e+00	4.332053e-01
1.067808663424311e-03	1.277925e+00	4.232114e-01
1.067954540041155e-03	1.282248e+00	4.178577e-01
1.068106598243232e-03	1.286258e+00	4.178905e-01
1.068278008905373e-03	1.289967e+00	4.216819e-01
1.068446463551432e-03	1.292921e+00	4.269748e-01
1.068628294521408e-03	1.295444e+00	4.329291e-01
1.068784400396489e-03	1.297134e+00	4.370451e-01
1.068928735645245e-03	1.298570e+00	4.393404e-01
1.069042167047093e-03	1.299681e+00	4.395394e-01
1.069239548901745e-03	1.301585e+00	4.351922e-01
1.069354008575828e-03	1.302693e+00	4.307345e-01
1.069466012237121e-03	1.303736e+00	4.257013e-01
1.069612674857813e-03	1.305119e+00	4.192175e-01
1.069778146568364e-03	1.306790e+00	4.137312e-01
1.069975500303366e-03	1.308654e+00	4.116772e-01
1.070171399672874e-03	1.309823e+00	4.156926e-01
1.070366514764615e-03	1.309691e+00	4.244947e-01
1.070502626680004e-03	1.309253e+00	4.325116e-01
1.070644912663649e-03	1.309020e+00	4.413103e-01
1.070784210269656e-03	1.308986e+00	4.486081e-01
1.070911851286435e-03	1.309093e+00	4.525666e-01
1.071064606901417e-03	1.309184e+00	4.520095e-01
1.071275563264920e-03	1.310367e+00	4.450572e-01
1.071426417246579e-03	1.312024e+00	4.373409e-01
1.071546740380762e-03	1.313299e+00	4.298966e-01
1.071667379118011e-03	1.314496e+00	4.227475e-01
1.071813983326566e-03	1.315962e+00	4.160315e-01
1.071946294450312e-03	1.317208e+00	4.127716e-01
1.072081299771796e-03	1.318159e+00	4.115205e-01
1.072222443337003e-03	1.318665e+00	4.100401e-01
1.072374512897890e-03	1.318767e+00	4.073334e-01
1.072529950942350e-03	1.318566e+00	4.040757e-01
1.072720401267898e-03	1.318047e+00	4.006314e-01
1.072941583077423e-03	1.317175e+00	3.987104e-01
1.073208587345790e-03	1.315366e+00	3.986934e-01
1.073403428985681e-03	1.313512e+00	3.994059e-01
1.073590048320212e-03	1.311536e+00	4.003256e-01
1.073801901520956e-03	1.309212e+00	4.013421e-01
1.074033851225798e-03	1.306808e+00	4.035343e-01
1.074140237744353e-03	1.305741e+00	4.067241e-01
1.074225124969645e-03	1.304854e+00	4.116095e-01
1.074308774027370e-03	1.303966e+00	4.180526e-01
1.074392937295231e-03	1.303148e+00	4.256752e-01
1.074527465387470e-03	1.301885e+00	4.385137e-01
1.074693914419185e-03	1.300347e+00	4.525686e-01
1.074895004875985e-03	1.299392e+00	4.639861e-01
1.075101759889447e-03	1.299794e+00	4.698065e-01
1.075273929393177e-03	1.301082e+00	4.734069e-01
1.075457855995192e-03	1.303119e+00	4.781642e-01
1.075653501481684e-03	1.305340e+00	4.825124e-01
1.075902642715317e-03	1.310025e+00	4.871071e-01
1.076201309233810e-03	1.317695e+00	4.922486e-01
1.076380183239487e-03	1.323174e+00	4.967713e-01
1.076630427023836e-03	1.331033e+00	5.040986e-01
1.076791011900937e-03	1.336263e+00	5.076667e-01
1.077014408288033e-03	1.344035e+00	5.089087e-01
1.077210892825026e-03	1.351153e+00	5.046965e-01
1.077418273354542e-03	1.359307e+00	4.956434e-01
1.077553738513131e-03	1.364734e+00	4.885290e-01
1.077713911566309e-03	1.370830e+00	4.806589e-01
1.077885209252025e-03	1.377101e+00	4.750981e-01
1.078079563597776e-03	1.383326e+00	4.698154e-01
1.078209941080293e-03	1.386789e+00	4.625172e-01
1.078364354648729e-03	1.390446e+00	4.482530e-01
1.078519479441198e-03	1.393655e+00	4.314188e-01
1.078716301276693e-03	1.397036e+00	4.119929e-01
1.078919662690496e-03	1.399575e+00	4.000893e-01
1.079199468796633e-03	1.405204e+00	3.980320e-01
1.079431688275611e-03	1.407289e+00	3.969405e-01
1.079694877061366e-03	1.398347e+00	3.860043e-01
1.079936614663266e-03	1.389615e+00	3.789707e-01
1.080063058338290e-03	1.388446e+00	3.826616e-01
1.080179767488086e-03	1.386120e+00	3.902835e-01
1.080283943542067e-03	1.383481e+00	4.009429e-01
1.080386374079246e-03	1.380552e+00	4.139450e-01
1.080493734387967e-03	1.377329e+00	4.288042e-01
1.080623963010146e-03	1.373310e+00	4.461177e-01
1.080786011768825e-03	1.368750e+00	4.637353e-01
1.080940621107521e-03	1.365160e+00	4.726898e-01
1.081136809948821e-03	1.362175e+00	4.726353e-01
1.081383783092343e-03	1.361901e+00	4.651333e-01
1.081567218683742e-03	1.361748e+00	4.560606e-01
1.081725458666118e-03	1.361877e+00	4.482723e-01
1.081861500891832e-03	1.362367e+00	4.436262e-01
1.081982284431506e-03	1.362862e+00	4.415157e-01
1.082102759204525e-03	1.363170e+00	4.400577e-01
1.082172874367546e-03	1.363304e+00	4.385975e-01
1.082261528336387e-03	1.363523e+00	4.357695e-01
1.082352240515142e-03	1.363725e+00	4.321755e-01
1.082451653954006e-03	1.363922e+00	4.277456e-01
1.082592241044619e-03	1.364213e+00	4.216578e-01
1.082796681936655e-03	1.364587e+00	4.150258e-01
1.083004301597125e-03	1.364598e+00	4.134978e-01
1.083231315833372e-03	1.363683e+00	4.193519e-01
1.083447836290048e-03	1.361396e+00	4.297845e-01
1.083580832931709e-03	1.359854e+00	4.375171e-01
1.083717314689002e-03	1.358606e+00	4.452013e-01
1.083845979864776e-03	1.357615e+00	4.506310e-01
1.083978176398538e-03	1.356662e+00	4.530155e-01
1.084170237385904e-03	1.356018e+00	4.528224e-01
1.084322371663154e-03	1.356091e+00	4.511651e-01
1.084479863363309e-03	1.356228e+00	4.483719e-01
1.084652907370185e-03	1.356601e+00	4.452319e-01
1.084801009927963e-03	1.357061e+00	4.431263e-01
1.084940473952621e-03	1.357530e+00	4.420664e-01
1.085079476650299e-03	1.357881e+00	4.416120e-01
1.085144363090567e-03	1.358024e+00	4.413728e-01
1.085210438343273e-03	1.358208e+00	4.409942e-01
1.085283659540352e-03	1.358410e+00	4.404265e-01
1.085377789568301e-03	1.358662e+00	4.395426e-01
1.085472678373385e-03	1.358906e+00	4.385609e-01
1.085609939969178e-03	1.359253e+00	4.372113e-01
1.085806839006347e-03	1.359734e+00	4.358715e-01
1.086015939059715e-03	1.360088e+00	4.358536e-01
1.086154414818912e-03	1.360304e+00	4.379184e-01
1.086320841696118e-03	1.360473e+00	4.430531e-01
1.086479299732452e-03	1.360419e+00	4.491915e-01
1.086631080783979e-03	1.360359e+00	4.551864e-01
1.086800153443377e-03	1.360416e+00	4.604911e-01
1.086977572542644e-03	1.360748e+00	4.637029e-01
1.087178629640218e-03	1.361863e+00	4.662191e-01
1.087322943697316e-03	1.363072e+00	4.686614e-01
1.087503736296295e-03	1.364737e+00	4.723776e-01
1.087728893260731e-03	1.366932e+00	4.764178e-01
1.087943500642688e-03	1.369102e+00	4.780593e-01
1.088183779414503e-03	1.372230e+00	4.765436e-01
1.088434511327071e-03	1.376472e+00	4.722434e-01
1.088588333366537e-03	1.379327e+00	4.688693e-01
1.088729258676573e-03	1.381800e+00	4.658832e-01
1.088873578298233e-03	1.384283e+00	4.639119e-01
1.089032298274830e-03	1.386787e+00	4.624198e-01
1.089161406864870e-03	1.388562e+00	4.600767e-01
1.089287724021729e-03	1.390160e+00	4.558714e-01
1.089417392082251e-03	1.391655e+00	4.501046e-01
1.089592402854436e-03	1.393528e+00	4.419758e-01
1.089789717676166e-03	1.396035e+00	4.356005e-01
1.090013062996165e-03	1.398333e+00	4.346827e-01
1.090172721318691e-03	1.399203e+00	4.423684e-01
1.090361590102056e-03	1.398786e+00	4.608015e-01
1.090492546929232e-03	1.397773e+00	4.766866e-01
1.090633578637365e-03	1.397257e+00	4.949393e-01
1.090754252972361e-03	1.397235e+00	5.086519e-01
1.090875932773848e-03	1.397823e+00	5.192096e-01
1.090951113444959e-03	1.398436e+00	5.232011e-01
1.091003055707922e-03	1.398888e+00	5.240853e-01
1.091061327483279e-03	1.399486e+00	5.235771e-01
1.091103424412658e-03	1.399977e+00	5.224078e-01
1.091152453230742e-03	1.400573e+00	5.202190e-01
1.091198459354070e-03	1.401092e+00	5.173917e-01
1.091299906627137e-03	1.402916e+00	5.101748e-01
1.091365024366095e-03	1.404076e+00	5.043395e-01
1.091405291584868e-03	1.404824e+00	5.004719e-01
1.091456875183632e-03	1.405813e+00	4.953430e-01
1.091520790202983e-03	1.407093e+00	4.889184e-01
1.091604190816332e-03	1.408841e+00	4.808198e-01
1.091716110608792e-03	1.411346e+00	4.713282e-01
1.091848690228572e-03	1.414414e+00	4.632886e-01
1.091984036030228e-03	1.417404e+00	4.600734e-01
1.092116618529546e-03	1.420074e+00	4.628619e-01
1.092250977717643e-03	1.422602e+00	4.712951e-01
1.092404253427350e-03	1.424773e+00	4.846250e-01
1.092526119307570e-03	1.426085e+00	4.963676e-01
1.092649282244953e-03	1.427546e+00	5.080507e-01
1.092792110261829e-03	1.429143e+00	5.191103e-01
1.092908787783028e-03	1.430537e+00	5.246530e-01
1.093034588314771e-03	1.432454e+00	5.266581e-01
1.093159392533183e-03	1.434651e+00	5.259386e-01
1.093330167662769e-03	1.438446e+00	5.235750e-01
1.093486246335186e-03	1.442489e+00	5.209849e-01
1.093699591755387e-03	1.448415e+00	5.175036e-01
1.093872612661377e-03	1.453530e+00	5.157646e-01
1.094019824734211e-03	1.457784e+00	5.155469e-01
1.094283119970326e-03	1.465095e+00	5.185143e-01
1.094469517610689e-03	1.470172e+00	5.224901e-01
1.094715620834553e-03	1.476914e+00	5.277876e-01
1.095029444160366e-03	1.485342e+00	5.301412e-01
1.095129540367091e-03	1.488032e+00	5.276964e-01
1.095236429895391e-03	1.490898e+00	5.221001e-01
1.095339859911818e-03	1.493715e+00	5.146912e-01
1.095439569603010e-03	1.496351e+00	5.063014e-01
1.095559611732659e-03	1.499286e+00	4.958193e-01
1.095735859727096e-03	1.503450e+00	4.828725e-01
1.095933523233564e-03	1.507864e+00	4.744797e-01
1.096175505599509e-03	1.511511e+00	4.687897e-01
1.096334998183234e-03	1.512697e+00	4.637301e-01
1.096533226097650e-03	1.514621e+00	4.566871e-01
1.096748455172916e-03	1.517015e+00	4.511008e-01
1.096955251718284e-03	1.515093e+00	4.457453e-01
1.097214333074089e-03	1.510430e+00	4.415136e-01
1.097346290763848e-03	1.508322e+00	4.403610e-01
1.097471103064003e-03	1.506263e+00	4.393033e-01
1.097633553730093e-03	1.503716e+00	4.383463e-01
1.097786492266471e-03	1.501210e+00	4.377748e-01
1.097905206708183e-03	1.498954e+00	4.377365e-01
1.098055411279645e-03	1.495904e+00	4.400828e-01
1.098147258849914e-03	1.494035e+00	4.452187e-01
1.098236147834425e-03	1.492181e+00	4.541994e-01
1.098321367912079e-03	1.490353e+00	4.654278e-01
1.098416687509848e-03	1.488337e+00	4.799757e-01
1.098552050428227e-03	1.485345e+00	5.012805e-01
1.098702027069513e-03	1.482586e+00	5.240686e-01
1.098766241991849e-03	1.481792e+00	5.328505e-01
1.098811041512138e-03	1.481295e+00	5.379384e-01
1.098852026445795e-03	1.480861e+00	5.416692e-01
1.098911012960384e-03	1.480380e+00	5.455995e-01
1.098973545437012e-03	1.480089e+00	5.478273e-01
1.099047300533977e-03	1.479884e+00	5.476007e-01
1.099130722805467e-03	1.479596e+00	5.437130e-01
1.099261480998790e-03	1.479980e+00	5.338158e-01
1.099322874407160e-03	1.480535e+00	5.279455e-01
1.099380174821761e-03	1.481110e+00	5.214906e-01
1.099425360310859e-03	1.481647e+00	5.161127e-01
1.099465030461246e-03	1.482111e+00	5.111868e-01
1.099512934505409e-03	1.482756e+00	5.052118e-01
1.099559952616681e-03	1.483393e+00	4.993370e-01
1.099589688568757e-03	1.483778e+00	4.956628e-01
1.099628064435183e-03	1.484298e+00	4.910648e-01
1.099670818313013e-03	1.484894e+00	4.861982e-01
1.099723465630261e-03	1.485641e+00	4.806991e-01
1.099786294121367e-03	1.486550e+00	4.751069e-01
1.099870643080378e-03	1.487815e+00	4.698124e-01
1.099983368029517e-03	1.489546e+00	4.672477e-01
1.100115236109003e-03	1.491304e+00	4.702541e-01
1.100239138368776e-03	1.492825e+00	4.784650e-01
1.100384347336218e-03	1.494078e+00	4.921321e-01
1.100509823604083e-03	1.494389e+00	5.050473e-01
1.100637916739466e-03	1.494632e+00	5.180796e-01
1.100770980321765e-03	1.494927e+00	5.296318e-01
1.100878228804431e-03	1.495594e+00	5.368019e-01
1.100938947184160e-03	1.496187e+00	5.394748e-01
1.101026976248530e-03	1.497093e+00	5.402427e-01
1.101114127540589e-03	1.498100e+00	5.377937e-01
1.101215295616401e-03	1.499486e+00	5.316602e-01
1.101284386696570e-03	1.500664e+00	5.261067e-01
1.101346803280226e-03	1.501651e+00	5.200211e-01
1.101387919190011e-03	1.502334e+00	5.157216e-01
1.101433943071394e-03	1.503136e+00	5.107415e-01
1.101479341109163e-03	1.503919e+00	5.056902e-01
1.101542218422924e-03	1.504986e+00	4.986562e-01
1.101617999611354e-03	1.506287e+00	4.905640e-01
1.101730036983758e-03	1.508223e+00	4.803544e-01
1.101881665900269e-03	1.510846e+00	4.711761e-01
1.102023253288867e-03	1.513054e+00	4.684744e-01
1.102179710686896e-03	1.515025e+00	4.710847e-01
1.102352221093595e-03	1.517063e+00	4.777977e-01
1.102535885236221e-03	1.517587e+00	4.853295e-01
1.102695010349165e-03	1.516644e+00	4.906379e-01
1.102827280549186e-03	1.515944e+00	4.941039e-01
1.102959595884129e-03	1.515568e+00	4.959179e-01
1.103079233924706e-03	1.515505e+00	4.953256e-01
1.103186197791954e-03	1.515538e+00	4.923600e-01
1.103292682675064e-03	1.515592e+00	4.873528e-01
1.103402503618799e-03	1.515709e+00	4.808862e-01
1.103512375150629e-03	1.515844e+00	4.738216e-01
1.103631791761360e-03	1.515967e+00	4.662993e-01
1.103742922621342e-03	1.516050e+00	4.604029e-01
1.103882330407819e-03	1.516004e+00	4.557005e-01
1.104031938062205e-03	1.515740e+00	4.554662e-01
1.104210699634383e-03	1.514926e+00	4.620688e-01
1.104405179264532e-03	1.512622e+00	4.740509e-01
1.104532710243540e-03	1.510800e+00	4.834892e-01
1.104664145058915e-03	1.509285e+00	4.934874e-01
1.104779715259952e-03	1.508142e+00	5.009262e-01
1.104895720199338e-03	1.507056e+00	5.054664e-01
1.105061964589692e-03	1.506130e+00	5.082151e-01
1.105219812230458e-03	1.505981e+00	5.095315e-01
1.105376325983543e-03	1.506140e+00	5.106122e-01
1.105545157922379e-03	1.506630e+00	5.117591e-01
1.105804698141272e-03	1.507942e+00	5.130911e-01
1.106099334979693e-03	1.510148e+00	5.137191e-01
1.106580478124450e-03	1.515126e+00	5.140315e-01
1.106889059004088e-03	1.519316e+00	5.147393e-01
1.107090544769448e-03	1.522027e+00	5.155164e-01
1.107404264781845e-03	1.526295e+00	5.190147e-01
1.107536217917410e-03	1.528107e+00	5.210274e-01
1.107709396433173e-03	1.530500e+00	5.234347e-01
1.108017202745537e-03	1.534804e+00	5.248560e-01
1.108112442302502e-03	1.536173e+00	5.217941e-01
1.108189995881454e-03	1.537301e+00	5.164996e-01
1.108262157180438e-03	1.538291e+00	5.093461e-01
1.108351421890642e-03	1.539469e+00	4.985404e-01
1.108448212646329e-03	1.540650e+00	4.854502e-01
1.108581693714541e-03	1.542092e+00	4.672139e-01
1.108749589906173e-03	1.544076e+00	4.488072e-01
1.108957626469137e-03	1.547898e+00	4.386838e-01
1.109141087357674e-03	1.548901e+00	4.390591e-01
1.109337460550367e-03	1.546485e+00	4.444973e-01
1.109547714313517e-03	1.540644e+00	4.507911e-01
1.109701871735586e-03	1.537162e+00	4.568031e-01
1.109811318071480e-03	1.535330e+00	4.609284e-01
1.109944354068794e-03	1.532723e+00	4.638923e-01
1.110077482975060e-03	1.530434e+00	4.663460e-01
1.110154231216162e-03	1.529120e+00	4.685076e-01
1.110242461065557e-03	1.527499e+00	4.722555e-01
1.110331992035935e-03	1.525889e+00	4.770759e-01
1.110449996459797e-03	1.523805e+00	4.842821e-01
1.110586792254793e-03	1.521399e+00	4.924343e-01
1.110801179823910e-03	1.517976e+00	5.023687e-01
1.111008328492771e-03	1.515471e+00	5.048861e-01
1.111249251367904e-03	1.513521e+00	4.958511e-01
1.111478997666178e-03	1.513293e+00	4.794963e-01
1.111612189332347e-03	1.513656e+00	4.687112e-01
1.111750945278886e-03	1.513711e+00	4.584056e-01
1.111870846915235e-03	1.513621e+00	4.522694e-01
1.111993354860633e-03	1.513457e+00	4.509966e-01
1.112141983124054e-03	1.513200e+00	4.580522e-01
1.112309666843648e-03	1.511725e+00	4.744568e-01
1.112449720896665e-03	1.509644e+00	4.925570e-01
1.112578889894979e-03	1.507867e+00	5.109428e-01
1.112688476548500e-03	1.506833e+00	5.262345e-01
1.112749733663185e-03	1.506489e+00	5.340623e-01
1.112784367866806e-03	1.506337e+00	5.379804e-01
1.112807978232805e-03	1.506238e+00	5.403568e-01
1.112833593674053e-03	1.506141e+00	5.426588e-01
1.112862515304053e-03	1.506043e+00	5.448305e-01
1.112920358564051e-03	1.505928e+00	5.479858e-01
1.112984817704817e-03	1.505900e+00	5.498635e-01
1.113056443622360e-03	1.506032e+00	5.506668e-01
1.113143215522966e-03	1.506522e+00	5.516527e-01
1.113291054296618e-03	1.508019e+00	5.543870e-01
1.113443764260024e-03	1.509683e+00	5.573822e-01
1.113566493344309e-03	1.511953e+00	5.602916e-01
1.113729780796655e-03	1.515767e+00	5.636598e-01
1.113899210782151e-03	1.520711e+00	5.654593e-01
1.114084289572134e-03	1.527118e+00	5.621241e-01
1.114214096545634e-03	1.532233e+00	5.531033e-01
1.114311422774774e-03	1.536453e+00	5.419056e-01
1.114356053330655e-03	1.538332e+00	5.355677e-01
1.114412860089514e-03	1.540521e+00	5.265706e-01
1.114473119506379e-03	1.542818e+00	5.166907e-01
1.114561240716350e-03	1.545973e+00	5.020086e-01
1.114667394630332e-03	1.549460e+00	4.852244e-01
1.114763161660552e-03	1.552299e+00	4.721202e-01
1.114883948714857e-03	1.555378e+00	4.608059e-01
1.115019382632851e-03	1.558213e+00	4.570222e-01
1.115131801534442e-03	1.560114e+00	4.585090e-01
1.115270606442964e-03	1.562210e+00	4.627802e-01
1.115541194353840e-03	1.566005e+00	4.744166e-01
1.115792534601402e-03	1.569106e+00	4.850098e-01
1.116019488608424e-03	1.562672e+00	4.837221e-01
1.116270589750304e-03	1.556777e+00	4.827270e-01
1.116387663313923e-03	1.556734e+00	4.854840e-01
1.116468290112609e-03	1.556225e+00	4.872195e-01
1.116560969041351e-03	1.555323e+00	4.889499e-01
1.116635171496331e-03	1.554612e+00	4.902949e-01
1.116711454314611e-03	1.553805e+00	4.914836e-01
1.116784521687132e-03	1.553023e+00	4.924161e-01
1.116892823442421e-03	1.551886e+00	4.933724e-01
1.117012458213877e-03	1.550738e+00	4.941768e-01
1.117154526873689e-03	1.549553e+00	4.956358e-01
1.117306421605270e-03	1.548447e+00	4.982731e-01
1.117462600601625e-03	1.547423e+00	5.017152e-01
1.117688542072126e-03	1.546108e+00	5.065093e-01
1.117896665750222e-03	1.545061e+00	5.090581e-01
1.118117023288778e-03	1.544257e+00	5.077478e-01
1.118353259645411e-03	1.544201e+00	5.019969e-01
1.118526116268204e-03	1.544731e+00	4.960665e-01
1.118648505003490e-03	1.545091e+00	4.916285e-01
1.118779252496460e-03	1.545367e+00	4.876292e-01
1.118903945651710e-03	1.545574e+00	4.853144e-01
1.119030603588416e-03	1.545788e+00	4.854313e-01
1.119192705431669e-03	1.545846e+00	4.890378e-01
1.119360019209173e-03	1.545254e+00	4.951615e-01
1.119483709256118e-03	1.544662e+00	5.007933e-01
1.119612203780866e-03	1.544174e+00	5.069838e-01
1.119733927150109e-03	1.543783e+00	5.121962e-01
1.119857626101758e-03	1.543464e+00	5.158848e-01
1.120008164187581e-03	1.543083e+00	5.165673e-01
1.120199109396573e-03	1.542839e+00	5.109746e-01
1.120407030265231e-03	1.543812e+00	4.998651e-01
1.120536339334881e-03	1.544772e+00	4.914412e-01
1.120670837881581e-03	1.545511e+00	4.826782e-01
1.120819662921631e-03	1.546262e+00	4.752434e-01
1.120954876527251e-03	1.546863e+00	4.722460e-01
1.121116301499640e-03	1.547138e+00	4.736332e-01
1.121282649796100e-03	1.546311e+00	4.783257e-01
1.121423512377717e-03	1.545089e+00	4.840495e-01
1.121552664323761e-03	1.543999e+00	4.901530e-01
1.121686447630704e-03	1.542934e+00	4.962738e-01
1.121804127884878e-03	1.542081e+00	5.006662e-01
1.121925245133117e-03	1.541303e+00	5.035662e-01
1.122050148184986e-03	1.540803e+00	5.060683e-01
1.122144580317083e-03	1.540625e+00	5.096989e-01
1.122256012370729e-03	1.540497e+00	5.169937e-01
1.122370144273007e-03	1.540266e+00	5.264671e-01
1.122441799095401e-03	1.540118e+00	5.331445e-01
1.122500136206725e-03	1.540075e+00	5.388860e-01
1.122530663383774e-03	1.540085e+00	5.419260e-01
1.122555880280216e-03	1.540128e+00	5.444427e-01
1.122579428803751e-03	1.540196e+00	5.467727e-01
1.122621123253801e-03	1.540385e+00	5.508013e-01
1.122688147042293e-03	1.540903e+00	5.567862e-01
1.122822194619278e-03	1.542180e+00	5.662110e-01
1.122956051526578e-03	1.543050e+00	5.709455e-01
1.123054531932619e-03	1.544054e+00	5.708331e-01
1.123152962953611e-03	1.545613e+00	5.676169e-01
1.123262468375151e-03	1.548340e+00	5.621390e-01
1.123336831737559e-03	1.550655e+00	5.575260e-01
1.123401442280963e-03	1.552602e+00	5.526955e-01
1.123466924756981e-03	1.554609e+00	5.474510e-01
1.123533499801788e-03	1.556710e+00	5.420411e-01
1.123600022326437e-03	1.558823e+00	5.367534e-01
1.123675736076786e-03	1.561183e+00	5.310547e-01
1.123774442201108e-03	1.564074e+00	5.244745e-01
1.123928672559388e-03	1.568342e+00	5.183781e-01
1.123988919382759e-03	1.569871e+00	5.179713e-01
1.124049166206130e-03	1.571334e+00	5.171735e-01
1.124109413029501e-03	1.572730e+00	5.159847e-01
1.124169659852872e-03	1.574059e+00	5.144050e-01
1.124229906676243e-03	1.575321e+00	5.124343e-01
1.124290153499615e-03	1.576516e+00	5.100726e-01
1.124350400322986e-03	1.577645e+00	5.073199e-01
1.124499405652269e-03	1.580010e+00	4.998099e-01
1.124712254797506e-03	1.582815e+00	4.904861e-01
1.124960283127893e-03	1.586078e+00	4.866091e-01
1.125208557954930e-03	1.590044e+00	4.939421e-01
1.125423305183316e-03	1.587748e+00	5.023103e-01
1.125574035744478e-03	1.585021e+00	5.095155e-01
1.125690638783962e-03	1.583738e+00	5.158001e-01
1.125809164681321e-03	1.582960e+00	5.214072e-01
1.125915459190688e-03	1.582561e+00	5.248295e-01
1.126020729283797e-03	1.582100e+00	5.257307e-01
1.126160001796803e-03	1.581744e+00	5.242290e-01
1.126293122896878e-03	1.581759e+00	5.210528e-01
1.126434921698181e-03	1.581923e+00	5.163504e-01
1.126563950248872e-03	1.582189e+00	5.116994e-01
1.126709323303823e-03	1.582541e+00	5.068677e-01
1.126840341634809e-03	1.582879e+00	5.036631e-01
1.126963705141311e-03	1.583118e+00	5.019002e-01
1.127090154055876e-03	1.583125e+00	4.999864e-01
1.127187915288349e-03	1.582971e+00	4.968394e-01
1.127299791592847e-03	1.582735e+00	4.910563e-01
1.127431783542919e-03	1.582419e+00	4.827074e-01
1.127596824809080e-03	1.582040e+00	4.721469e-01
1.127791402840679e-03	1.581389e+00	4.625921e-01
1.128002843042609e-03	1.580107e+00	4.587653e-01
1.128230824154001e-03	1.576825e+00	4.612190e-01
1.128455823714490e-03	1.572250e+00	4.675528e-01
1.128590271147673e-03	1.569494e+00	4.723724e-01
1.128735871598441e-03	1.566529e+00	4.772383e-01
1.128881119330133e-03	1.563552e+00	4.805195e-01
1.129044724430109e-03	1.560570e+00	4.833547e-01
1.129159169009304e-03	1.558769e+00	4.867680e-01
1.129272679392746e-03	1.556999e+00	4.923579e-01
1.129389000288458e-03	1.555249e+00	4.997813e-01
1.129547355492161e-03	1.552919e+00	5.105633e-01
1.129742047840612e-03	1.550422e+00	5.219076e-01
1.129952931475697e-03	1.548430e+00	5.273427e-01
1.130196332423542e-03	1.546882e+00	5.209681e-01
1.130436151193893e-03	1.547391e+00	5.053423e-01
1.130580925392006e-03	1.548622e+00	4.937991e-01
1.130706488824681e-03	1.549443e+00	4.840413e-01
1.130836848331076e-03	1.550210e+00	4.765999e-01
1.130973931241565e-03	1.550757e+00	4.726103e-01
1.131097620566633e-03	1.550883e+00	4.715156e-01
1.131236345692146e-03	1.550525e+00	4.706933e-01
1.131387800213763e-03	1.549499e+00	4.689818e-01
1.131551915517736e-03	1.548103e+00	4.669496e-01
1.131725905536265e-03	1.546467e+00	4.651998e-01
1.131911250097697e-03	1.544576e+00	4.647294e-01
1.132123871515293e-03	1.542231e+00	4.677950e-01
1.132287969871083e-03	1.540169e+00	4.742395e-01
1.132440143569575e-03	1.537968e+00	4.830502e-01
1.132577861735150e-03	1.535866e+00	4.916475e-01
1.132722552219724e-03	1.533731e+00	4.994898e-01
1.132910463607912e-03	1.531471e+00	5.059394e-01
1.133080384300445e-03	1.529759e+00	5.057971e-01
1.133322721936788e-03	1.528701e+00	4.984565e-01
1.133463767549440e-03	1.528687e+00	4.919534e-01
1.133585954138039e-03	1.528600e+00	4.853438e-01
1.133707374150278e-03	1.528559e+00	4.794144e-01
1.133845180903760e-03	1.528517e+00	4.745380e-01
1.133979403377623e-03	1.528352e+00	4.725523e-01
1.134103314251839e-03	1.528148e+00	4.741646e-01
1.134259166015178e-03	1.527512e+00	4.798888e-01
1.134395880228686e-03	1.526511e+00	4.868581e-01
1.134513757137887e-03	1.525645e+00	4.938674e-01
1.134632138550188e-03	1.524854e+00	5.008824e-01
1.134759218219475e-03	1.524162e+00	5.074605e-01
1.134873742038753e-03	1.523565e+00	5.111906e-01
1.135050400086148e-03	1.522924e+00	5.128334e-01
1.135251963769721e-03	1.523192e+00	5.119485e-01
1.135409794422864e-03	1.523868e+00	5.100349e-01
1.135598955832315e-03	1.524851e+00	5.071444e-01
1.135786935149176e-03	1.526104e+00	5.048033e-01
1.135940269435067e-03	1.527154e+00	5.037190e-01
1.136038060291988e-03	1.527778e+00	5.037433e-01
1.136196346301161e-03	1.528917e+00	5.069198e-01
1.136303367773920e-03	1.529806e+00	5.109276e-01
1.136419224674308e-03	1.530700e+00	5.158993e-01
1.136569312466365e-03	1.531830e+00	5.226027e-01
1.136733530208107e-03	1.532995e+00	5.287362e-01
1.136932875388406e-03	1.534504e+00	5.333292e-01
1.137137531397681e-03	1.537057e+00	5.369152e-01
1.137329813807715e-03	1.540142e+00	5.425664e-01
1.137406761333921e-03	1.541414e+00	5.456104e-01
1.137510707210587e-03	1.543283e+00	5.499490e-01
1.137662199202607e-03	1.546147e+00	5.558745e-01
1.137803172422582e-03	1.548961e+00	5.602860e-01
1.137920144382002e-03	1.551482e+00	5.624456e-01
1.138075709152684e-03	1.555375e+00	5.644482e-01
1.138347942663449e-03	1.563685e+00	5.720985e-01
1.138642886102607e-03	1.573604e+00	5.836929e-01
1.138834864439808e-03	1.580427e+00	5.890688e-01
1.139015606734872e-03	1.587368e+00	5.916214e-01
1.139195145572098e-03	1.595123e+00	5.931166e-01
1.139300774708508e-03	1.599897e+00	5.940850e-01
1.139433467439396e-03	1.605839e+00	5.954125e-01
1.139657142301032e-03	1.615897e+00	5.976816e-01
1.139897157868441e-03	1.626614e+00	5.993918e-01
1.140064557651790e-03	1.633999e+00	5.981234e-01
1.140166416709606e-03	1.638378e+00	5.918867e-01
1.140235913367740e-03	1.641299e+00	5.849920e-01
1.140305216466030e-03	1.644214e+00	5.767386e-01
1.140377864511956e-03	1.647199e+00	5.668771e-01
1.140456054758959e-03	1.650300e+00	5.554464e-01
1.140535414385008e-03	1.653303e+00	5.435148e-01
1.140661061974097e-03	1.657532e+00	5.253555e-01
1.140816441099389e-03	1.662023e+00	5.070969e-01
1.140847594721400e-03	1.662788e+00	5.044512e-01
1.140878748343411e-03	1.663519e+00	5.023068e-01
1.140909901965422e-03	1.664215e+00	5.006640e-01
1.140941055587433e-03	1.664876e+00	4.995225e-01
1.140972209209444e-03	1.665502e+00	4.988826e-01
1.141003362831455e-03	1.666095e+00	4.987440e-01
1.141034516453467e-03	1.666652e+00	4.991069e-01
1.141109628338148e-03	1.667940e+00	5.019367e-01
1.141225607006206e-03	1.669829e+00	5.105559e-01
1.141380998417645e-03	1.671650e+00	5.261795e-01
1.141517971775294e-03	1.672448e+00	5.416243e-01
1.141643378264275e-03	1.672930e+00	5.556558e-01
1.141769983228867e-03	1.673166e+00	5.674891e-01
1.141895964835691e-03	1.672934e+00	5.752985e-01
1.141977509943633e-03	1.672730e+00	5.775369e-01
1.142043604346791e-03	1.672873e+00	5.777260e-01
1.142109019529764e-03	1.673184e+00	5.766257e-01
1.142189630203675e-03	1.673441e+00	5.735857e-01
1.142242482134592e-03	1.673683e+00	5.710423e-01
1.142304063436191e-03	1.674010e+00	5.675886e-01
1.142368537811520e-03	1.674425e+00	5.635796e-01
1.142437544693098e-03	1.675051e+00	5.591153e-01
1.142487269860123e-03	1.675588e+00	5.558446e-01
1.142524229273301e-03	1.675938e+00	5.533268e-01
1.142560444178357e-03	1.676248e+00	5.508375e-01
1.142596613809409e-03	1.676562e+00	5.483976e-01
1.142632977855616e-03	1.676876e+00	5.460151e-01
1.142693412869726e-03	1.677409e+00	5.422889e-01
1.142761587287856e-03	1.677960e+00	5.385704e-01
1.142799425618774e-03	1.678265e+00	5.367993e-01
1.142840544832501e-03	1.678585e+00	5.351786e-01
1.142894776711319e-03	1.679000e+00	5.335650e-01
1.142950970803750e-03	1.679422e+00	5.325977e-01
1.143018869652280e-03	1.679923e+00	5.320120e-01
1.143108566923961e-03	1.680473e+00	5.307065e-01
1.143216941848970e-03	1.680899e+00	5.274684e-01
1.143331057255332e-03	1.681170e+00	5.224109e-01
1.143559288068056e-03	1.681459e+00	5.108845e-01
1.143767319770414e-03	1.681263e+00	5.022861e-01
1.143998728172289e-03	1.679898e+00	4.982710e-01
1.144220636421157e-03	1.677371e+00	5.011192e-01
1.144420049646686e-03	1.674099e+00	5.078127e-01
1.144555295539090e-03	1.671744e+00	5.135712e-01
1.144706041871311e-03	1.669251e+00	5.198776e-01
1.144842337335859e-03	1.666989e+00	5.240126e-01
1.144997614030860e-03	1.664435e+00	5.255378e-01
1.145178930411620e-03	1.661866e+00	5.232063e-01
1.145358774558901e-03	1.660000e+00	5.179467e-01
1.145475560367754e-03	1.658866e+00	5.133199e-01
1.145595858189446e-03	1.657611e+00	5.081517e-01
1.145710353396787e-03	1.656423e+00	5.037533e-01
1.145841701327886e-03	1.655007e+00	4.999928e-01
1.145963012872097e-03	1.653644e+00	4.980553e-01
1.146128333659319e-03	1.651372e+00	4.958578e-01
1.146239930000231e-03	1.649536e+00	4.930385e-01
1.146377991965591e-03	1.647276e+00	4.880086e-01
1.146535100270779e-03	1.644745e+00	4.817184e-01
1.146687297241249e-03	1.642246e+00	4.762893e-01
1.146889772190242e-03	1.638628e+00	4.718151e-01
1.147105487179125e-03	1.634016e+00	4.702535e-01
1.147312699673944e-03	1.628695e+00	4.700945e-01
1.147478261188044e-03	1.624196e+00	4.702624e-01
1.147665907376846e-03	1.619094e+00	4.706647e-01
1.147857922724419e-03	1.613842e+00	4.712512e-01
1.148067085869979e-03	1.608209e+00	4.733559e-01
1.148171303341365e-03	1.605467e+00	4.767296e-01
1.148272890705392e-03	1.602766e+00	4.825478e-01
1.148371508571507e-03	1.600154e+00	4.897128e-01
1.148494804871378e-03	1.596926e+00	4.995520e-01
1.148666960778419e-03	1.592441e+00	5.122824e-01
1.148853399755038e-03	1.588004e+00	5.216883e-01
1.149056331814560e-03	1.584338e+00	5.240003e-01
1.149269287403501e-03	1.582496e+00	5.187520e-01
1.149440301574853e-03	1.581586e+00	5.101134e-01
1.149570346521412e-03	1.580979e+00	5.022225e-01
1.149703957694898e-03	1.580470e+00	4.946856e-01
1.149837678663836e-03	1.580059e+00	4.891654e-01
1.149973785250415e-03	1.579637e+00	4.870878e-01
1.150111771401842e-03	1.579034e+00	4.899340e-01
1.150239765382475e-03	1.578354e+00	4.976607e-01
1.150384903589818e-03	1.577225e+00	5.104520e-01
1.150515454015367e-03	1.575983e+00	5.234764e-01
1.150651754270915e-03	1.574956e+00	5.373322e-01
1.150724383699575e-03	1.574581e+00	5.442092e-01
1.150765459856617e-03	1.574439e+00	5.476583e-01
1.150804960006198e-03	1.574341e+00	5.505626e-01
1.150843810369264e-03	1.574268e+00	5.528794e-01
1.150921511095398e-03	1.574223e+00	5.560871e-01
1.150995846850469e-03	1.574272e+00	5.574038e-01
1.151087156522380e-03	1.574517e+00	5.570359e-01
1.151187433726675e-03	1.574886e+00	5.549550e-01
1.151362312711094e-03	1.575891e+00	5.492439e-01
1.151548221445687e-03	1.578990e+00	5.436099e-01
1.151631283848323e-03	1.580833e+00	5.412977e-01
1.151692503995602e-03	1.581925e+00	5.394139e-01
1.151767951175963e-03	1.583264e+00	5.373992e-01
1.151881822484210e-03	1.585264e+00	5.349737e-01
1.151984757264986e-03	1.587088e+00	5.342310e-01
1.152096185038972e-03	1.589116e+00	5.360318e-01
1.152172130966502e-03	1.590535e+00	5.390885e-01
1.152270466703551e-03	1.592372e+00	5.447265e-01
1.152383332876804e-03	1.594116e+00	5.522646e-01
1.152442676131776e-03	1.594938e+00	5.565757e-01
1.152518791277605e-03	1.596227e+00	5.626135e-01
1.152559430172084e-03	1.596998e+00	5.658748e-01
1.152635766627988e-03	1.598556e+00	5.717447e-01
1.152749341154162e-03	1.600728e+00	5.792480e-01
1.152842279693214e-03	1.602487e+00	5.838115e-01
1.152941836081425e-03	1.604523e+00	5.865328e-01
1.153061558062650e-03	1.607318e+00	5.882996e-01
1.153189779014616e-03	1.611058e+00	5.912867e-01
1.153313160522036e-03	1.615184e+00	5.959792e-01
1.153600734046932e-03	1.625768e+00	6.093002e-01
1.153804220270344e-03	1.633963e+00	6.166436e-01
1.153990289863362e-03	1.642124e+00	6.185027e-01
1.154127580741472e-03	1.648365e+00	6.119384e-01
1.154263713208565e-03	1.655218e+00	5.967931e-01
1.154352101961896e-03	1.659968e+00	5.831129e-01
1.154422385462977e-03	1.663430e+00	5.702234e-01
1.154509986679892e-03	1.667432e+00	5.532400e-01
1.154595693063344e-03	1.671006e+00	5.365884e-01
1.154714462110782e-03	1.675252e+00	5.154897e-01
1.154782434273442e-03	1.677367e+00	5.056371e-01
1.154919744539016e-03	1.680992e+00	4.912815e-01
1.155019020125854e-03	1.683096e+00	4.891279e-01
1.155111456505449e-03	1.684687e+00	4.918822e-01
1.155170503017970e-03	1.685555e+00	4.953292e-01
1.155254713495797e-03	1.686649e+00	5.020799e-01
1.155359098894735e-03	1.688035e+00	5.128017e-01
1.155528100985345e-03	1.689342e+00	5.316781e-01
1.155656952942620e-03	1.689345e+00	5.450823e-01
1.155774241589369e-03	1.689376e+00	5.555701e-01
1.155890563602568e-03	1.689787e+00	5.627976e-01
1.156027130122053e-03	1.688519e+00	5.632960e-01
1.156218769108032e-03	1.686651e+00	5.555730e-01
1.156321178956415e-03	1.687142e+00	5.498246e-01
1.156397748086987e-03	1.687246e+00	5.438558e-01
1.156496466553133e-03	1.687234e+00	5.353781e-01
1.156591358124030e-03	1.687600e+00	5.275797e-01
1.156658752701932e-03	1.687747e+00	5.222624e-01
1.156737961887467e-03	1.687723e+00	5.165872e-01
1.156819315340747e-03	1.687703e+00	5.120646e-01
1.156927211657124e-03	1.687612e+00	5.085924e-01
1.157045619409152e-03	1.687342e+00	5.075113e-01
1.157193006943221e-03	1.686302e+00	5.074724e-01
1.157340886045662e-03	1.684665e+00	5.074485e-01
1.157497881313399e-03	1.682675e+00	5.075157e-01
1.157660874264100e-03	1.680448e+00	5.076988e-01
1.157847895266293e-03	1.677765e+00	5.080652e-01
1.158041755647944e-03	1.675085e+00	5.098895e-01
1.158144561072988e-03	1.673649e+00	5.132443e-01
1.158235663001923e-03	1.672277e+00	5.187822e-01
1.158319129710527e-03	1.670982e+00	5.254982e-01
1.158410326115316e-03	1.669594e+00	5.340239e-01
1.158526140675145e-03	1.667760e+00	5.454474e-01
1.158576348713347e-03	1.667005e+00	5.504438e-01
1.158611667664537e-03	1.666533e+00	5.539191e-01
1.158643975618853e-03	1.666132e+00	5.569877e-01
1.158690790297798e-03	1.665596e+00	5.611015e-01
1.158784419655688e-03	1.664656e+00	5.680583e-01
1.158895988338485e-03	1.663817e+00	5.737811e-01
1.159010506805180e-03	1.663073e+00	5.755193e-01
1.159135894352883e-03	1.662567e+00	5.728030e-01
1.159252806556727e-03	1.662507e+00	5.668195e-01
1.159388564739080e-03	1.663667e+00	5.581053e-01
1.159459271685293e-03	1.664651e+00	5.531295e-01
1.159517178984653e-03	1.665257e+00	5.485698e-01
1.159580705005529e-03	1.665918e+00	5.435744e-01
1.159641969751191e-03	1.666577e+00	5.389737e-01
1.159707473149419e-03	1.667253e+00	5.343485e-01
1.159740819677655e-03	1.667578e+00	5.321771e-01
1.159772716367891e-03	1.667882e+00	5.303077e-01
1.159813282692455e-03	1.668256e+00	5.282155e-01
1.159860456776090e-03	1.668675e+00	5.262030e-01
1.159942716125768e-03	1.669332e+00	5.238691e-01
1.160029691529775e-03	1.670025e+00	5.237115e-01
1.160097041250417e-03	1.670551e+00	5.249394e-01
1.160174015947570e-03	1.671182e+00	5.275130e-01
1.160288781789421e-03	1.672124e+00	5.331098e-01
1.160442686304656e-03	1.672457e+00	5.414478e-01
1.160572075359778e-03	1.672159e+00	5.484861e-01
1.160702920758342e-03	1.671964e+00	5.554199e-01
1.160774248690519e-03	1.671973e+00	5.588197e-01
1.160816850499286e-03	1.672042e+00	5.605693e-01
1.160853776450900e-03	1.672105e+00	5.618275e-01
1.160889841173712e-03	1.672153e+00	5.627348e-01
1.160961970619336e-03	1.672269e+00	5.637855e-01
1.161030108697745e-03	1.672433e+00	5.639269e-01
1.161113696496358e-03	1.672695e+00	5.630364e-01
1.161194780094105e-03	1.672991e+00	5.612691e-01
1.161302812574905e-03	1.673669e+00	5.581864e-01
1.161368318856544e-03	1.674226e+00	5.560461e-01
1.161425051838475e-03	1.674647e+00	5.538959e-01
1.161481464302506e-03	1.675074e+00	5.516623e-01
1.161536174083043e-03	1.675496e+00	5.494736e-01
1.161591057397660e-03	1.675929e+00	5.473159e-01
1.161667704247984e-03	1.676539e+00	5.444445e-01
1.161735004162714e-03	1.677039e+00	5.421948e-01
1.161781535225934e-03	1.677378e+00	5.408476e-01
1.161832445617335e-03	1.677749e+00	5.396276e-01
1.161894522792249e-03	1.678198e+00	5.385842e-01
1.161973624255089e-03	1.678754e+00	5.380303e-01
1.162056635966232e-03	1.679411e+00	5.388193e-01
1.162192852058710e-03	1.680527e+00	5.427772e-01
1.162356520311632e-03	1.681147e+00	5.494657e-01
1.162480398447918e-03	1.681181e+00	5.553369e-01
1.162559909627903e-03	1.681257e+00	5.594363e-01
1.162605964905807e-03	1.681374e+00	5.618544e-01
1.162642111969928e-03	1.681495e+00	5.637094e-01
1.162676646190228e-03	1.681630e+00	5.654068e-01
1.162726157402163e-03	1.681842e+00	5.676049e-01
1.162825179826033e-03	1.682278e+00	5.711882e-01
1.162917486972897e-03	1.682696e+00	5.733299e-01
1.163011802905331e-03	1.683192e+00	5.735970e-01
1.163101128055904e-03	1.683676e+00	5.710603e-01
1.163197535152190e-03	1.684397e+00	5.652306e-01
1.163280668510242e-03	1.685421e+00	5.584417e-01
1.163329877899849e-03	1.686101e+00	5.536578e-01
1.163369374585114e-03	1.686551e+00	5.493256e-01
1.163409422834434e-03	1.686970e+00	5.446669e-01
1.163455972553727e-03	1.687463e+00	5.390953e-01
1.163496092370941e-03	1.687897e+00	5.342343e-01
1.163531604724788e-03	1.688241e+00	5.298943e-01
1.163576932631495e-03	1.688656e+00	5.244167e-01
1.163619955722467e-03	1.689037e+00	5.193644e-01
1.163661706297786e-03	1.689385e+00	5.146658e-01
1.163697813525742e-03	1.689662e+00	5.108171e-01
1.163731472653471e-03	1.689905e+00	5.074810e-01
1.163769074336901e-03	1.690150e+00	5.041004e-01
1.163817785293423e-03	1.690445e+00	5.003545e-01
1.163876886211666e-03	1.690788e+00	4.969555e-01
1.163953344439988e-03	1.691252e+00	4.946920e-01
1.164052887185989e-03	1.691934e+00	4.942766e-01
1.164200207656160e-03	1.692103e+00	4.942711e-01
1.164377761821172e-03	1.689818e+00	4.920783e-01
1.164561828073590e-03	1.686434e+00	4.892312e-01
1.164714791199572e-03	1.683490e+00	4.874012e-01
1.164874709817163e-03	1.680694e+00	4.867471e-01
1.165045532993240e-03	1.677547e+00	4.871444e-01
1.165186703273789e-03	1.674539e+00	4.882286e-01
1.165346969603516e-03	1.670721e+00	4.901580e-01
1.165524786594858e-03	1.666239e+00	4.926663e-01
1.165702642352070e-03	1.661649e+00	4.950244e-01
1.165878939817277e-03	1.657146e+00	4.967424e-01
1.166057202978621e-03	1.652859e+00	4.984911e-01
1.166167822375082e-03	1.650371e+00	5.008322e-01
1.166303296218814e-03	1.647325e+00	5.055996e-01
1.166425859336628e-03	1.644623e+00	5.109904e-01
1.166613305382379e-03	1.640579e+00	5.194307e-01
1.166799327430885e-03	1.636713e+00	5.255830e-01
1.167031038360626e-03	1.633023e+00	5.298951e-01
1.167244756510487e-03	1.631089e+00	5.330203e-01
1.167415304432104e-03	1.629867e+00	5.356386e-01
1.167618605545414e-03	1.628673e+00	5.388440e-01
1.167831258403967e-03	1.627697e+00	5.414229e-01
1.167965791987597e-03	1.627453e+00	5.428119e-01
1.168077007054386e-03	1.627504e+00	5.449226e-01
1.168136182433235e-03	1.627595e+00	5.474918e-01
1.168182060625548e-03	1.627699e+00	5.506638e-01
1.168230875137646e-03	1.627859e+00	5.548926e-01
1.168283743840745e-03	1.628096e+00	5.602589e-01
1.168347905112318e-03	1.628511e+00	5.676642e-01
1.168427620254691e-03	1.629260e+00	5.777885e-01
1.168532170470300e-03	1.630722e+00	5.916547e-01
1.168682242685389e-03	1.631797e+00	6.088945e-01
1.168799798216338e-03	1.632782e+00	6.191621e-01
1.168926075676845e-03	1.635023e+00	6.252684e-01
1.169058330477102e-03	1.638676e+00	6.242364e-01
1.169182119400588e-03	1.643418e+00	6.152395e-01
1.169297584438944e-03	1.649260e+00	6.011856e-01
1.169381402614074e-03	1.653767e+00	5.881369e-01
1.169469158105506e-03	1.658196e+00	5.726255e-01
1.169555093896865e-03	1.662444e+00	5.571834e-01
1.169642656537376e-03	1.666386e+00	5.420036e-01
1.169732844349141e-03	1.669656e+00	5.273605e-01
1.169789494593914e-03	1.671453e+00	5.195205e-01
1.169860105297876e-03	1.673573e+00	5.120063e-01
1.169924048488853e-03	1.675289e+00	5.075960e-01
1.170049757144752e-03	1.678087e+00	5.047460e-01
1.170143475152940e-03	1.679881e+00	5.057367e-01
1.170227417040659e-03	1.681222e+00	5.072224e-01
1.170283625745300e-03	1.681994e+00	5.084703e-01
1.170353660049334e-03	1.682838e+00	5.102493e-01
1.170446659779162e-03	1.683796e+00	5.128808e-01
1.170577225528161e-03	1.684975e+00	5.167877e-01
1.170784289573377e-03	1.688514e+00	5.241352e-01
1.171093878881934e-03	1.688935e+00	5.290553e-01
1.171289175666040e-03	1.682233e+00	5.260241e-01
1.171514170844690e-03	1.679402e+00	5.290666e-01
1.171616669869573e-03	1.679442e+00	5.320548e-01
1.171712280974797e-03	1.678761e+00	5.340185e-01
1.171808921519651e-03	1.678001e+00	5.355990e-01
1.171904284552240e-03	1.677246e+00	5.366794e-01
1.171995074182352e-03	1.676498e+00	5.370705e-01
1.172114111958584e-03	1.675535e+00	5.367025e-01
1.172259746976551e-03	1.674490e+00	5.353556e-01
1.172449758467629e-03	1.673365e+00	5.328711e-01
1.172595086566924e-03	1.672640e+00	5.308105e-01
1.172720612993628e-03	1.672022e+00	5.291590e-01
1.172845599252192e-03	1.671416e+00	5.279758e-01
1.172973273393591e-03	1.670792e+00	5.274059e-01
1.173105209449531e-03	1.670088e+00	5.272354e-01
1.173465947243702e-03	1.667996e+00	5.265595e-01
1.173737746580397e-03	1.666420e+00	5.260040e-01
1.173928969361379e-03	1.665304e+00	5.260096e-01
1.174039054827250e-03	1.664664e+00	5.271753e-01
1.174102203110502e-03	1.664305e+00	5.296690e-01
1.174154323078315e-03	1.664015e+00	5.334977e-01
1.174203902893075e-03	1.663732e+00	5.383603e-01
1.174249100477737e-03	1.663491e+00	5.437050e-01
1.174301937611198e-03	1.663170e+00	5.507187e-01
1.174335424383764e-03	1.662941e+00	5.554958e-01
1.174357465910250e-03	1.662816e+00	5.588314e-01
1.174378531111399e-03	1.662718e+00	5.621403e-01
1.174402957204893e-03	1.662638e+00	5.661025e-01
1.174442707181937e-03	1.662567e+00	5.727419e-01
1.174498564941175e-03	1.662646e+00	5.823048e-01
1.174593230276219e-03	1.663046e+00	5.982165e-01
1.174710962811927e-03	1.663394e+00	6.157155e-01
1.174817569247385e-03	1.663726e+00	6.276916e-01
1.174933761384082e-03	1.663616e+00	6.338783e-01
1.175055178568973e-03	1.665507e+00	6.353336e-01
1.175175253869001e-03	1.669156e+00	6.335906e-01
1.175295362481670e-03	1.673977e+00	6.301272e-01
1.175415476422059e-03	1.679807e+00	6.258994e-01
1.175523982517838e-03	1.685508e+00	6.217028e-01
1.175637633357431e-03	1.691530e+00	6.173265e-01
1.175769781527520e-03	1.698556e+00	6.133139e-01
1.175928477784218e-03	1.706256e+00	6.099321e-01
1.176051285121757e-03	1.711353e+00	6.070813e-01
1.176232975978412e-03	1.718380e+00	5.945936e-01
1.176336164145360e-03	1.722192e+00	5.830271e-01
1.176427196183205e-03	1.725409e+00	5.712088e-01
1.176580410351962e-03	1.730220e+00	5.499767e-01
1.176720105005703e-03	1.733747e+00	5.325178e-01
1.176758371796798e-03	1.734627e+00	5.280117e-01
1.176796638587893e-03	1.735447e+00	5.241443e-01
1.176834905378987e-03	1.736208e+00	5.209157e-01
1.176873172170082e-03	1.736908e+00	5.183259e-01
1.176911438961177e-03	1.737549e+00	5.163748e-01
1.176949705752272e-03	1.738129e+00	5.150624e-01
1.176987972543367e-03	1.738650e+00	5.143889e-01
1.177040319718232e-03	1.739293e+00	5.141720e-01
1.177110873402606e-03	1.740004e+00	5.142050e-01
1.177197211685012e-03	1.740647e+00	5.142178e-01
1.177328075088791e-03	1.741159e+00	5.141517e-01
1.177518001137620e-03	1.744542e+00	5.174928e-01
1.177811306775078e-03	1.747879e+00	5.223638e-01
1.178049104466593e-03	1.737224e+00	5.140080e-01
1.178242554289775e-03	1.730324e+00	5.090227e-01
1.178348529180181e-03	1.729459e+00	5.089257e-01
1.178426724189359e-03	1.728167e+00	5.080704e-01
1.178524745985166e-03	1.726156e+00	5.065877e-01
1.178599827561646e-03	1.724601e+00	5.054951e-01
1.178678165006267e-03	1.722786e+00	5.043016e-01
1.178771623289764e-03	1.720561e+00	5.030854e-01
1.178867078753665e-03	1.718248e+00	5.022271e-01
1.178978692849527e-03	1.715499e+00	5.020999e-01
1.179107400782968e-03	1.712308e+00	5.038751e-01
1.179240549917412e-03	1.708939e+00	5.082479e-01
1.179378676113916e-03	1.705313e+00	5.148413e-01
1.179519996592153e-03	1.701517e+00	5.224959e-01
1.179666550280152e-03	1.697620e+00	5.298941e-01
1.179855639059469e-03	1.693073e+00	5.370976e-01
1.180001055349466e-03	1.690276e+00	5.406803e-01
1.180095792499989e-03	1.688734e+00	5.429227e-01
1.180170982375366e-03	1.687587e+00	5.458795e-01
1.180244206432225e-03	1.686522e+00	5.500317e-01
1.180310880809191e-03	1.685649e+00	5.546942e-01
1.180396455675090e-03	1.684684e+00	5.615285e-01
1.180494476043499e-03	1.683903e+00	5.699556e-01
1.180638372740035e-03	1.683318e+00	5.819353e-01
1.180811363679937e-03	1.682473e+00	5.930001e-01
1.180932483821640e-03	1.682126e+00	5.971960e-01
1.181065844768348e-03	1.682699e+00	5.994212e-01
1.181207788543989e-03	1.684008e+00	6.023979e-01
1.181348549636142e-03	1.687229e+00	6.085179e-01
1.181501887279277e-03	1.691460e+00	6.162678e-01
1.181704461464289e-03	1.697850e+00	6.255626e-01
1.181899411661346e-03	1.704871e+00	6.311273e-01
1.182062686571744e-03	1.711416e+00	6.297324e-01
1.182191934145337e-03	1.716890e+00	6.211908e-01
1.182317181010449e-03	1.722819e+00	6.071244e-01
1.182392768585183e-03	1.726409e+00	5.965106e-01
1.182481384401021e-03	1.730214e+00	5.826125e-01
1.182581793475802e-03	1.734319e+00	5.669837e-01
1.182696175596156e-03	1.738223e+00	5.499422e-01
1.182762097369797e-03	1.740087e+00	5.412159e-01
1.182822830385025e-03	1.741685e+00	5.347855e-01
1.182892134033037e-03	1.743370e+00	5.299986e-01
1.183035164739434e-03	1.746067e+00	5.253259e-01
1.183115123426799e-03	1.747311e+00	5.259615e-01
1.183157286506327e-03	1.747873e+00	5.264808e-01
1.183208540420674e-03	1.748481e+00	5.272740e-01
1.183267811663089e-03	1.749093e+00	5.283900e-01
1.183348279160752e-03	1.749789e+00	5.301776e-01
1.183453338362505e-03	1.750537e+00	5.328454e-01
1.183614626394608e-03	1.752205e+00	5.378354e-01
1.183874421102269e-03	1.756178e+00	5.469080e-01
1.184100167090066e-03	1.750691e+00	5.473884e-01
1.184246605388646e-03	1.746881e+00	5.515763e-01
1.184390173497387e-03	1.745430e+00	5.621528e-01
1.184454833350375e-03	1.745175e+00	5.681510e-01
1.184499074865840e-03	1.744809e+00	5.722689e-01
1.184539601368315e-03	1.744403e+00	5.759620e-01
1.184598775663407e-03	1.743806e+00	5.811368e-01
1.184699487753651e-03	1.743055e+00	5.893201e-01
1.184805671160232e-03	1.742438e+00	5.962059e-01
1.184929329540273e-03	1.741807e+00	6.005577e-01
1.185057914934713e-03	1.741317e+00	5.995725e-01
1.185196578125741e-03	1.741408e+00	5.921134e-01
1.185333235319729e-03	1.743281e+00	5.811566e-01
1.185409526802668e-03	1.744840e+00	5.738010e-01
1.185470821755599e-03	1.745824e+00	5.669782e-01
1.185532289269427e-03	1.746688e+00	5.599046e-01
1.185614838886509e-03	1.747850e+00	5.507479e-01
1.185707720603044e-03	1.748901e+00	5.409877e-01
1.185755141960108e-03	1.749310e+00	5.364666e-01
1.185798403515088e-03	1.749676e+00	5.329705e-01
1.185851814761159e-03	1.750117e+00	5.295965e-01
1.185959812771148e-03	1.750666e+00	5.249258e-01
1.186007303348782e-03	1.750899e+00	5.247004e-01
1.186041672231371e-03	1.751051e+00	5.251962e-01
1.186085406317004e-03	1.751216e+00	5.265420e-01
1.186132410053859e-03	1.751377e+00	5.288448e-01
1.186193917445515e-03	1.751584e+00	5.330708e-01
1.186267802459773e-03	1.751834e+00	5.396540e-01
1.186373784962207e-03	1.751826e+00	5.507034e-01
1.186497170102793e-03	1.750539e+00	5.637517e-01
1.186562299839432e-03	1.749769e+00	5.708323e-01
1.186599271197577e-03	1.749501e+00	5.749957e-01
1.186621247117923e-03	1.749367e+00	5.774386e-01
1.186642575949580e-03	1.749238e+00	5.797487e-01
1.186668011501609e-03	1.749087e+00	5.823947e-01
1.186718882605665e-03	1.748776e+00	5.872308e-01
1.186805008955489e-03	1.748297e+00	5.941010e-01
1.186898182257805e-03	1.747883e+00	5.992728e-01
1.186989329870483e-03	1.747563e+00	6.011998e-01
1.187089457197838e-03	1.747294e+00	5.994776e-01
1.187207179432234e-03	1.747780e+00	5.943338e-01
1.187298868932568e-03	1.748840e+00	5.887698e-01
1.187370820535942e-03	1.749720e+00	5.832727e-01
1.187440874019710e-03	1.750498e+00	5.772258e-01
1.187514794666854e-03	1.751462e+00	5.707217e-01
1.187585409274708e-03	1.752410e+00	5.646166e-01
1.187675651675139e-03	1.753618e+00	5.574638e-01
1.187788310385402e-03	1.754767e+00	5.494789e-01
1.187842533985762e-03	1.755157e+00	5.462901e-01
1.187944154894560e-03	1.756013e+00	5.433265e-01
1.188071959993554e-03	1.756517e+00	5.434794e-01
1.188126103325467e-03	1.756790e+00	5.460969e-01
1.188170545740284e-03	1.757001e+00	5.490995e-01
1.188222384333619e-03	1.757218e+00	5.534066e-01
1.188285364553220e-03	1.757467e+00	5.596694e-01
1.188364638202020e-03	1.757382e+00	5.682284e-01
1.188411791730975e-03	1.757192e+00	5.736237e-01
1.188450464506084e-03	1.757099e+00	5.783261e-01
1.188472407834717e-03	1.757053e+00	5.810495e-01
1.188490558252018e-03	1.757041e+00	5.833450e-01
1.188508403088716e-03	1.757041e+00	5.856171e-01
1.188537900258839e-03	1.757068e+00	5.893833e-01
1.188580043905209e-03	1.757148e+00	5.946892e-01
1.188654408514249e-03	1.757299e+00	6.035121e-01
1.188748883041329e-03	1.757373e+00	6.130423e-01
1.188862269083745e-03	1.757504e+00	6.212966e-01
1.188968303480982e-03	1.757713e+00	6.246680e-01
1.189087346792814e-03	1.757738e+00	6.226574e-01
1.189223451271247e-03	1.760117e+00	6.176649e-01
1.189329644005628e-03	1.763295e+00	6.124315e-01
1.189414356126985e-03	1.765651e+00	6.067726e-01
1.189510568469791e-03	1.768262e+00	5.996630e-01
1.189598559881237e-03	1.770712e+00	5.932940e-01
1.189702041251829e-03	1.773470e+00	5.865110e-01
1.189819173950599e-03	1.776346e+00	5.805134e-01
1.189937876313201e-03	1.778715e+00	5.767427e-01
1.190035944120777e-03	1.780289e+00	5.758831e-01
1.190124354646271e-03	1.781612e+00	5.770007e-01
1.190221244173267e-03	1.782998e+00	5.797135e-01
1.190336137585899e-03	1.784158e+00	5.836909e-01
1.190393222414625e-03	1.784622e+00	5.859519e-01
1.190444890160525e-03	1.785160e+00	5.883285e-01
1.190502948905887e-03	1.785741e+00	5.910667e-01
1.190558482685190e-03	1.786274e+00	5.936769e-01
1.190618049437918e-03	1.786856e+00	5.964126e-01
1.190691991118400e-03	1.787662e+00	5.995446e-01
1.190839874479365e-03	1.788978e+00	6.041888e-01
1.190958454767231e-03	1.789822e+00	6.059858e-01
1.191042806789078e-03	1.790551e+00	6.053286e-01
1.191115033443838e-03	1.791195e+00	6.023260e-01
1.191187941538721e-03	1.791855e+00	5.968250e-01
1.191262711909762e-03	1.792735e+00	5.894264e-01
1.191322703168333e-03	1.793489e+00	5.823669e-01
1.191385561053013e-03	1.794206e+00	5.740448e-01
1.191451523086342e-03	1.794956e+00	5.647990e-01
1.191521396822000e-03	1.795738e+00	5.547937e-01
1.191575384865205e-03	1.796262e+00	5.470749e-01
1.191621795477731e-03	1.796605e+00	5.406062e-01
1.191682318503210e-03	1.796953e+00	5.326580e-01
1.191743682659054e-03	1.797318e+00	5.254516e-01
1.191800478785716e-03	1.797502e+00	5.194814e-01
1.191824450014578e-03	1.797537e+00	5.172672e-01
1.191847257361867e-03	1.797573e+00	5.154666e-01
1.191876847653085e-03	1.797625e+00	5.135216e-01
1.191917060418903e-03	1.797655e+00	5.115091e-01
1.191961463102670e-03	1.797658e+00	5.102559e-01
1.192016741099208e-03	1.797623e+00	5.101713e-01
1.192082366439714e-03	1.797571e+00	5.120108e-01
1.192172506315999e-03	1.797271e+00	5.171294e-01
1.192293906644584e-03	1.796376e+00	5.273922e-01
1.192488169186561e-03	1.792168e+00	5.455014e-01
1.192585857284695e-03	1.789863e+00	5.552794e-01
1.192654690355197e-03	1.788744e+00	5.626208e-01
1.192690052757981e-03	1.788157e+00	5.661773e-01
1.192715948533781e-03	1.787686e+00	5.685875e-01
1.192741889009489e-03	1.787190e+00	5.707960e-01
1.192793660360006e-03	1.786178e+00	5.746285e-01
1.192866707748785e-03	1.784821e+00	5.788453e-01
1.192950723654302e-03	1.783355e+00	5.817070e-01
1.193033086814231e-03	1.782034e+00	5.826262e-01
1.193125199004902e-03	1.780779e+00	5.826706e-01
1.193243487886078e-03	1.779793e+00	5.828442e-01
1.193380132180162e-03	1.779007e+00	5.829972e-01
1.193517654249593e-03	1.778438e+00	5.829812e-01
1.193684957675065e-03	1.778142e+00	5.829351e-01
1.193908680441339e-03	1.778217e+00	5.827931e-01
1.194054816146012e-03	1.778428e+00	5.816626e-01
1.194146892449003e-03	1.778580e+00	5.790175e-01
1.194235731283056e-03	1.778830e+00	5.744933e-01
1.194304284407516e-03	1.779080e+00	5.699837e-01
1.194376680551585e-03	1.779336e+00	5.644600e-01
1.194448657812035e-03	1.779600e+00	5.585637e-01
1.194524331160119e-03	1.779842e+00	5.521576e-01
1.194568387115168e-03	1.779946e+00	5.484254e-01
1.194614454586232e-03	1.780012e+00	5.446271e-01
1.194674445078426e-03	1.780070e+00	5.399928e-01
1.194745003660416e-03	1.780062e+00	5.350782e-01
1.194809492574595e-03	1.779924e+00	5.310983e-01
1.194837744554643e-03	1.779841e+00	5.296380e-01
1.194873814704163e-03	1.779750e+00	5.281781e-01
1.194916536523579e-03	1.779647e+00	5.270019e-01
1.194985832434986e-03	1.779414e+00	5.262309e-01
1.195059412693944e-03	1.779095e+00	5.269391e-01
1.195171558647830e-03	1.778368e+00	5.304034e-01
1.195313766638573e-03	1.776732e+00	5.369368e-01
1.195454935804979e-03	1.774530e+00	5.448459e-01
1.195585387950171e-03	1.772481e+00	5.528917e-01
1.195656868121296e-03	1.771457e+00	5.573180e-01
1.195700649174851e-03	1.770842e+00	5.598636e-01
1.195734503671815e-03	1.770361e+00	5.616769e-01
1.195766714063406e-03	1.769887e+00	5.632164e-01
1.195821824541918e-03	1.769072e+00	5.654281e-01
1.195895529687856e-03	1.768021e+00	5.675784e-01
1.195979280481025e-03	1.766917e+00	5.689865e-01
1.196063278485332e-03	1.765925e+00	5.701862e-01
1.196173335303156e-03	1.764908e+00	5.731810e-01
1.196281301912205e-03	1.764221e+00	5.780012e-01
1.196406901101496e-03	1.763666e+00	5.851101e-01
1.196575388303788e-03	1.763129e+00	5.949847e-01
1.196765661945939e-03	1.762682e+00	6.042020e-01
1.196920652846799e-03	1.762744e+00	6.081833e-01
1.197072114990838e-03	1.762800e+00	6.055649e-01
1.197240304773780e-03	1.764844e+00	5.965102e-01
1.197353324396557e-03	1.767774e+00	5.878442e-01
1.197423614595418e-03	1.769327e+00	5.807838e-01
1.197499708406750e-03	1.770696e+00	5.723380e-01
1.197587148695071e-03	1.772273e+00	5.628361e-01
1.197694826729297e-03	1.773845e+00	5.516572e-01
1.197756252740789e-03	1.774501e+00	5.458548e-01
1.197865157276422e-03	1.775589e+00	5.385809e-01
1.198009657452289e-03	1.776438e+00	5.342984e-01
1.198067581611903e-03	1.776713e+00	5.352628e-01
1.198108607575711e-03	1.776924e+00	5.367007e-01
1.198151277279853e-03	1.777116e+00	5.387572e-01
1.198207728778307e-03	1.777334e+00	5.422703e-01
1.198272271769563e-03	1.777605e+00	5.472808e-01
1.198364355647376e-03	1.777902e+00	5.556741e-01
1.198483699162757e-03	1.776982e+00	5.664277e-01
1.198553487916303e-03	1.776142e+00	5.727003e-01
1.198608396528640e-03	1.775720e+00	5.778580e-01
1.198636980937913e-03	1.775537e+00	5.805061e-01
1.198658179849614e-03	1.775416e+00	5.824234e-01
1.198678037166872e-03	1.775298e+00	5.841516e-01
1.198710462980333e-03	1.775090e+00	5.867825e-01
1.198774996613673e-03	1.774667e+00	5.914251e-01
1.198846419933079e-03	1.774239e+00	5.955203e-01
1.198929478742411e-03	1.773800e+00	5.984940e-01
1.199014895023151e-03	1.773470e+00	6.000874e-01
1.199119726927753e-03	1.773529e+00	6.025290e-01
1.199226277918225e-03	1.774190e+00	6.072328e-01
1.199348260066921e-03	1.775465e+00	6.149037e-01
1.199510744165294e-03	1.776816e+00	6.255441e-01
1.199705625614326e-03	1.779136e+00	6.370665e-01
1.199894036164586e-03	1.782661e+00	6.434140e-01
1.200089511155619e-03	1.787799e+00	6.392601e-01
1.200249999416906e-03	1.793603e+00	6.240786e-01
1.200377547195924e-03	1.799259e+00	6.047654e-01
1.200456108777137e-03	1.802552e+00	5.904266e-01
1.200540310660580e-03	1.805498e+00	5.740340e-01
1.200635595577005e-03	1.808322e+00	5.558735e-01
1.200711984715246e-03	1.810020e+00	5.421882e-01
1.200768543073942e-03	1.811088e+00	5.333963e-01
1.200836270460583e-03	1.812241e+00	5.251552e-01
1.200924175211254e-03	1.813363e+00	5.176373e-01
1.201005423771904e-03	1.814125e+00	5.145940e-01
1.201056056859620e-03	1.814507e+00	5.152616e-01
1.201088342817787e-03	1.814698e+00	5.161765e-01
1.201121308192408e-03	1.814859e+00	5.174877e-01
1.201161060521315e-03	1.815002e+00	5.195332e-01
1.201207071568055e-03	1.815116e+00	5.224681e-01
1.201265417314358e-03	1.815186e+00	5.269370e-01
1.201336845855885e-03	1.815413e+00	5.335431e-01
1.201434318896566e-03	1.817065e+00	5.450568e-01
1.201570069548747e-03	1.817305e+00	5.597584e-01
1.201701375161553e-03	1.814698e+00	5.704906e-01
1.201815672251249e-03	1.811572e+00	5.774011e-01
1.201879067067224e-03	1.810318e+00	5.805797e-01
1.201917310347758e-03	1.809872e+00	5.821950e-01
1.201939460635778e-03	1.809618e+00	5.828832e-01
1.201958211462527e-03	1.809378e+00	5.832792e-01
1.201976850239168e-03	1.809073e+00	5.834359e-01
1.202014127792451e-03	1.808422e+00	5.832780e-01
1.202058666812823e-03	1.807746e+00	5.825650e-01
1.202108362840216e-03	1.807086e+00	5.810840e-01
1.202157443214383e-03	1.806416e+00	5.788195e-01
1.202219462126578e-03	1.805496e+00	5.748832e-01
1.202300615335017e-03	1.804789e+00	5.691181e-01
1.202351613796691e-03	1.804516e+00	5.651301e-01
1.202392743233209e-03	1.804160e+00	5.614740e-01
1.202434215201878e-03	1.803778e+00	5.575971e-01
1.202475904827081e-03	1.803394e+00	5.536061e-01
1.202518564899936e-03	1.803001e+00	5.494922e-01
1.202576039979662e-03	1.802458e+00	5.439862e-01
1.202615086370318e-03	1.802081e+00	5.403400e-01
1.202655357753271e-03	1.801673e+00	5.367271e-01
1.202698232237498e-03	1.801231e+00	5.331190e-01
1.202747848447369e-03	1.800690e+00	5.292923e-01
1.202795359780821e-03	1.800129e+00	5.260002e-01
1.202827517261132e-03	1.799745e+00	5.241208e-01
1.202879777290068e-03	1.799106e+00	5.217012e-01
1.202927351313619e-03	1.798520e+00	5.203282e-01
1.203009314591287e-03	1.797471e+00	5.202861e-01
1.203092541207172e-03	1.796522e+00	5.248349e-01
1.203242687983386e-03	1.793830e+00	5.408334e-01
1.203317965055582e-03	1.791973e+00	5.516766e-01
1.203381820606810e-03	1.790505e+00	5.628765e-01
1.203413348980326e-03	1.789787e+00	5.687751e-01
1.203435242907261e-03	1.789341e+00	5.730486e-01
1.203456531125311e-03	1.788929e+00	5.772825e-01
1.203487072765345e-03	1.788393e+00	5.834490e-01
1.203538164404357e-03	1.787625e+00	5.937737e-01
1.203635414542118e-03	1.786007e+00	6.123319e-01
1.203727555234668e-03	1.784261e+00	6.275375e-01
1.203828616218693e-03	1.783396e+00	6.410502e-01
1.203935408416982e-03	1.782919e+00	6.490720e-01
1.204078248675135e-03	1.782767e+00	6.519426e-01
1.204221067203797e-03	1.783042e+00	6.514689e-01
1.204363029727342e-03	1.786802e+00	6.532860e-01
1.204515186220169e-03	1.792320e+00	6.557599e-01
1.204685779039659e-03	1.799655e+00	6.584720e-01
1.204879339998797e-03	1.808565e+00	6.607360e-01
1.205009496380838e-03	1.814488e+00	6.610402e-01
1.205102186450628e-03	1.818666e+00	6.599629e-01
1.205190243116266e-03	1.822652e+00	6.575734e-01
1.205296635290731e-03	1.827412e+00	6.532533e-01
1.205435806407749e-03	1.833510e+00	6.464165e-01
1.205596309009430e-03	1.840279e+00	6.384079e-01
1.205779352293510e-03	1.847506e+00	6.314421e-01
1.205998895496988e-03	1.854509e+00	6.261727e-01
1.206143527789598e-03	1.858020e+00	6.232982e-01
1.206263487403440e-03	1.860634e+00	6.201481e-01
1.206530968255234e-03	1.865756e+00	6.101696e-01
1.206677672067151e-03	1.868137e+00	6.049063e-01
1.206851077366903e-03	1.870468e+00	6.001175e-01
1.206964210437449e-03	1.871697e+00	5.985800e-01
1.207078480813133e-03	1.872778e+00	5.990041e-01
1.207208335026982e-03	1.873598e+00	6.008981e-01
1.207281394815847e-03	1.873901e+00	6.025172e-01
1.207350054071167e-03	1.874178e+00	6.044613e-01
1.207401501392720e-03	1.874363e+00	6.060654e-01
1.207456737464704e-03	1.874588e+00	6.079310e-01
1.207524903593527e-03	1.874875e+00	6.103087e-01
1.207592850438803e-03	1.875127e+00	6.126271e-01
1.207683003163261e-03	1.875377e+00	6.153459e-01
1.207841317319318e-03	1.875277e+00	6.185654e-01
1.207963617114295e-03	1.875229e+00	6.196920e-01
1.208060751457824e-03	1.875342e+00	6.188258e-01
1.208159477579501e-03	1.875468e+00	6.154378e-01
1.208259144591389e-03	1.875904e+00	6.100419e-01
1.208341863421837e-03	1.876384e+00	6.043312e-01
1.208427290642193e-03	1.876862e+00	5.975719e-01
1.208507129541502e-03	1.877295e+00	5.909491e-01
1.208609313196279e-03	1.877811e+00	5.826648e-01
1.208711024544261e-03	1.878208e+00	5.751975e-01
1.208803305520603e-03	1.878171e+00	5.693059e-01
1.208868309120871e-03	1.878045e+00	5.662788e-01
1.208951115610620e-03	1.877849e+00	5.642702e-01
1.209034522384022e-03	1.877375e+00	5.641651e-01
1.209107056634439e-03	1.876820e+00	5.660763e-01
1.209175618973128e-03	1.876282e+00	5.697883e-01
1.209260454570510e-03	1.875323e+00	5.758395e-01
1.209301453603777e-03	1.874785e+00	5.792705e-01
1.209331911271392e-03	1.874435e+00	5.821588e-01
1.209357033055795e-03	1.874155e+00	5.846841e-01
1.209390921432591e-03	1.873774e+00	5.882231e-01
1.209422302929149e-03	1.873423e+00	5.916086e-01
1.209473679148573e-03	1.872887e+00	5.973209e-01
1.209558788686985e-03	1.871961e+00	6.065974e-01
1.209698255645345e-03	1.870363e+00	6.202704e-01
1.209827194038591e-03	1.868991e+00	6.297698e-01
1.209959857580999e-03	1.867993e+00	6.349590e-01
1.210089083574633e-03	1.867982e+00	6.371136e-01
1.210203465556779e-03	1.868874e+00	6.390232e-01
1.210317306210341e-03	1.870011e+00	6.414942e-01
1.210444916303536e-03	1.871387e+00	6.444080e-01
1.210658029603952e-03	1.875234e+00	6.499044e-01
1.210866051512986e-03	1.879762e+00	6.536588e-01
1.211083938120432e-03	1.885000e+00	6.545635e-01
1.211280851774765e-03	1.890372e+00	6.534196e-01
1.211420600177103e-03	1.894320e+00	6.517765e-01
1.211552048258932e-03	1.897980e+00	6.500022e-01
1.211759134155708e-03	1.903590e+00	6.478113e-01
1.211987516325634e-03	1.908839e+00	6.451390e-01
1.212101817758540e-03	1.911028e+00	6.416903e-01
1.212194574043487e-03	1.912690e+00	6.355746e-01
1.212295230650424e-03	1.914463e+00	6.256834e-01
1.212388578778507e-03	1.916105e+00	6.146861e-01
1.212485033387362e-03	1.917666e+00	6.022902e-01
1.212587372025611e-03	1.919095e+00	5.890507e-01
1.212742073709584e-03	1.920476e+00	5.708317e-01
1.212823293836924e-03	1.920806e+00	5.636471e-01
1.212905525580577e-03	1.920950e+00	5.586090e-01
1.212985276448005e-03	1.920985e+00	5.559638e-01
1.213006085783299e-03	1.920990e+00	5.557803e-01
1.213027624897612e-03	1.920960e+00	5.558818e-01
1.213055950783695e-03	1.920971e+00	5.562562e-01
1.213103975473963e-03	1.920900e+00	5.571430e-01
1.213150590109328e-03	1.920780e+00	5.583478e-01
1.213215833440985e-03	1.920556e+00	5.605875e-01
1.213286780925540e-03	1.920198e+00	5.635981e-01
1.213398745248618e-03	1.919026e+00	5.688063e-01
1.213543050955933e-03	1.915512e+00	5.744213e-01
1.213634621783009e-03	1.913375e+00	5.782765e-01
1.213688041859172e-03	1.912561e+00	5.809041e-01
1.213717397473418e-03	1.912066e+00	5.822318e-01
1.213740880829421e-03	1.911596e+00	5.831663e-01
1.213766425186559e-03	1.911010e+00	5.840329e-01
1.213817513900835e-03	1.909850e+00	5.855706e-01
1.213869677521789e-03	1.908723e+00	5.868657e-01
1.213939139994732e-03	1.907219e+00	5.879564e-01
1.214009814370502e-03	1.905726e+00	5.886573e-01
1.214100140846076e-03	1.903919e+00	5.900234e-01
1.214198665083250e-03	1.902155e+00	5.929065e-01
1.214288064361655e-03	1.900644e+00	5.966909e-01
1.214409306051273e-03	1.898627e+00	6.028223e-01
1.214535840964119e-03	1.896595e+00	6.094257e-01
1.214732946567383e-03	1.894032e+00	6.185808e-01
1.214921553991271e-03	1.891920e+00	6.235742e-01
1.215108777449033e-03	1.890737e+00	6.246254e-01
1.215287122442985e-03	1.891190e+00	6.244572e-01
1.215408207324157e-03	1.891921e+00	6.239986e-01
1.215555368324086e-03	1.892798e+00	6.230008e-01
1.215732450578628e-03	1.894166e+00	6.221073e-01
1.215958527529099e-03	1.895718e+00	6.209054e-01
1.216058719448753e-03	1.896265e+00	6.193258e-01
1.216131159210564e-03	1.896623e+00	6.162310e-01
1.216208851317553e-03	1.896957e+00	6.104897e-01
1.216294838869060e-03	1.897414e+00	6.022637e-01
1.216375052294241e-03	1.897913e+00	5.933436e-01
1.216458834518801e-03	1.898416e+00	5.832171e-01
1.216549962778655e-03	1.898812e+00	5.718598e-01
1.216615422194406e-03	1.898887e+00	5.637554e-01
1.216669859921020e-03	1.898877e+00	5.574516e-01
1.216740612055087e-03	1.898849e+00	5.503269e-01
1.216832409088758e-03	1.898491e+00	5.427440e-01
1.216911215811709e-03	1.897654e+00	5.376198e-01
1.216943892069088e-03	1.897244e+00	5.362126e-01
1.216969993194402e-03	1.896973e+00	5.356809e-01
1.217006164038965e-03	1.896596e+00	5.356023e-01
1.217045478728786e-03	1.896153e+00	5.364094e-01
1.217098305216278e-03	1.895492e+00	5.389201e-01
1.217156602409833e-03	1.894701e+00	5.434532e-01
1.217237969991988e-03	1.893394e+00	5.522683e-01
1.217339538657126e-03	1.891164e+00	5.654678e-01
1.217405476921524e-03	1.889654e+00	5.752257e-01
1.217439708488922e-03	1.888875e+00	5.806606e-01
1.217464131915820e-03	1.888330e+00	5.846508e-01
1.217488332018164e-03	1.887808e+00	5.886599e-01
1.217527009275603e-03	1.887027e+00	5.950998e-01
1.217598498845286e-03	1.885605e+00	6.066416e-01
1.217698507981932e-03	1.883359e+00	6.209368e-01
1.217815721522052e-03	1.880645e+00	6.339941e-01
1.217921407266906e-03	1.878809e+00	6.409944e-01
1.218042860041724e-03	1.877592e+00	6.415476e-01
1.218189094879108e-03	1.876596e+00	6.327132e-01
1.218311441622752e-03	1.877558e+00	6.207259e-01
1.218401245697646e-03	1.878895e+00	6.096641e-01
1.218476744343829e-03	1.879896e+00	5.991627e-01
1.218552937815789e-03	1.880813e+00	5.883080e-01
1.218644306700768e-03	1.881978e+00	5.760727e-01
1.218743649524465e-03	1.882798e+00	5.639254e-01
1.218811756004606e-03	1.882871e+00	5.566123e-01
1.218861354053018e-03	1.882925e+00	5.525884e-01
1.218922947315111e-03	1.883148e+00	5.496626e-01
1.219008110524570e-03	1.882873e+00	5.476940e-01
1.219055349699907e-03	1.882412e+00	5.475420e-01
1.219108924364067e-03	1.882063e+00	5.487817e-01
1.219169918725282e-03	1.881672e+00	5.512741e-01
1.219206335010757e-03	1.881398e+00	5.531733e-01
1.219248377652095e-03	1.881025e+00	5.556743e-01
1.219300016692905e-03	1.880505e+00	5.591428e-01
1.219362909409970e-03	1.879765e+00	5.638015e-01
1.219445222408858e-03	1.878532e+00	5.701953e-01
1.219508031105066e-03	1.877500e+00	5.752292e-01
1.219544676002496e-03	1.876924e+00	5.782462e-01
1.219568467356320e-03	1.876551e+00	5.802005e-01
1.219589308767559e-03	1.876216e+00	5.818876e-01
1.219611212556834e-03	1.875847e+00	5.836104e-01
1.219655020135384e-03	1.875044e+00	5.868169e-01
1.219742635292484e-03	1.873507e+00	5.926250e-01
1.219830656041095e-03	1.872028e+00	5.972708e-01
1.219930511206466e-03	1.870370e+00	6.003878e-01
1.220029944341214e-03	1.868840e+00	6.010517e-01
1.220144932752336e-03	1.867452e+00	5.995834e-01
1.220260619873280e-03	1.866533e+00	5.967352e-01
1.220358223750175e-03	1.865908e+00	5.934233e-01
1.220444004854284e-03	1.865382e+00	5.899874e-01
1.220532365008138e-03	1.864871e+00	5.862594e-01
1.220620417575660e-03	1.864404e+00	5.826767e-01
1.220725954560140e-03	1.863854e+00	5.788954e-01
1.220837933185130e-03	1.863192e+00	5.758336e-01
1.220950495208846e-03	1.862399e+00	5.743105e-01
1.221065002841182e-03	1.861508e+00	5.754280e-01
1.221186117498472e-03	1.860348e+00	5.800029e-01
1.221284289802457e-03	1.859270e+00	5.861311e-01
1.221375078441841e-03	1.858284e+00	5.933747e-01
1.221462860797798e-03	1.857482e+00	6.012625e-01
1.221602076387649e-03	1.856304e+00	6.136906e-01
1.221753819101382e-03	1.854955e+00	6.249979e-01
1.221893467758072e-03	1.853962e+00	6.312479e-01
1.222044327277905e-03	1.853407e+00	6.310228e-01
1.222191249804733e-03	1.854164e+00	6.237327e-01
1.222302635716513e-03	1.855773e+00	6.140391e-01
1.222386481559536e-03	1.857231e+00	6.046471e-01
1.222473601899900e-03	1.858593e+00	5.936647e-01
1.222556675346245e-03	1.859894e+00	5.830877e-01
1.222657155343686e-03	1.861234e+00	5.708943e-01
1.222756079560842e-03	1.861959e+00	5.598448e-01
1.222814523538062e-03	1.862158e+00	5.543266e-01
1.222869247254210e-03	1.862434e+00	5.505719e-01
1.222931668592801e-03	1.862741e+00	5.480527e-01
1.223016157836321e-03	1.862544e+00	5.463483e-01
1.223046246183552e-03	1.862325e+00	5.462541e-01
1.223097797814092e-03	1.862224e+00	5.474496e-01
1.223127645347854e-03	1.862140e+00	5.484773e-01
1.223167850696726e-03	1.861993e+00	5.502064e-01
1.223208129348763e-03	1.861819e+00	5.523091e-01
1.223263889540495e-03	1.861516e+00	5.557332e-01
1.223325256927250e-03	1.861045e+00	5.599927e-01
1.223414550287356e-03	1.860075e+00	5.667380e-01
1.223525637487075e-03	1.858391e+00	5.752746e-01
1.223573909837815e-03	1.857693e+00	5.791013e-01
1.223604262871577e-03	1.857282e+00	5.815115e-01
1.223633426382378e-03	1.856870e+00	5.837528e-01
1.223665581158456e-03	1.856378e+00	5.860710e-01
1.223729890710612e-03	1.855338e+00	5.902199e-01
1.223815425639379e-03	1.854048e+00	5.948383e-01
1.223904320103207e-03	1.852779e+00	5.980385e-01
1.224003197390584e-03	1.851534e+00	6.000974e-01
1.224108458940660e-03	1.850710e+00	6.029928e-01
1.224203932598678e-03	1.850279e+00	6.078256e-01
1.224314152521103e-03	1.850086e+00	6.160126e-01
1.224458204588101e-03	1.850068e+00	6.285598e-01
1.224611907993018e-03	1.850198e+00	6.417384e-01
1.224777721527805e-03	1.850197e+00	6.523110e-01
1.224957361178822e-03	1.850952e+00	6.568807e-01
1.225107923037383e-03	1.853651e+00	6.525415e-01
1.225268616391861e-03	1.858414e+00	6.381694e-01
1.225383991257987e-03	1.862846e+00	6.232208e-01
1.225480909275624e-03	1.866149e+00	6.080702e-01
1.225586638304403e-03	1.869366e+00	5.911509e-01
1.225694412257167e-03	1.872099e+00	5.751321e-01
1.225796912669623e-03	1.873658e+00	5.616167e-01
1.225858186639026e-03	1.874320e+00	5.554914e-01
1.225935686029599e-03	1.875086e+00	5.508512e-01
1.226007582110732e-03	1.875551e+00	5.492205e-01
1.226076119103654e-03	1.875802e+00	5.497500e-01
1.226106625903984e-03	1.875868e+00	5.505549e-01
1.226127775415179e-03	1.875923e+00	5.514013e-01
1.226159681927736e-03	1.875988e+00	5.529411e-01
1.226189245137552e-03	1.876019e+00	5.545882e-01
1.226223719899358e-03	1.876032e+00	5.567869e-01
1.226260705839011e-03	1.876065e+00	5.594853e-01
1.226308492749530e-03	1.876256e+00	5.635360e-01
1.226363199252835e-03	1.876380e+00	5.685412e-01
1.226436104456772e-03	1.876535e+00	5.757412e-01
1.226527381973017e-03	1.876585e+00	5.849613e-01
1.226663530020670e-03	1.874296e+00	5.962368e-01
1.226716895233025e-03	1.873139e+00	6.000792e-01
1.226753070180002e-03	1.872713e+00	6.027547e-01
1.226785896036009e-03	1.872346e+00	6.049709e-01
1.226819222556893e-03	1.871917e+00	6.068763e-01
1.226874450700066e-03	1.871162e+00	6.093515e-01
1.226932663597226e-03	1.870353e+00	6.109666e-01
1.227008550015323e-03	1.869399e+00	6.117947e-01
1.227088113087038e-03	1.868567e+00	6.120557e-01
1.227194447524797e-03	1.867804e+00	6.125687e-01
1.227316019040672e-03	1.867546e+00	6.138083e-01
1.227448235668850e-03	1.867551e+00	6.153345e-01
1.227598754885179e-03	1.867781e+00	6.169719e-01
1.227758222056520e-03	1.868284e+00	6.182912e-01
1.227975229907683e-03	1.869181e+00	6.181487e-01
1.228114102518240e-03	1.869897e+00	6.144681e-01
1.228214602911636e-03	1.870488e+00	6.076708e-01
1.228308558555540e-03	1.871327e+00	5.984655e-01
1.228373763821585e-03	1.871928e+00	5.908840e-01
1.228451815447645e-03	1.872508e+00	5.808922e-01
1.228538329726589e-03	1.873188e+00	5.697176e-01
1.228638865995018e-03	1.873587e+00	5.568179e-01
1.228694749092519e-03	1.873615e+00	5.500855e-01
1.228755931473580e-03	1.873627e+00	5.436682e-01
1.228820593238510e-03	1.873517e+00	5.380006e-01
1.228886180424206e-03	1.873110e+00	5.332707e-01
1.228935983106442e-03	1.872736e+00	5.309118e-01
1.229001621136345e-03	1.872297e+00	5.301147e-01
1.229046432466009e-03	1.871893e+00	5.310016e-01
1.229094685169368e-03	1.871435e+00	5.334262e-01
1.229158969893973e-03	1.870763e+00	5.387903e-01
1.229235929462783e-03	1.869852e+00	5.478675e-01
1.229348387250549e-03	1.867655e+00	5.637022e-01
1.229415104276870e-03	1.866069e+00	5.741547e-01
1.229447985721780e-03	1.865396e+00	5.797905e-01
1.229470803696473e-03	1.864940e+00	5.838028e-01
1.229491571009095e-03	1.864530e+00	5.874867e-01
1.229520819511617e-03	1.863985e+00	5.926985e-01
1.229578405082058e-03	1.862984e+00	6.027660e-01
1.229680145316153e-03	1.861030e+00	6.189719e-01
1.229787456730809e-03	1.858750e+00	6.327685e-01
1.229893418935199e-03	1.857280e+00	6.420817e-01
1.230005291328940e-03	1.856188e+00	6.446126e-01
1.230148770964321e-03	1.855430e+00	6.379192e-01
1.230259226539663e-03	1.856311e+00	6.275471e-01
1.230349361659826e-03	1.857510e+00	6.158024e-01
1.230431058334756e-03	1.858798e+00	6.035924e-01
1.230514220562854e-03	1.860324e+00	5.906785e-01
1.230594833343267e-03	1.861806e+00	5.783829e-01
1.230688663111882e-03	1.863215e+00	5.649879e-01
1.230776261616435e-03	1.863842e+00	5.535953e-01
1.230830509658040e-03	1.864014e+00	5.477569e-01
1.230886903445054e-03	1.864305e+00	5.434587e-01
1.230948054890550e-03	1.864651e+00	5.409293e-01
1.231033210070556e-03	1.864403e+00	5.392242e-01
1.231060522541694e-03	1.864174e+00	5.389306e-01
1.231108840875782e-03	1.864084e+00	5.389929e-01
1.231140187108603e-03	1.863977e+00	5.390232e-01
1.231175079176278e-03	1.863829e+00	5.390645e-01
1.231214190034298e-03	1.863637e+00	5.391298e-01
1.231262220026591e-03	1.863346e+00	5.392213e-01
1.231320034788741e-03	1.862841e+00	5.392728e-01
1.231394762058629e-03	1.862001e+00	5.393057e-01
1.231492717210607e-03	1.860414e+00	5.391214e-01
1.231636041790484e-03	1.857182e+00	5.383655e-01
1.231778666598703e-03	1.853994e+00	5.380653e-01
1.231947036944894e-03	1.850641e+00	5.385882e-01
1.232099387555699e-03	1.847357e+00	5.392345e-01
1.232214003105231e-03	1.844494e+00	5.397284e-01
1.232390630544716e-03	1.839759e+00	5.406872e-01
1.232553900174129e-03	1.835203e+00	5.415881e-01
1.232829650278195e-03	1.827461e+00	5.429029e-01
1.233013774221513e-03	1.822524e+00	5.448300e-01
1.233110268116442e-03	1.819980e+00	5.483778e-01
1.233175644233783e-03	1.818201e+00	5.532168e-01
1.233217076540098e-03	1.817051e+00	5.573964e-01
1.233245267468012e-03	1.816289e+00	5.607161e-01
1.233272825197542e-03	1.815580e+00	5.643066e-01
1.233308807931328e-03	1.814702e+00	5.694019e-01
1.233358596634764e-03	1.813550e+00	5.770094e-01
1.233424995786494e-03	1.812153e+00	5.878613e-01
1.233522848645640e-03	1.810123e+00	6.041216e-01
1.233644435044843e-03	1.807340e+00	6.228357e-01
1.233762836465715e-03	1.805409e+00	6.383177e-01
1.233893159933986e-03	1.805245e+00	6.501770e-01
1.234039316383672e-03	1.804718e+00	6.530763e-01
1.234172448965506e-03	1.804146e+00	6.473749e-01
1.234308231972147e-03	1.806877e+00	6.390857e-01
1.234432820646155e-03	1.811398e+00	6.305356e-01
1.234531520462498e-03	1.815098e+00	6.228647e-01
1.234630031101097e-03	1.818505e+00	6.150557e-01
1.234743683778777e-03	1.822194e+00	6.070562e-01
1.234846766093224e-03	1.825182e+00	6.014961e-01
1.234947308955448e-03	1.827703e+00	5.982892e-01
1.235048497741895e-03	1.829774e+00	5.960037e-01
1.235145769666632e-03	1.831364e+00	5.921076e-01
1.235250430010890e-03	1.832815e+00	5.849182e-01
1.235374312097565e-03	1.834225e+00	5.736293e-01
1.235497752864163e-03	1.835391e+00	5.609427e-01
1.235593097995738e-03	1.836120e+00	5.510221e-01
1.235682352311861e-03	1.836748e+00	5.422460e-01
1.235732725828755e-03	1.836965e+00	5.377851e-01
1.235823751434332e-03	1.837143e+00	5.313485e-01
1.235882658648055e-03	1.837496e+00	5.287832e-01
1.235966234555466e-03	1.837768e+00	5.270582e-01
1.236063986095444e-03	1.838263e+00	5.275458e-01
1.236230871375083e-03	1.837162e+00	5.288616e-01
1.236449560972534e-03	1.830301e+00	5.268585e-01
1.236623819946484e-03	1.825858e+00	5.272443e-01
1.236740263863999e-03	1.823814e+00	5.287395e-01
1.236883554828354e-03	1.820444e+00	5.297360e-01
1.237000359083058e-03	1.817541e+00	5.306657e-01
1.237122990435116e-03	1.814269e+00	5.327359e-01
1.237223103029626e-03	1.811550e+00	5.361328e-01
1.237334716476489e-03	1.808437e+00	5.415470e-01
1.237455635766536e-03	1.804923e+00	5.482711e-01
1.237522212323292e-03	1.802987e+00	5.521886e-01
1.237561603117240e-03	1.801890e+00	5.545578e-01
1.237595926129184e-03	1.800955e+00	5.565942e-01
1.237629927505459e-03	1.800044e+00	5.585351e-01
1.237697930258012e-03	1.798252e+00	5.620522e-01
1.237808246935083e-03	1.795405e+00	5.666116e-01
1.237926879962733e-03	1.792508e+00	5.695171e-01
1.238044304224491e-03	1.789947e+00	5.699453e-01
1.238152888339576e-03	1.787824e+00	5.680347e-01
1.238288746403044e-03	1.785869e+00	5.639744e-01
1.238364040653606e-03	1.785028e+00	5.611390e-01
1.238430018496206e-03	1.784221e+00	5.581395e-01
1.238501806224602e-03	1.783383e+00	5.547255e-01
1.238582496203055e-03	1.782443e+00	5.508685e-01
1.238655960004882e-03	1.781533e+00	5.473952e-01
1.238677188553377e-03	1.781272e+00	5.464417e-01
1.238703544720359e-03	1.780968e+00	5.453442e-01
1.238735921548575e-03	1.780602e+00	5.440935e-01
1.238786942638808e-03	1.780021e+00	5.423356e-01
1.238843845076508e-03	1.779364e+00	5.407363e-01
1.238915837609044e-03	1.778534e+00	5.394178e-01
1.239002462232918e-03	1.777561e+00	5.391959e-01
1.239125015510081e-03	1.776281e+00	5.417825e-01
1.239313273286384e-03	1.773520e+00	5.489882e-01
1.239413172026206e-03	1.771756e+00	5.539393e-01
1.239484529485081e-03	1.770639e+00	5.581400e-01
1.239523426529939e-03	1.770065e+00	5.605168e-01
1.239561462512222e-03	1.769526e+00	5.628463e-01
1.239599532121122e-03	1.769003e+00	5.651161e-01
1.239675671338924e-03	1.767985e+00	5.693115e-01
1.239783071454057e-03	1.766580e+00	5.742250e-01
1.239895357232018e-03	1.765204e+00	5.775771e-01
1.240013905214265e-03	1.764024e+00	5.788297e-01
1.240130693888206e-03	1.762988e+00	5.777598e-01
1.240293550419523e-03	1.762240e+00	5.745582e-01
1.240405868863914e-03	1.762213e+00	5.718432e-01
1.240495553269163e-03	1.762186e+00	5.692241e-01
1.240584476855652e-03	1.762175e+00	5.665530e-01
1.240680507996044e-03	1.762208e+00	5.638848e-01
1.240783552120838e-03	1.762222e+00	5.614031e-01
1.240856639968343e-03	1.762202e+00	5.600316e-01
1.240924204283556e-03	1.762188e+00	5.592494e-01
1.240998389687362e-03	1.762157e+00	5.588127e-01
1.241076799919361e-03	1.762072e+00	5.583379e-01
1.241159862656760e-03	1.761922e+00	5.573613e-01
1.241249743162958e-03	1.761712e+00	5.557255e-01
1.241331827609173e-03	1.761490e+00	5.538311e-01
1.241441234121517e-03	1.761165e+00	5.509706e-01
1.241550402760564e-03	1.760800e+00	5.480303e-01
1.241673472265693e-03	1.760322e+00	5.449347e-01
1.241793792598026e-03	1.759779e+00	5.425544e-01
1.241934981799031e-03	1.759097e+00	5.413265e-01
1.242159857487073e-03	1.757496e+00	5.418375e-01
1.242389515990023e-03	1.755103e+00	5.437797e-01
1.242542720453452e-03	1.753364e+00	5.456440e-01
1.242700209959909e-03	1.751612e+00	5.476126e-01
1.242857304880696e-03	1.749880e+00	5.490399e-01
1.243011200744912e-03	1.748318e+00	5.502263e-01
1.243105518864340e-03	1.747429e+00	5.517214e-01
1.243184759899188e-03	1.746655e+00	5.540592e-01
1.243234390429956e-03	1.746162e+00	5.560872e-01
1.243277716740165e-03	1.745748e+00	5.582047e-01
1.243324910205111e-03	1.745318e+00	5.607821e-01
1.243380956315761e-03	1.744846e+00	5.641223e-01
1.243459204735444e-03	1.744258e+00	5.690768e-01
1.243564481710958e-03	1.743618e+00	5.757348e-01
1.243734423560013e-03	1.742599e+00	5.850248e-01
1.243875070098780e-03	1.741836e+00	5.901404e-01
1.244002747868298e-03	1.741458e+00	5.914698e-01
1.244150662211859e-03	1.741480e+00	5.891428e-01
1.244315719021117e-03	1.742988e+00	5.845245e-01
1.244407525064666e-03	1.744248e+00	5.812091e-01
1.244489041016477e-03	1.745169e+00	5.775667e-01
1.244571888287414e-03	1.746160e+00	5.738521e-01
1.244663644531943e-03	1.747290e+00	5.700625e-01
1.244787360304438e-03	1.748758e+00	5.658031e-01
1.244893131168245e-03	1.749815e+00	5.631531e-01
1.244974952220863e-03	1.750504e+00	5.621529e-01
1.245046007787290e-03	1.751093e+00	5.625025e-01
1.245123981327597e-03	1.751722e+00	5.643613e-01
1.245205223212226e-03	1.752186e+00	5.674426e-01
1.245253212714579e-03	1.752394e+00	5.697781e-01
1.245317675661150e-03	1.752717e+00	5.736209e-01
1.245376049580240e-03	1.753053e+00	5.775984e-01
1.245410671648698e-03	1.753250e+00	5.800856e-01
1.245449915770751e-03	1.753499e+00	5.830098e-01
1.245507841824936e-03	1.753917e+00	5.874259e-01
1.245591422865355e-03	1.754634e+00	5.936376e-01
1.245750272627505e-03	1.755596e+00	6.034653e-01
1.245878608638534e-03	1.756063e+00	6.085409e-01
1.245993326564492e-03	1.756705e+00	6.103944e-01
1.246123423544787e-03	1.758304e+00	6.114345e-01
1.246242088133041e-03	1.760449e+00	6.129549e-01
1.246382352824041e-03	1.763415e+00	6.155080e-01
1.246509737064343e-03	1.766380e+00	6.180348e-01
1.246712817533943e-03	1.771356e+00	6.214869e-01
1.246922164597423e-03	1.776870e+00	6.236973e-01
1.247055214811687e-03	1.780502e+00	6.230069e-01
1.247154872157122e-03	1.783241e+00	6.198522e-01
1.247251664280583e-03	1.785905e+00	6.142931e-01
1.247352502736669e-03	1.788699e+00	6.067757e-01
1.247460767960260e-03	1.791679e+00	5.976812e-01
1.247573948194080e-03	1.794675e+00	5.880333e-01
1.247702430009771e-03	1.797688e+00	5.778346e-01
1.247803561677114e-03	1.799607e+00	5.709424e-01
1.247947162592562e-03	1.801859e+00	5.655156e-01
1.248030626353823e-03	1.802932e+00	5.643979e-01
1.248118888925066e-03	1.803783e+00	5.632484e-01
1.248220188822050e-03	1.804596e+00	5.608594e-01
1.248367663875001e-03	1.805454e+00	5.556772e-01
1.248448962586073e-03	1.805721e+00	5.523464e-01
1.248546916161679e-03	1.806534e+00	5.489831e-01
1.248706496154561e-03	1.808216e+00	5.452948e-01
1.248945751433834e-03	1.806679e+00	5.418551e-01
1.249170062979978e-03	1.802278e+00	5.464651e-01
1.249309779767257e-03	1.800232e+00	5.579685e-01
1.249381650481022e-03	1.799219e+00	5.666220e-01
1.249423434308590e-03	1.798587e+00	5.721796e-01
1.249452788667187e-03	1.798143e+00	5.762206e-01
1.249482151990246e-03	1.797711e+00	5.803270e-01
1.249531865795367e-03	1.797050e+00	5.872895e-01
1.249631293405608e-03	1.795737e+00	6.004877e-01
1.249744354864728e-03	1.794358e+00	6.134195e-01
1.249864170652181e-03	1.793372e+00	6.232624e-01
1.249986474696716e-03	1.792384e+00	6.268111e-01
1.250122609397824e-03	1.792049e+00	6.236351e-01
1.250254201028053e-03	1.792983e+00	6.157423e-01
1.250361553698753e-03	1.794986e+00	6.073046e-01
1.250449116985775e-03	1.797055e+00	5.994388e-01
1.250529348160485e-03	1.798787e+00	5.916187e-01
1.250609681853061e-03	1.800449e+00	5.839500e-01
1.250718516422757e-03	1.802559e+00	5.746060e-01
1.250821642603139e-03	1.804137e+00	5.672476e-01
1.250903696965885e-03	1.804977e+00	5.629364e-01
1.250964256766049e-03	1.805570e+00	5.613376e-01
1.251042668916009e-03	1.806265e+00	5.607880e-01
1.251114144187430e-03	1.806684e+00	5.606520e-01
1.251179716187794e-03	1.806957e+00	5.605707e-01
1.251222811624194e-03	1.807097e+00	5.605271e-01
1.251280321517623e-03	1.807314e+00	5.605670e-01
1.251314608327280e-03	1.807456e+00	5.606355e-01
1.251353468004210e-03	1.807582e+00	5.607052e-01
1.251402152159922e-03	1.807710e+00	5.608017e-01
1.251458843935021e-03	1.807821e+00	5.609295e-01
1.251533313117631e-03	1.807893e+00	5.611083e-01
1.251629152828587e-03	1.807787e+00	5.612762e-01
1.251771505974395e-03	1.806984e+00	5.611119e-01
1.251958395513824e-03	1.805445e+00	5.612347e-01
1.252091323323518e-03	1.804679e+00	5.638226e-01
1.252178347277238e-03	1.804161e+00	5.680242e-01
1.252221477742348e-03	1.803825e+00	5.711288e-01
1.252254366097359e-03	1.803548e+00	5.739395e-01
1.252286163923855e-03	1.803300e+00	5.769748e-01
1.252339681367516e-03	1.802930e+00	5.825948e-01
1.252410924223753e-03	1.802546e+00	5.907382e-01
1.252524184190924e-03	1.802055e+00	6.041460e-01
1.252663544291493e-03	1.801308e+00	6.193987e-01
1.252791698334804e-03	1.800741e+00	6.304504e-01
1.252923416514817e-03	1.800648e+00	6.367362e-01
1.253064590301793e-03	1.800939e+00	6.369774e-01
1.253182668041988e-03	1.802715e+00	6.338798e-01
1.253301334824211e-03	1.805623e+00	6.286007e-01
1.253415625920048e-03	1.808966e+00	6.222390e-01
1.253520294011669e-03	1.812114e+00	6.157507e-01
1.253621439451157e-03	1.815032e+00	6.094397e-01
1.253726108337939e-03	1.817866e+00	6.035683e-01
1.253832302795719e-03	1.820476e+00	5.989349e-01
1.253939089149339e-03	1.822871e+00	5.964159e-01
1.254063061180564e-03	1.825251e+00	5.960770e-01
1.254188744195771e-03	1.827088e+00	5.974628e-01
1.254302730839457e-03	1.828598e+00	5.999754e-01
1.254444541669586e-03	1.830076e+00	6.037602e-01
1.254533002216329e-03	1.830822e+00	6.062349e-01
1.254624979998085e-03	1.831725e+00	6.089590e-01
1.254717819809274e-03	1.832644e+00	6.113914e-01
1.254868893260499e-03	1.833957e+00	6.140855e-01
1.254998226012112e-03	1.834964e+00	6.154685e-01
1.255139923140487e-03	1.836426e+00	6.178708e-01
1.255245882590929e-03	1.837720e+00	6.213828e-01
1.255358109410186e-03	1.839175e+00	6.266668e-01
1.255508176566347e-03	1.841108e+00	6.344842e-01
1.255666993990646e-03	1.843098e+00	6.420421e-01
1.255833791646144e-03	1.845452e+00	6.475680e-01
1.256010222732950e-03	1.848907e+00	6.502219e-01
1.256173797163522e-03	1.853561e+00	6.510995e-01
1.256275851815568e-03	1.856754e+00	6.510842e-01
1.256385709170526e-03	1.860042e+00	6.505985e-01
1.256505888984631e-03	1.863722e+00	6.500084e-01
1.256710645087729e-03	1.870078e+00	6.491960e-01
1.256932072094437e-03	1.876515e+00	6.481681e-01
1.257042308845719e-03	1.879431e+00	6.462203e-01
1.257130241040651e-03	1.881642e+00	6.415104e-01
1.257215506310513e-03	1.883672e+00	6.331341e-01
1.257309215912463e-03	1.885896e+00	6.208202e-01
1.257401903800383e-03	1.888094e+00	6.066409e-01
1.257500322827267e-03	1.890288e+00	5.904872e-01
1.257589992715853e-03	1.891984e+00	5.755985e-01
1.257711992720661e-03	1.893559e+00	5.568670e-01
1.257785678249700e-03	1.894166e+00	5.477252e-01
1.257881165104269e-03	1.894690e+00	5.386449e-01
1.257940799449365e-03	1.894925e+00	5.348140e-01
1.257961673187466e-03	1.894970e+00	5.340465e-01
1.257983995188883e-03	1.894984e+00	5.336619e-01
1.258011915025051e-03	1.894973e+00	5.335626e-01
1.258050517315361e-03	1.894917e+00	5.338171e-01
1.258091361456439e-03	1.894850e+00	5.344658e-01
1.258143150923367e-03	1.895018e+00	5.360541e-01
1.258202386415039e-03	1.895087e+00	5.383768e-01
1.258283957876827e-03	1.895145e+00	5.424587e-01
1.258388556788033e-03	1.895417e+00	5.490503e-01
1.258551762773266e-03	1.892796e+00	5.575609e-01
1.258690798734883e-03	1.886810e+00	5.612271e-01
1.258801697050673e-03	1.883791e+00	5.653734e-01
1.258867413950692e-03	1.882774e+00	5.680425e-01
1.258913872944583e-03	1.881848e+00	5.693142e-01
1.258948167935460e-03	1.881057e+00	5.698807e-01
1.258982621432159e-03	1.880180e+00	5.701259e-01
1.259023719712667e-03	1.879125e+00	5.702416e-01
1.259068584381689e-03	1.877922e+00	5.703669e-01
1.259147757370085e-03	1.875898e+00	5.709784e-01
1.259223997368648e-03	1.874137e+00	5.720384e-01
1.259306299381403e-03	1.872224e+00	5.734383e-01
1.259399995706089e-03	1.870085e+00	5.752605e-01
1.259510157450779e-03	1.867637e+00	5.775161e-01
1.259645936368384e-03	1.864709e+00	5.800433e-01
1.259838233400748e-03	1.860786e+00	5.825310e-01
1.260031105925508e-03	1.857348e+00	5.836159e-01
1.260232702198991e-03	1.854517e+00	5.839674e-01
1.260367437416243e-03	1.852944e+00	5.840520e-01
1.260565676176495e-03	1.850663e+00	5.838727e-01
1.260748627301494e-03	1.848747e+00	5.837121e-01
1.261010496058574e-03	1.846241e+00	5.842908e-01
1.261129840984725e-03	1.845218e+00	5.863070e-01
1.261230805365582e-03	1.844480e+00	5.902444e-01
1.261334755555547e-03	1.843839e+00	5.960722e-01
1.261467270318061e-03	1.843112e+00	6.046732e-01
1.261622643256011e-03	1.842253e+00	6.144445e-01
1.261797804380185e-03	1.841498e+00	6.230751e-01
1.261954129516445e-03	1.841203e+00	6.264834e-01
1.262120317387619e-03	1.841782e+00	6.248168e-01
1.262265881539208e-03	1.843562e+00	6.201411e-01
1.262368538703134e-03	1.845516e+00	6.155350e-01
1.262459638670179e-03	1.847054e+00	6.104043e-01
1.262550922312595e-03	1.848509e+00	6.050071e-01
1.262665626340676e-03	1.850286e+00	5.986635e-01
1.262785782912987e-03	1.852032e+00	5.933034e-01
1.262914988068148e-03	1.853550e+00	5.896975e-01
1.263040793478404e-03	1.854494e+00	5.883464e-01
1.263144368031998e-03	1.855021e+00	5.885337e-01
1.263254899539859e-03	1.855701e+00	5.897189e-01
1.263383124913945e-03	1.855845e+00	5.910100e-01
1.263462372413208e-03	1.855713e+00	5.918088e-01
1.263539029835951e-03	1.855736e+00	5.928510e-01
1.263639785800769e-03	1.855656e+00	5.941381e-01
1.263737976707971e-03	1.855417e+00	5.951208e-01
1.263874207147145e-03	1.855105e+00	5.961849e-01
1.263956330653304e-03	1.854941e+00	5.966260e-01
1.264049295262694e-03	1.854787e+00	5.972998e-01
1.264111245936612e-03	1.854726e+00	5.984835e-01
1.264187738295981e-03	1.854629e+00	6.010129e-01
1.264260679392697e-03	1.854568e+00	6.042919e-01
1.264346275666185e-03	1.854503e+00	6.089316e-01
1.264431253077584e-03	1.854544e+00	6.141270e-01
1.264567290459086e-03	1.854752e+00	6.225534e-01
1.264742432154483e-03	1.854974e+00	6.314879e-01
1.264916006156356e-03	1.855360e+00	6.365850e-01
1.265083605533960e-03	1.856903e+00	6.393357e-01
1.265216177077530e-03	1.859657e+00	6.429710e-01
1.265327994761070e-03	1.862108e+00	6.471885e-01
1.265598935134530e-03	1.868366e+00	6.587863e-01
1.265770582714801e-03	1.872665e+00	6.646563e-01
1.265938756714591e-03	1.877319e+00	6.675530e-01
1.266073499765614e-03	1.881388e+00	6.653268e-01
1.266190876117418e-03	1.885071e+00	6.575462e-01
1.266303930504267e-03	1.889005e+00	6.455177e-01
1.266389555597556e-03	1.891935e+00	6.341511e-01
1.266496522251214e-03	1.895276e+00	6.184914e-01
1.266609803401510e-03	1.898679e+00	6.023800e-01
1.266733595057551e-03	1.901615e+00	5.863814e-01
1.266829494744920e-03	1.903105e+00	5.760405e-01
1.266893798947092e-03	1.903881e+00	5.713093e-01
1.266974039616956e-03	1.904749e+00	5.685762e-01
1.267078331240028e-03	1.905390e+00	5.676606e-01
1.267134357969506e-03	1.905534e+00	5.677090e-01
1.267162103482295e-03	1.905600e+00	5.678505e-01
1.267184001750984e-03	1.905652e+00	5.680095e-01
1.267214723816554e-03	1.905705e+00	5.682649e-01
1.267245452340181e-03	1.905733e+00	5.685484e-01
1.267286540540184e-03	1.905734e+00	5.689673e-01
1.267329014647443e-03	1.905694e+00	5.694426e-01
1.267386640887886e-03	1.905742e+00	5.703064e-01
1.267451801801619e-03	1.906148e+00	5.717692e-01
1.267545980651585e-03	1.906443e+00	5.737831e-01
1.267667110207007e-03	1.906328e+00	5.760617e-01
1.267871713250024e-03	1.901869e+00	5.756976e-01
1.267984133310650e-03	1.899270e+00	5.752453e-01
1.268041766990001e-03	1.898425e+00	5.755941e-01
1.268099163318032e-03	1.897549e+00	5.762205e-01
1.268132800805716e-03	1.897047e+00	5.768098e-01
1.268170045598958e-03	1.896367e+00	5.775295e-01
1.268210214591586e-03	1.895558e+00	5.784252e-01
1.268290552576840e-03	1.893989e+00	5.806672e-01
1.268374850011399e-03	1.892545e+00	5.835772e-01
1.268442681721397e-03	1.891331e+00	5.860717e-01
1.268517124654631e-03	1.889958e+00	5.888517e-01
1.268585787888288e-03	1.888695e+00	5.913273e-01
1.268705785926930e-03	1.886489e+00	5.950504e-01
1.268860022772593e-03	1.883750e+00	5.982178e-01
1.269030192804569e-03	1.881365e+00	5.999586e-01
1.269191038163245e-03	1.879824e+00	6.009548e-01
1.269315093816916e-03	1.878845e+00	6.017008e-01
1.269472062330030e-03	1.877719e+00	6.026793e-01
1.269674547659714e-03	1.876512e+00	6.037814e-01
1.269914345091314e-03	1.875347e+00	6.044042e-01
1.270053320290883e-03	1.874821e+00	6.033109e-01
1.270144214005553e-03	1.874477e+00	6.002896e-01
1.270239975364647e-03	1.874181e+00	5.945678e-01
1.270328914691467e-03	1.874044e+00	5.877384e-01
1.270415117384571e-03	1.873957e+00	5.801426e-01
1.270503599206049e-03	1.873855e+00	5.718930e-01
1.270597731992053e-03	1.873579e+00	5.630341e-01
1.270662862007863e-03	1.873224e+00	5.571145e-01
1.270719338710916e-03	1.872880e+00	5.525005e-01
1.270791506252479e-03	1.872430e+00	5.476800e-01
1.270892581933842e-03	1.871465e+00	5.426977e-01
1.270978864709342e-03	1.870324e+00	5.402033e-01
1.271027458323213e-03	1.869624e+00	5.397855e-01
1.271115843414500e-03	1.868314e+00	5.402698e-01
1.271164835286602e-03	1.867521e+00	5.408102e-01
1.271226159812138e-03	1.866416e+00	5.416616e-01
1.271306377047266e-03	1.864844e+00	5.430352e-01
1.271417857921178e-03	1.862506e+00	5.452942e-01
1.271580820447279e-03	1.858712e+00	5.485734e-01
1.271810613161778e-03	1.853047e+00	5.523320e-01
1.271982879479224e-03	1.848812e+00	5.537754e-01
1.272110243610713e-03	1.845669e+00	5.533233e-01
1.272335428556719e-03	1.840179e+00	5.494606e-01
1.272443935411719e-03	1.837545e+00	5.467404e-01
1.272551608800517e-03	1.834950e+00	5.439149e-01
1.272649196963584e-03	1.832585e+00	5.414445e-01
1.272747684036410e-03	1.830180e+00	5.392822e-01
1.272857332831031e-03	1.827502e+00	5.376177e-01
1.272999944509569e-03	1.823947e+00	5.364884e-01
1.273156843054570e-03	1.819790e+00	5.355438e-01
1.273278442878012e-03	1.816460e+00	5.344878e-01
1.273429174863616e-03	1.812355e+00	5.328176e-01
1.273584446496438e-03	1.808157e+00	5.310493e-01
1.273731466797256e-03	1.804177e+00	5.295977e-01
1.273894381389210e-03	1.799708e+00	5.284660e-01
1.274005223518821e-03	1.796660e+00	5.288910e-01
1.274098561523473e-03	1.794103e+00	5.317457e-01
1.274169302020906e-03	1.792158e+00	5.364718e-01
1.274235085454466e-03	1.790343e+00	5.428987e-01
1.274297901302345e-03	1.788527e+00	5.502131e-01
1.274334590278642e-03	1.787451e+00	5.549417e-01
1.274356805665915e-03	1.786834e+00	5.580174e-01
1.274381103738398e-03	1.786183e+00	5.615161e-01
1.274404012177928e-03	1.785596e+00	5.649229e-01
1.274446440229965e-03	1.784564e+00	5.714166e-01
1.274501735155284e-03	1.783343e+00	5.800275e-01
1.274606123054131e-03	1.781054e+00	5.956761e-01
1.274716000907815e-03	1.778480e+00	6.099896e-01
1.274826515597212e-03	1.776257e+00	6.207548e-01
1.274952668472070e-03	1.775605e+00	6.279050e-01
1.275082843210240e-03	1.774730e+00	6.260553e-01
1.275213014736086e-03	1.774550e+00	6.162798e-01
1.275330000275447e-03	1.775900e+00	6.034548e-01
1.275418294527696e-03	1.778141e+00	5.925733e-01
1.275493101295561e-03	1.779923e+00	5.823346e-01
1.275569006206355e-03	1.781582e+00	5.717269e-01
1.275651988755134e-03	1.783400e+00	5.608808e-01
1.275754611875451e-03	1.784980e+00	5.484289e-01
1.275811954301938e-03	1.785525e+00	5.423424e-01
1.275857853020720e-03	1.786003e+00	5.386530e-01
1.275918305528728e-03	1.786644e+00	5.355145e-01
1.275998820464592e-03	1.787156e+00	5.333554e-01
1.276070752522714e-03	1.787397e+00	5.333309e-01
1.276124281131577e-03	1.787617e+00	5.344481e-01
1.276156178393911e-03	1.787756e+00	5.353949e-01
1.276191889485906e-03	1.787871e+00	5.366397e-01
1.276233155248150e-03	1.787986e+00	5.383302e-01
1.276283535612463e-03	1.788102e+00	5.407104e-01
1.276345237726940e-03	1.788217e+00	5.440141e-01
1.276425090533528e-03	1.788267e+00	5.486798e-01
1.276532613626253e-03	1.787810e+00	5.548266e-01
1.276676313865539e-03	1.785975e+00	5.616086e-01
1.276803040893108e-03	1.784557e+00	5.669645e-01
1.276859806836102e-03	1.784209e+00	5.691023e-01
1.276897176936997e-03	1.783910e+00	5.700866e-01
1.276934166500850e-03	1.783556e+00	5.707056e-01
1.276978303055640e-03	1.783118e+00	5.710417e-01
1.277031315721023e-03	1.782610e+00	5.709524e-01
1.277087261663277e-03	1.782067e+00	5.702811e-01
1.277163517035629e-03	1.781284e+00	5.685061e-01
1.277267728341388e-03	1.780583e+00	5.654868e-01
1.277327521430884e-03	1.780291e+00	5.634357e-01
1.277377460460915e-03	1.779963e+00	5.613901e-01
1.277429100391540e-03	1.779612e+00	5.591293e-01
1.277481056476426e-03	1.779271e+00	5.567921e-01
1.277532508937323e-03	1.778928e+00	5.544573e-01
1.277601475847031e-03	1.778468e+00	5.513748e-01
1.277639130933471e-03	1.778209e+00	5.497453e-01
1.277676432648106e-03	1.777949e+00	5.482209e-01
1.277726786706121e-03	1.777590e+00	5.463237e-01
1.277785427851319e-03	1.777159e+00	5.443857e-01
1.277849003294742e-03	1.776668e+00	5.426955e-01
1.277918107108250e-03	1.776099e+00	5.414322e-01
1.277985864505162e-03	1.775509e+00	5.408425e-01
1.278061158224479e-03	1.774851e+00	5.408012e-01
1.278174505252939e-03	1.773761e+00	5.411431e-01
1.278336610416229e-03	1.771840e+00	5.416896e-01
1.278496911313653e-03	1.769697e+00	5.422946e-01
1.278654831482159e-03	1.767536e+00	5.429595e-01
1.278838077990684e-03	1.764994e+00	5.435710e-01
1.279016241826533e-03	1.762625e+00	5.448218e-01
1.279100409999923e-03	1.761525e+00	5.470874e-01
1.279163182202604e-03	1.760684e+00	5.506465e-01
1.279221384386522e-03	1.759850e+00	5.551831e-01
1.279253102009580e-03	1.759388e+00	5.580928e-01
1.279278657947906e-03	1.759037e+00	5.607026e-01
1.279304924068667e-03	1.758697e+00	5.635839e-01
1.279339931820893e-03	1.758267e+00	5.676661e-01
1.279385971314184e-03	1.757750e+00	5.733666e-01
1.279452124728103e-03	1.757104e+00	5.819721e-01
1.279547606486635e-03	1.756366e+00	5.944847e-01
1.279687533107485e-03	1.755532e+00	6.113097e-01
1.279819097071068e-03	1.754681e+00	6.230628e-01
1.279949602798981e-03	1.754293e+00	6.283894e-01
1.280088059040389e-03	1.754440e+00	6.256442e-01
1.280194194393930e-03	1.756033e+00	6.182755e-01
1.280283400192186e-03	1.758236e+00	6.085776e-01
1.280371822577371e-03	1.760680e+00	5.966409e-01
1.280451674327770e-03	1.763080e+00	5.848024e-01
1.280527069679763e-03	1.765246e+00	5.731455e-01
1.280616879444221e-03	1.767703e+00	5.596415e-01
1.280712561072463e-03	1.769711e+00	5.459536e-01
1.280768987962881e-03	1.770567e+00	5.386590e-01
1.280816176763038e-03	1.771294e+00	5.336901e-01
1.280878264424895e-03	1.772209e+00	5.288929e-01
1.280961522696756e-03	1.773083e+00	5.248415e-01
1.281039974552778e-03	1.773636e+00	5.238870e-01
1.281091481991093e-03	1.773999e+00	5.251655e-01
1.281123634039317e-03	1.774186e+00	5.263950e-01
1.281157821506367e-03	1.774357e+00	5.280513e-01
1.281198247416170e-03	1.774533e+00	5.304441e-01
1.281246123471974e-03	1.774720e+00	5.338160e-01
1.281305927977092e-03	1.775173e+00	5.389584e-01
1.281380940122785e-03	1.775740e+00	5.462472e-01
1.281482704873548e-03	1.776197e+00	5.566452e-01
1.281612986070370e-03	1.775173e+00	5.684900e-01
1.281733037082660e-03	1.773278e+00	5.777058e-01
1.281786162601650e-03	1.772760e+00	5.815124e-01
1.281818365253182e-03	1.772557e+00	5.835631e-01
1.281849700255832e-03	1.772345e+00	5.852527e-01
1.281883182233905e-03	1.772064e+00	5.866259e-01
1.281942604172365e-03	1.771564e+00	5.881570e-01
1.282005304499603e-03	1.771167e+00	5.888855e-01
1.282071077280368e-03	1.770761e+00	5.889751e-01
1.282154986045859e-03	1.770203e+00	5.888277e-01
1.282293912937015e-03	1.769942e+00	5.891579e-01
1.282433399401066e-03	1.770407e+00	5.900215e-01
1.282590873698028e-03	1.771154e+00	5.908828e-01
1.282748803810857e-03	1.772168e+00	5.915305e-01
1.282962349068349e-03	1.773870e+00	5.922581e-01
1.283068924949154e-03	1.774891e+00	5.933280e-01
1.283152592883430e-03	1.775845e+00	5.956689e-01
1.283255110810588e-03	1.777126e+00	6.005114e-01
1.283365344480259e-03	1.778682e+00	6.073327e-01
1.283523208989054e-03	1.780735e+00	6.178956e-01
1.283665720660113e-03	1.782376e+00	6.265034e-01
1.283819791314176e-03	1.784577e+00	6.335613e-01
1.283965593288261e-03	1.787403e+00	6.367794e-01
1.284089004900615e-03	1.790329e+00	6.353302e-01
1.284219861767079e-03	1.794130e+00	6.296979e-01
1.284326377915040e-03	1.797711e+00	6.228499e-01
1.284418601062452e-03	1.800739e+00	6.154716e-01
1.284513865264275e-03	1.803697e+00	6.072360e-01
1.284638401865880e-03	1.807424e+00	5.969808e-01
1.284775534451909e-03	1.811120e+00	5.875060e-01
1.284899498384463e-03	1.813667e+00	5.812646e-01
1.284983708030147e-03	1.815048e+00	5.790208e-01
1.285062173499676e-03	1.816244e+00	5.780583e-01
1.285151995300376e-03	1.817402e+00	5.765237e-01
1.285239009462083e-03	1.818296e+00	5.741368e-01
1.285362262777375e-03	1.819384e+00	5.696869e-01
1.285407722463818e-03	1.819724e+00	5.677420e-01
1.285453182150261e-03	1.820032e+00	5.658263e-01
1.285498641836704e-03	1.820307e+00	5.639399e-01
1.285544101523147e-03	1.820550e+00	5.620826e-01
1.285589561209590e-03	1.820761e+00	5.602546e-01
1.285635020896033e-03	1.820939e+00	5.584558e-01
1.285680480582475e-03	1.821085e+00	5.566862e-01
1.285787724628118e-03	1.822087e+00	5.542926e-01
1.285938711056062e-03	1.823200e+00	5.540089e-01
1.286169251099163e-03	1.821506e+00	5.589718e-01
1.286387756076570e-03	1.817407e+00	5.698150e-01
1.286489550854948e-03	1.816194e+00	5.780426e-01
1.286558696828041e-03	1.815453e+00	5.841764e-01
1.286622094496996e-03	1.814710e+00	5.895104e-01
1.286720514385234e-03	1.813574e+00	5.968737e-01
1.286823925269241e-03	1.812557e+00	6.028815e-01
1.286947127744762e-03	1.811514e+00	6.069874e-01
1.287070861303953e-03	1.811094e+00	6.098149e-01
1.287181483679589e-03	1.811446e+00	6.141649e-01
1.287298967231954e-03	1.812299e+00	6.216040e-01
1.287421981306139e-03	1.813552e+00	6.312080e-01
1.287586417978091e-03	1.814688e+00	6.434485e-01
1.287756052897968e-03	1.816924e+00	6.541499e-01
1.287935030898397e-03	1.820451e+00	6.590224e-01
1.288119895953078e-03	1.825487e+00	6.519087e-01
1.288285990748374e-03	1.832278e+00	6.338264e-01
1.288395740094466e-03	1.837448e+00	6.161129e-01
1.288480126330273e-03	1.840900e+00	5.999875e-01
1.288575641198796e-03	1.844311e+00	5.813065e-01
1.288677514138470e-03	1.847247e+00	5.622689e-01
1.288756832060623e-03	1.848835e+00	5.488057e-01
1.288815303953243e-03	1.849813e+00	5.406933e-01
1.288885446873350e-03	1.850875e+00	5.339675e-01
1.288983349199121e-03	1.851880e+00	5.287655e-01
1.289034160783282e-03	1.852231e+00	5.282894e-01
1.289081753579829e-03	1.852528e+00	5.302460e-01
1.289111668429902e-03	1.852680e+00	5.324156e-01
1.289143448378244e-03	1.852806e+00	5.353000e-01
1.289175715981545e-03	1.852907e+00	5.388594e-01
1.289214586281639e-03	1.852999e+00	5.439134e-01
1.289259791037096e-03	1.853088e+00	5.507118e-01
1.289316685667741e-03	1.853199e+00	5.604537e-01
1.289386187407993e-03	1.853730e+00	5.740762e-01
1.289480095434129e-03	1.854923e+00	5.941971e-01
1.289591963030726e-03	1.852986e+00	6.152319e-01
1.289638515324635e-03	1.851733e+00	6.233042e-01
1.289667688861228e-03	1.851384e+00	6.285555e-01
1.289687273603086e-03	1.851225e+00	6.320149e-01
1.289706162075333e-03	1.851132e+00	6.352733e-01
1.289734158631956e-03	1.851061e+00	6.398712e-01
1.289785358978053e-03	1.850850e+00	6.472913e-01
1.289851579249088e-03	1.850292e+00	6.547795e-01
1.289920541099985e-03	1.849642e+00	6.597394e-01
1.289995198079293e-03	1.849165e+00	6.615035e-01
1.290072633086011e-03	1.848913e+00	6.590901e-01
1.290165195975097e-03	1.849242e+00	6.517268e-01
1.290254094601512e-03	1.849950e+00	6.409115e-01
1.290343534229304e-03	1.851670e+00	6.278280e-01
1.290428143689239e-03	1.853834e+00	6.140856e-01
1.290509225480072e-03	1.855986e+00	6.001661e-01
1.290585338220297e-03	1.857908e+00	5.871246e-01
1.290671218764677e-03	1.859849e+00	5.732737e-01
1.290758044484581e-03	1.861269e+00	5.606261e-01
1.290825007622760e-03	1.861881e+00	5.522751e-01
1.290877414725995e-03	1.862298e+00	5.474248e-01
1.290942047128368e-03	1.862789e+00	5.439320e-01
1.291021358729290e-03	1.863066e+00	5.422699e-01
1.291081050018190e-03	1.863056e+00	5.422974e-01
1.291108740430314e-03	1.863069e+00	5.426807e-01
1.291130141850297e-03	1.863106e+00	5.431436e-01
1.291160744284358e-03	1.863132e+00	5.439248e-01
1.291191517394835e-03	1.863104e+00	5.447997e-01
1.291224117515374e-03	1.863064e+00	5.458730e-01
1.291260607373823e-03	1.863012e+00	5.472454e-01
1.291305247877663e-03	1.862928e+00	5.491250e-01
1.291358616833288e-03	1.862779e+00	5.515916e-01
1.291426205853219e-03	1.862474e+00	5.549200e-01
1.291512985966958e-03	1.861660e+00	5.590786e-01
1.291635486854925e-03	1.859513e+00	5.640024e-01
1.291770949842848e-03	1.856978e+00	5.687947e-01
1.291847891135313e-03	1.856029e+00	5.714695e-01
1.291893365806636e-03	1.855358e+00	5.725443e-01
1.291947259050528e-03	1.854446e+00	5.732439e-01
1.292001915583475e-03	1.853561e+00	5.735345e-01
1.292054105174670e-03	1.852697e+00	5.733709e-01
1.292113205949052e-03	1.851663e+00	5.727105e-01
1.292191437462552e-03	1.850324e+00	5.713533e-01
1.292343553344118e-03	1.848025e+00	5.678752e-01
1.292400746053526e-03	1.847132e+00	5.662233e-01
1.292458117647582e-03	1.846226e+00	5.644643e-01
1.292538795378418e-03	1.844957e+00	5.619584e-01
1.292620147876495e-03	1.843687e+00	5.595211e-01
1.292703334411884e-03	1.842366e+00	5.572302e-01
1.292789417899586e-03	1.840955e+00	5.551814e-01
1.292858895758569e-03	1.839794e+00	5.539231e-01
1.293026812780049e-03	1.836940e+00	5.534534e-01
1.293113869363587e-03	1.835374e+00	5.557682e-01
1.293169147458150e-03	1.834331e+00	5.585158e-01
1.293212690158376e-03	1.833508e+00	5.614537e-01
1.293271908810967e-03	1.832394e+00	5.663152e-01
1.293301262680967e-03	1.831866e+00	5.690699e-01
1.293340036455877e-03	1.831195e+00	5.729764e-01
1.293393486671061e-03	1.830305e+00	5.787206e-01
1.293468790931405e-03	1.829142e+00	5.872129e-01
1.293587557276637e-03	1.827218e+00	6.001997e-01
1.293729639319607e-03	1.824900e+00	6.135871e-01
1.293862784167871e-03	1.823619e+00	6.226204e-01
1.294006055533402e-03	1.822585e+00	6.270552e-01
1.294149425261838e-03	1.822984e+00	6.301166e-01
1.294259510637858e-03	1.824114e+00	6.336578e-01
1.294410569717245e-03	1.825718e+00	6.396184e-01
1.294559755689290e-03	1.828667e+00	6.465676e-01
1.294772778306168e-03	1.833715e+00	6.546838e-01
1.294968182140056e-03	1.839193e+00	6.582795e-01
1.295188547823319e-03	1.846926e+00	6.586162e-01
1.295321001255219e-03	1.852160e+00	6.577304e-01
1.295424555548215e-03	1.856129e+00	6.564111e-01
1.295524646604376e-03	1.859945e+00	6.550607e-01
1.295724828716699e-03	1.867423e+00	6.527846e-01
1.295939117917007e-03	1.874820e+00	6.510483e-01
1.296140479036396e-03	1.880883e+00	6.494719e-01
1.296272844186855e-03	1.884551e+00	6.479748e-01
1.296605428929901e-03	1.893274e+00	6.430929e-01
1.296784744937730e-03	1.897606e+00	6.411068e-01
1.297010843292898e-03	1.902369e+00	6.390776e-01
1.297262310859140e-03	1.906649e+00	6.336069e-01
1.297393191944092e-03	1.908610e+00	6.285712e-01
1.297543006769342e-03	1.910761e+00	6.223271e-01
1.297684140847660e-03	1.912625e+00	6.170262e-01
1.297864951906838e-03	1.914696e+00	6.125787e-01
1.298052677477781e-03	1.916315e+00	6.117511e-01
1.298211648266657e-03	1.917563e+00	6.151055e-01
1.298388545196794e-03	1.918031e+00	6.213416e-01
1.298521951661984e-03	1.917329e+00	6.261391e-01
1.298645114088961e-03	1.916834e+00	6.307269e-01
1.298790886199771e-03	1.916441e+00	6.352871e-01
1.298908554724204e-03	1.916377e+00	6.375359e-01
1.299028016382147e-03	1.916525e+00	6.366882e-01
1.299133351588854e-03	1.916595e+00	6.307117e-01
1.299246545391444e-03	1.917365e+00	6.191262e-01
1.299323148188914e-03	1.918229e+00	6.088013e-01
1.299398238853967e-03	1.918844e+00	5.967301e-01
1.299478142871116e-03	1.919548e+00	5.831395e-01
1.299559126393066e-03	1.920168e+00	5.692133e-01
1.299635173104149e-03	1.920309e+00	5.562092e-01
1.299685437545642e-03	1.920274e+00	5.481830e-01
1.299751240160888e-03	1.920194e+00	5.389214e-01
1.299818218763680e-03	1.919984e+00	5.312058e-01
1.299902961390306e-03	1.919072e+00	5.233370e-01
1.299934021145256e-03	1.918571e+00	5.211813e-01
1.299955129157788e-03	1.918336e+00	5.203815e-01
1.299987337327245e-03	1.917974e+00	5.197976e-01
1.300016655100228e-03	1.917613e+00	5.199284e-01
1.300058524785308e-03	1.917051e+00	5.212492e-01
1.300099175120824e-03	1.916460e+00	5.237731e-01
1.300157546772094e-03	1.915530e+00	5.293108e-01
1.300220084524003e-03	1.914281e+00	5.372486e-01
1.300314455007976e-03	1.912249e+00	5.525176e-01
1.300430114945301e-03	1.909149e+00	5.736438e-01
1.300479727424210e-03	1.907636e+00	5.832594e-01
1.300513113108963e-03	1.906699e+00	5.900045e-01
1.300543721234693e-03	1.905872e+00	5.962120e-01
1.300578505193556e-03	1.905006e+00	6.031969e-01
1.300648073111280e-03	1.903279e+00	6.164434e-01
1.300734106505681e-03	1.900853e+00	6.306151e-01
1.300832518972590e-03	1.898058e+00	6.430278e-01
1.300928762357962e-03	1.895575e+00	6.496622e-01
1.301046320511605e-03	1.894038e+00	6.502683e-01
1.301180916630277e-03	1.893522e+00	6.424363e-01
1.301294783511799e-03	1.893774e+00	6.301529e-01
1.301388926383820e-03	1.894796e+00	6.174815e-01
1.301469244574724e-03	1.895828e+00	6.054637e-01
1.301551224088474e-03	1.896870e+00	5.928594e-01
1.301636081469986e-03	1.898051e+00	5.805396e-01
1.301733833113651e-03	1.899002e+00	5.675722e-01
1.301808419025228e-03	1.899109e+00	5.587874e-01
1.301858817884254e-03	1.899135e+00	5.542520e-01
1.301923430572198e-03	1.899252e+00	5.505877e-01
1.301992942375755e-03	1.899053e+00	5.487592e-01
1.302052087349825e-03	1.898579e+00	5.490042e-01
1.302087886113082e-03	1.898242e+00	5.501704e-01
1.302142334451940e-03	1.897846e+00	5.536819e-01
1.302174256625222e-03	1.897594e+00	5.564381e-01
1.302204693007782e-03	1.897336e+00	5.594871e-01
1.302244861829292e-03	1.896963e+00	5.640647e-01
1.302287878071625e-03	1.896530e+00	5.695649e-01
1.302345508347807e-03	1.895828e+00	5.776152e-01
1.302400071893179e-03	1.894930e+00	5.855707e-01
1.302426143197688e-03	1.894494e+00	5.895441e-01
1.302442389283736e-03	1.894249e+00	5.921069e-01
1.302459314088487e-03	1.894004e+00	5.948170e-01
1.302480511864261e-03	1.893701e+00	5.982405e-01
1.302517388201889e-03	1.893185e+00	6.042120e-01
1.302578668060797e-03	1.892285e+00	6.138706e-01
1.302674634969787e-03	1.890716e+00	6.276957e-01
1.302781012254564e-03	1.889180e+00	6.405879e-01
1.302883754560089e-03	1.888125e+00	6.490833e-01
1.303000080753774e-03	1.886893e+00	6.516794e-01
1.303144755238707e-03	1.886843e+00	6.478224e-01
1.303252078814237e-03	1.887796e+00	6.410150e-01
1.303359573971791e-03	1.889018e+00	6.311495e-01
1.303459416475906e-03	1.890971e+00	6.212581e-01
1.303557827531904e-03	1.892926e+00	6.110867e-01
1.303654921461466e-03	1.894737e+00	6.015437e-01
1.303764971410715e-03	1.896446e+00	5.922036e-01
1.303869337523850e-03	1.897627e+00	5.857300e-01
1.303974205976516e-03	1.898131e+00	5.819726e-01
1.304047479183185e-03	1.898344e+00	5.814177e-01
1.304130212940837e-03	1.898746e+00	5.826123e-01
1.304213565710677e-03	1.898519e+00	5.840671e-01
1.304265522789552e-03	1.898266e+00	5.852709e-01
1.304313156492912e-03	1.898186e+00	5.868075e-01
1.304374262534492e-03	1.898017e+00	5.889656e-01
1.304432203965639e-03	1.897766e+00	5.911123e-01
1.304509640324809e-03	1.897258e+00	5.939834e-01
1.304554689418538e-03	1.896897e+00	5.956294e-01
1.304595995919746e-03	1.896606e+00	5.971763e-01
1.304644731763803e-03	1.896219e+00	5.988913e-01
1.304727245162311e-03	1.895492e+00	6.014883e-01
1.304804044509462e-03	1.894799e+00	6.034913e-01
1.304889089645419e-03	1.894023e+00	6.050186e-01
1.304977609856221e-03	1.893213e+00	6.055493e-01
1.305079838115307e-03	1.892337e+00	6.045005e-01
1.305182266224610e-03	1.891525e+00	6.014836e-01
1.305299867866281e-03	1.890968e+00	5.964448e-01
1.305374682893516e-03	1.890715e+00	5.925351e-01
1.305452768965805e-03	1.890297e+00	5.878270e-01
1.305540077332830e-03	1.889841e+00	5.824689e-01
1.305641837582631e-03	1.889268e+00	5.764785e-01
1.305735101325549e-03	1.888648e+00	5.716455e-01
1.305840154206966e-03	1.887687e+00	5.672522e-01
1.305924622690110e-03	1.886760e+00	5.650345e-01
1.306025437933631e-03	1.885574e+00	5.640966e-01
1.306124861601070e-03	1.884182e+00	5.640367e-01
1.306230648679535e-03	1.882529e+00	5.643704e-01
1.306341470248957e-03	1.880618e+00	5.648956e-01
1.306471185415494e-03	1.878313e+00	5.657391e-01
1.306590394700642e-03	1.876153e+00	5.666117e-01
1.306717035407950e-03	1.873747e+00	5.674069e-01
1.306873724350407e-03	1.870675e+00	5.681222e-01
1.307042532239136e-03	1.867459e+00	5.696921e-01
1.307120654538248e-03	1.865997e+00	5.721152e-01
1.307180160721689e-03	1.864864e+00	5.756153e-01
1.307235841826691e-03	1.863817e+00	5.800127e-01
1.307295853391619e-03	1.862762e+00	5.857552e-01
1.307375792489678e-03	1.861485e+00	5.945404e-01
1.307488516866126e-03	1.859729e+00	6.076795e-01
1.307650066601933e-03	1.857174e+00	6.254468e-01
1.307796047787846e-03	1.855838e+00	6.384742e-01
1.307953624665072e-03	1.854632e+00	6.452825e-01
1.308105578492642e-03	1.854792e+00	6.457900e-01
1.308237131943314e-03	1.855787e+00	6.429425e-01
1.308367253911619e-03	1.858464e+00	6.397507e-01
1.308501041811384e-03	1.861858e+00	6.360201e-01
1.308632735528994e-03	1.865314e+00	6.322167e-01
1.308755652085178e-03	1.868402e+00	6.290327e-01
1.308880426150474e-03	1.871287e+00	6.266992e-01
1.308996739168074e-03	1.873592e+00	6.247545e-01
1.309089806129688e-03	1.875150e+00	6.213742e-01
1.309173276510519e-03	1.876407e+00	6.150265e-01
1.309264803849973e-03	1.877798e+00	6.047738e-01
1.309338933513749e-03	1.878924e+00	5.946343e-01
1.309417114023934e-03	1.879978e+00	5.825799e-01
1.309503257630286e-03	1.881006e+00	5.686068e-01
1.309555366123893e-03	1.881498e+00	5.600619e-01
1.309614889343922e-03	1.881878e+00	5.505274e-01
1.309687369531461e-03	1.882180e+00	5.396805e-01
1.309759198789559e-03	1.882377e+00	5.300943e-01
1.309809831946107e-03	1.882492e+00	5.242450e-01
1.309828958395223e-03	1.882537e+00	5.223628e-01
1.309853827804317e-03	1.882531e+00	5.202051e-01
1.309882472975943e-03	1.882519e+00	5.181378e-01
1.309924090477359e-03	1.882450e+00	5.158728e-01
1.309965786828608e-03	1.882350e+00	5.146181e-01
1.310021975989216e-03	1.882165e+00	5.143132e-01
1.310084135251587e-03	1.881841e+00	5.149935e-01
1.310174824837525e-03	1.881275e+00	5.171849e-01
1.310289047573842e-03	1.879604e+00	5.206386e-01
1.310480369852259e-03	1.872908e+00	5.248490e-01
1.310610830928941e-03	1.869312e+00	5.294980e-01
1.310732816156903e-03	1.865785e+00	5.335981e-01
1.310877945885370e-03	1.861011e+00	5.365350e-01
1.311053017184775e-03	1.855085e+00	5.370658e-01
1.311227808598640e-03	1.849483e+00	5.349236e-01
1.311344026269859e-03	1.845853e+00	5.321789e-01
1.311421740980995e-03	1.843304e+00	5.297392e-01
1.311484299398426e-03	1.841196e+00	5.275782e-01
1.311540689793372e-03	1.839269e+00	5.255864e-01
1.311613986424314e-03	1.836755e+00	5.230764e-01
1.311700109068437e-03	1.833809e+00	5.204454e-01
1.311823626048678e-03	1.829570e+00	5.175417e-01
1.311954806653242e-03	1.825018e+00	5.158661e-01
1.312120066705135e-03	1.819007e+00	5.150433e-01
1.312271541952654e-03	1.813215e+00	5.144193e-01
1.312433987140113e-03	1.806992e+00	5.136985e-01
1.312571423189707e-03	1.801764e+00	5.131236e-01
1.312717051378937e-03	1.796246e+00	5.125940e-01
1.312862329011732e-03	1.790750e+00	5.121901e-01
1.313067769811544e-03	1.783010e+00	5.116547e-01
1.313246387798006e-03	1.776334e+00	5.106021e-01
1.313540330655236e-03	1.765532e+00	5.074124e-01
1.313802431729619e-03	1.756151e+00	5.049181e-01
1.313948399975251e-03	1.750965e+00	5.042729e-01
1.314036437273011e-03	1.747844e+00	5.051309e-01
1.314090768838130e-03	1.745956e+00	5.075168e-01
1.314143053047565e-03	1.744152e+00	5.118212e-01
1.314190386394052e-03	1.742609e+00	5.173746e-01
1.314267596046639e-03	1.740131e+00	5.288038e-01
1.314347363510289e-03	1.737240e+00	5.420924e-01
1.314384144505053e-03	1.735880e+00	5.487739e-01
1.314406535084532e-03	1.735133e+00	5.531152e-01
1.314428196703582e-03	1.734438e+00	5.574225e-01
1.314450261412321e-03	1.733770e+00	5.619013e-01
1.314491444568430e-03	1.732601e+00	5.703747e-01
1.314552068835531e-03	1.731072e+00	5.827301e-01
1.314673317369732e-03	1.727894e+00	6.051974e-01
1.314794586841951e-03	1.724730e+00	6.230951e-01
1.314907226566518e-03	1.723360e+00	6.339831e-01
1.315035310798926e-03	1.724095e+00	6.391548e-01
1.315198633774208e-03	1.723272e+00	6.354701e-01
1.315350870001776e-03	1.723728e+00	6.289838e-01
1.315503237427744e-03	1.729312e+00	6.251962e-01
1.315615961057025e-03	1.734206e+00	6.223832e-01
1.315727529772234e-03	1.738839e+00	6.194081e-01
1.315837321887742e-03	1.743616e+00	6.175392e-01
1.316002972476582e-03	1.750499e+00	6.168189e-01
1.316155275745620e-03	1.755876e+00	6.180758e-01
1.316267342293095e-03	1.759470e+00	6.206060e-01
1.316362875850455e-03	1.762607e+00	6.239186e-01
1.316460000539805e-03	1.765825e+00	6.278559e-01
1.316560376901777e-03	1.769133e+00	6.320497e-01
1.316668992056325e-03	1.772721e+00	6.362732e-01
1.316794712468150e-03	1.776865e+00	6.400900e-01
1.316933908068477e-03	1.781462e+00	6.422356e-01
1.317075062164967e-03	1.786235e+00	6.415325e-01
1.317223775674142e-03	1.791683e+00	6.380759e-01
1.317335615662186e-03	1.795929e+00	6.339274e-01
1.317453153401636e-03	1.800271e+00	6.285280e-01
1.317567201362816e-03	1.804336e+00	6.231444e-01
1.317730826861584e-03	1.809848e+00	6.163226e-01
1.317880165615618e-03	1.814504e+00	6.121160e-01
1.318026545045897e-03	1.818327e+00	6.089424e-01
1.318273789682573e-03	1.823346e+00	5.946383e-01
1.318373205929617e-03	1.825131e+00	5.850294e-01
1.318479791492865e-03	1.826926e+00	5.734262e-01
1.318542901345618e-03	1.827862e+00	5.663485e-01
1.318617944089610e-03	1.828771e+00	5.580612e-01
1.318685642930031e-03	1.829473e+00	5.511116e-01
1.318782418084940e-03	1.830365e+00	5.423900e-01
1.318910310477333e-03	1.830912e+00	5.350854e-01
1.318970683262885e-03	1.831041e+00	5.337588e-01
1.319063535656903e-03	1.831530e+00	5.350428e-01
1.319168919038107e-03	1.834040e+00	5.423988e-01
1.319365483437842e-03	1.834712e+00	5.588058e-01
1.319548259870356e-03	1.828515e+00	5.707812e-01
1.319647172325106e-03	1.825726e+00	5.783688e-01
1.319699804104264e-03	1.824982e+00	5.829044e-01
1.319735069849003e-03	1.824504e+00	5.857219e-01
1.319766947572331e-03	1.823978e+00	5.879339e-01
1.319815785063874e-03	1.823082e+00	5.907346e-01
1.319881830129080e-03	1.822065e+00	5.937944e-01
1.319944541973673e-03	1.821120e+00	5.954025e-01
1.320028898408385e-03	1.819853e+00	5.950870e-01
1.320123209710322e-03	1.818563e+00	5.912831e-01
1.320251975935650e-03	1.817838e+00	5.826331e-01
1.320317695485758e-03	1.817837e+00	5.769442e-01
1.320373023255770e-03	1.817621e+00	5.710251e-01
1.320427172990274e-03	1.817399e+00	5.648040e-01
1.320481543803394e-03	1.817190e+00	5.583542e-01
1.320543400611755e-03	1.816948e+00	5.509733e-01
1.320604856194991e-03	1.816637e+00	5.437171e-01
1.320646391201182e-03	1.816388e+00	5.389955e-01
1.320694514224174e-03	1.816089e+00	5.338852e-01
1.320745322244610e-03	1.815749e+00	5.290169e-01
1.320809921233149e-03	1.815186e+00	5.235552e-01
1.320852933800258e-03	1.814719e+00	5.204253e-01
1.320878245007512e-03	1.814462e+00	5.189795e-01
1.320917208684089e-03	1.814059e+00	5.172919e-01
1.320953408435951e-03	1.813674e+00	5.163373e-01
1.321011467333673e-03	1.812998e+00	5.159471e-01
1.321067850971605e-03	1.812305e+00	5.167872e-01
1.321157068865716e-03	1.811054e+00	5.200263e-01
1.321257149302535e-03	1.809306e+00	5.256694e-01
1.321437566499726e-03	1.805554e+00	5.387022e-01
1.321573443402508e-03	1.802123e+00	5.490676e-01
1.321651152658245e-03	1.800245e+00	5.550648e-01
1.321707974956637e-03	1.798946e+00	5.592143e-01
1.321739810328015e-03	1.798228e+00	5.613482e-01
1.321772005229727e-03	1.797499e+00	5.632894e-01
1.321813136054117e-03	1.796552e+00	5.653814e-01
1.321886937235413e-03	1.794886e+00	5.681808e-01
1.321963817004549e-03	1.793210e+00	5.696371e-01
1.322050759373677e-03	1.791427e+00	5.691998e-01
1.322133368778523e-03	1.789822e+00	5.666536e-01
1.322232170003571e-03	1.788352e+00	5.618702e-01
1.322284761653591e-03	1.787706e+00	5.586371e-01
1.322334519651625e-03	1.787013e+00	5.549541e-01
1.322381345448139e-03	1.786384e+00	5.512244e-01
1.322422350921124e-03	1.785841e+00	5.477908e-01
1.322467611591579e-03	1.785244e+00	5.438893e-01
1.322493704256705e-03	1.784901e+00	5.416100e-01
1.322513698894603e-03	1.784632e+00	5.398508e-01
1.322541418520611e-03	1.784262e+00	5.374223e-01
1.322571087794184e-03	1.783864e+00	5.348508e-01
1.322607890539178e-03	1.783374e+00	5.317443e-01
1.322658908657489e-03	1.782718e+00	5.277453e-01
1.322760944894110e-03	1.781347e+00	5.207222e-01
1.322852817270047e-03	1.780153e+00	5.165173e-01
1.323020280946723e-03	1.778044e+00	5.163461e-01
1.323216569695606e-03	1.774729e+00	5.274243e-01
1.323407487851725e-03	1.769570e+00	5.464435e-01
1.323492295503285e-03	1.767066e+00	5.569357e-01
1.323543245618568e-03	1.765848e+00	5.638916e-01
1.323578334956403e-03	1.765071e+00	5.686876e-01
1.323612448164387e-03	1.764362e+00	5.732384e-01
1.323672151885091e-03	1.763194e+00	5.805856e-01
1.323791559326500e-03	1.760847e+00	5.926989e-01
1.323899435720059e-03	1.758763e+00	5.996226e-01
1.324014726271067e-03	1.757622e+00	6.031351e-01
1.324120844618601e-03	1.757220e+00	6.044322e-01
1.324233874168508e-03	1.757063e+00	6.054512e-01
1.324385596703898e-03	1.757844e+00	6.076957e-01
1.324538990762398e-03	1.758747e+00	6.094717e-01
1.324773700438205e-03	1.762313e+00	6.126326e-01
1.324959171450149e-03	1.766649e+00	6.138692e-01
1.325113001100780e-03	1.770244e+00	6.103135e-01
1.325214793837887e-03	1.772630e+00	6.035637e-01
1.325321162995872e-03	1.775265e+00	5.928427e-01
1.325407041976297e-03	1.777457e+00	5.826581e-01
1.325503389597501e-03	1.779741e+00	5.703015e-01
1.325596054708825e-03	1.781689e+00	5.583132e-01
1.325711382066635e-03	1.783582e+00	5.444377e-01
1.325862745730042e-03	1.785425e+00	5.312930e-01
1.325888652148424e-03	1.785664e+00	5.295394e-01
1.325914558566806e-03	1.785885e+00	5.281442e-01
1.325940464985188e-03	1.786089e+00	5.271073e-01
1.325966371403570e-03	1.786277e+00	5.264288e-01
1.325992277821952e-03	1.786446e+00	5.261087e-01
1.326018184240334e-03	1.786599e+00	5.261468e-01
1.326044090658716e-03	1.786734e+00	5.265434e-01
1.326087103302054e-03	1.786924e+00	5.276163e-01
1.326142683940237e-03	1.787113e+00	5.299241e-01
1.326205566657715e-03	1.787590e+00	5.339684e-01
1.326295279799900e-03	1.788560e+00	5.417358e-01
1.326411151029274e-03	1.788975e+00	5.527899e-01
1.326548627893532e-03	1.787412e+00	5.650602e-01
1.326669059879178e-03	1.785000e+00	5.746939e-01
1.326735726350449e-03	1.784155e+00	5.800245e-01
1.326771814416165e-03	1.783859e+00	5.827326e-01
1.326801688323686e-03	1.783595e+00	5.847094e-01
1.326831502518961e-03	1.783256e+00	5.863187e-01
1.326891130909509e-03	1.782564e+00	5.887344e-01
1.326956468403743e-03	1.781990e+00	5.903785e-01
1.327023107383644e-03	1.781438e+00	5.906816e-01
1.327099714152451e-03	1.780716e+00	5.895267e-01
1.327213449386261e-03	1.780031e+00	5.865286e-01
1.327327028078604e-03	1.780079e+00	5.829381e-01
1.327417873216844e-03	1.780297e+00	5.794850e-01
1.327495950456709e-03	1.780455e+00	5.761539e-01
1.327574950126525e-03	1.780618e+00	5.727167e-01
1.327653493049770e-03	1.780810e+00	5.694837e-01
1.327743573023108e-03	1.781039e+00	5.662309e-01
1.327839220193344e-03	1.781223e+00	5.634707e-01
1.327922250625476e-03	1.781287e+00	5.618446e-01
1.327995111576951e-03	1.781297e+00	5.610084e-01
1.328068709405115e-03	1.781254e+00	5.599587e-01
1.328149251990104e-03	1.781119e+00	5.575913e-01
1.328250390111503e-03	1.780856e+00	5.529815e-01
1.328322166946679e-03	1.780622e+00	5.488240e-01
1.328413037866105e-03	1.780279e+00	5.427961e-01
1.328513381487875e-03	1.779887e+00	5.358207e-01
1.328574306548946e-03	1.779594e+00	5.315825e-01
1.328648323013130e-03	1.779143e+00	5.266769e-01
1.328734332249134e-03	1.778557e+00	5.219665e-01
1.328906350721141e-03	1.777359e+00	5.172686e-01
1.329124426719063e-03	1.775020e+00	5.210890e-01
1.329358256689997e-03	1.770213e+00	5.351381e-01
1.329486951267128e-03	1.767081e+00	5.465338e-01
1.329578844897189e-03	1.765033e+00	5.557846e-01
1.329624400617520e-03	1.764091e+00	5.603501e-01
1.329656737115258e-03	1.763453e+00	5.634750e-01
1.329688038216013e-03	1.762843e+00	5.663205e-01
1.329743565304060e-03	1.761773e+00	5.708064e-01
1.329835068645722e-03	1.760052e+00	5.766436e-01
1.329933265897146e-03	1.758303e+00	5.802712e-01
1.330034920736006e-03	1.756728e+00	5.803256e-01
1.330131137260476e-03	1.755601e+00	5.763880e-01
1.330237895544179e-03	1.754977e+00	5.685560e-01
1.330296169223956e-03	1.754812e+00	5.629286e-01
1.330346550163545e-03	1.754591e+00	5.571241e-01
1.330394019404135e-03	1.754413e+00	5.512530e-01
1.330435838518307e-03	1.754264e+00	5.458477e-01
1.330478110840177e-03	1.754112e+00	5.402456e-01
1.330517982881883e-03	1.753963e+00	5.349105e-01
1.330545877443218e-03	1.753851e+00	5.311832e-01
1.330579486759654e-03	1.753703e+00	5.267401e-01
1.330611820978748e-03	1.753556e+00	5.225602e-01
1.330648406998934e-03	1.753376e+00	5.179822e-01
1.330683247419144e-03	1.753187e+00	5.137990e-01
1.330711747294185e-03	1.753029e+00	5.105885e-01
1.330754863614146e-03	1.752777e+00	5.061215e-01
1.330798014300038e-03	1.752507e+00	5.022161e-01
1.330861088539843e-03	1.752048e+00	4.976567e-01
1.330928573077576e-03	1.751570e+00	4.948213e-01
1.331032638260828e-03	1.750826e+00	4.951227e-01
1.331162910775674e-03	1.749929e+00	5.034860e-01
1.331402864383052e-03	1.744841e+00	5.280061e-01
1.331522381418472e-03	1.741295e+00	5.424207e-01
1.331603147631647e-03	1.739371e+00	5.533364e-01
1.331644484247813e-03	1.738477e+00	5.588201e-01
1.331672162655268e-03	1.737903e+00	5.623419e-01
1.331697477661150e-03	1.737382e+00	5.653982e-01
1.331733097431361e-03	1.736655e+00	5.693347e-01
1.331804336971784e-03	1.735224e+00	5.759287e-01
1.331897773728403e-03	1.733470e+00	5.819920e-01
1.331987991317963e-03	1.731896e+00	5.842582e-01
1.332088487878416e-03	1.730614e+00	5.828990e-01
1.332186745049506e-03	1.729918e+00	5.785702e-01
1.332300145985662e-03	1.729405e+00	5.708189e-01
1.332381525384795e-03	1.729485e+00	5.642740e-01
1.332445309572659e-03	1.729582e+00	5.585176e-01
1.332505188085902e-03	1.729670e+00	5.528624e-01
1.332567382973846e-03	1.729794e+00	5.470017e-01
1.332624896091080e-03	1.729906e+00	5.417151e-01
1.332667447240063e-03	1.729960e+00	5.379447e-01
1.332697053959861e-03	1.729986e+00	5.354619e-01
1.332734258430709e-03	1.730020e+00	5.325629e-01
1.332773714555277e-03	1.730043e+00	5.297602e-01
1.332818553329328e-03	1.730054e+00	5.269765e-01
1.332863971730489e-03	1.730018e+00	5.245777e-01
1.332896543225893e-03	1.729986e+00	5.232337e-01
1.332937202627319e-03	1.729950e+00	5.220938e-01
1.332982653217812e-03	1.729915e+00	5.214423e-01
1.333047773934567e-03	1.729813e+00	5.209176e-01
1.333122491207923e-03	1.729589e+00	5.198293e-01
1.333232286776089e-03	1.728974e+00	5.168630e-01
1.333370987943301e-03	1.727592e+00	5.114278e-01
1.333525591000793e-03	1.725770e+00	5.046816e-01
1.333709300690586e-03	1.723332e+00	4.975649e-01
1.333910482944372e-03	1.720132e+00	4.931320e-01
1.334086496574920e-03	1.717183e+00	4.965329e-01
1.334241034487060e-03	1.714161e+00	5.087783e-01
1.334394982104140e-03	1.710134e+00	5.277760e-01
1.334493928102066e-03	1.707222e+00	5.419557e-01
1.334549721226232e-03	1.705771e+00	5.504921e-01
1.334581019377647e-03	1.705031e+00	5.553044e-01
1.334604506396577e-03	1.704499e+00	5.588606e-01
1.334628143294775e-03	1.703978e+00	5.623426e-01
1.334671057172781e-03	1.703077e+00	5.682969e-01
1.334756884928795e-03	1.701342e+00	5.786070e-01
1.334865430452031e-03	1.699294e+00	5.881851e-01
1.334967278196419e-03	1.697721e+00	5.927791e-01
1.335081820799324e-03	1.697319e+00	5.950426e-01
1.335202994526404e-03	1.697091e+00	5.962813e-01
1.335343017468049e-03	1.697657e+00	5.984671e-01
1.335502063554659e-03	1.698086e+00	6.001047e-01
1.335754438797334e-03	1.701995e+00	6.032797e-01
1.336046205071844e-03	1.711228e+00	6.079794e-01
1.336188815988805e-03	1.716126e+00	6.097683e-01
1.336292269019558e-03	1.719523e+00	6.110231e-01
1.336478135988526e-03	1.725578e+00	6.138091e-01
1.336664457752591e-03	1.731787e+00	6.167379e-01
1.336885645992577e-03	1.739188e+00	6.189743e-01
1.337109609057514e-03	1.746705e+00	6.193818e-01
1.337334796136212e-03	1.754303e+00	6.196385e-01
1.337661301085856e-03	1.764982e+00	6.202466e-01
1.338034493552026e-03	1.776385e+00	6.194579e-01
1.338144873709225e-03	1.779552e+00	6.172907e-01
1.338245298981122e-03	1.782372e+00	6.134937e-01
1.338343186104581e-03	1.785039e+00	6.085364e-01
1.338456138818696e-03	1.788011e+00	6.020106e-01
1.338579620167529e-03	1.791127e+00	5.948033e-01
1.338722147876401e-03	1.794453e+00	5.873715e-01
1.338929812821379e-03	1.798395e+00	5.799827e-01
1.339010619497464e-03	1.799669e+00	5.788361e-01
1.339103859056208e-03	1.800924e+00	5.768270e-01
1.339339698136199e-03	1.803333e+00	5.647763e-01
1.339392280623132e-03	1.803760e+00	5.610149e-01
1.339445375657819e-03	1.804127e+00	5.570131e-01
1.339502894141104e-03	1.804420e+00	5.525535e-01
1.339590184869773e-03	1.804683e+00	5.458902e-01
1.339706148116107e-03	1.805792e+00	5.392240e-01
1.339892279277825e-03	1.807807e+00	5.337242e-01
1.340089637053908e-03	1.806298e+00	5.318476e-01
1.340302925683721e-03	1.801432e+00	5.337951e-01
1.340449415627594e-03	1.798051e+00	5.378583e-01
1.340572200775755e-03	1.795823e+00	5.427470e-01
1.340703216521463e-03	1.793484e+00	5.477204e-01
1.340842826095846e-03	1.791025e+00	5.519615e-01
1.340936949338157e-03	1.789318e+00	5.536405e-01
1.341033014966729e-03	1.787521e+00	5.546228e-01
1.341129688463713e-03	1.785839e+00	5.563907e-01
1.341213558247652e-03	1.784448e+00	5.591478e-01
1.341303799800478e-03	1.782976e+00	5.631968e-01
1.341397037615867e-03	1.781539e+00	5.681683e-01
1.341521216619255e-03	1.779789e+00	5.751598e-01
1.341725941876640e-03	1.777140e+00	5.853911e-01
1.341890862018525e-03	1.775425e+00	5.907969e-01
1.342041378893817e-03	1.774440e+00	5.933165e-01
1.342200507126471e-03	1.774501e+00	5.967910e-01
1.342332918783455e-03	1.775208e+00	6.016179e-01
1.342479962961007e-03	1.776303e+00	6.081180e-01
1.342641528183307e-03	1.777339e+00	6.145276e-01
1.342811592881021e-03	1.778834e+00	6.192597e-01
1.343003267066905e-03	1.782037e+00	6.221368e-01
1.343160689392896e-03	1.785838e+00	6.230933e-01
1.343280220809955e-03	1.789027e+00	6.233051e-01
1.343399272803041e-03	1.792215e+00	6.233391e-01
1.343523461176395e-03	1.795611e+00	6.233384e-01
1.343690716750994e-03	1.800169e+00	6.232642e-01
1.343845558422883e-03	1.804298e+00	6.231223e-01
1.344003184686462e-03	1.808322e+00	6.225877e-01
1.344117609934586e-03	1.811114e+00	6.212644e-01
1.344239410425630e-03	1.814018e+00	6.184711e-01
1.344363127424678e-03	1.816884e+00	6.145031e-01
1.344505634152480e-03	1.820095e+00	6.093433e-01
1.344651814319205e-03	1.823236e+00	6.043628e-01
1.344835370696354e-03	1.826817e+00	5.997624e-01
1.345012013751754e-03	1.829543e+00	5.968060e-01
1.345134429747628e-03	1.830961e+00	5.942807e-01
1.345395479375219e-03	1.833293e+00	5.834784e-01
1.345526222503317e-03	1.834260e+00	5.766027e-01
1.345622470148986e-03	1.834844e+00	5.715816e-01
1.345713733933402e-03	1.835308e+00	5.672912e-01
1.345796605378187e-03	1.835720e+00	5.641386e-01
1.345872298709840e-03	1.835751e+00	5.616875e-01
1.345918314998681e-03	1.835742e+00	5.606946e-01
1.345980091537511e-03	1.835753e+00	5.600032e-01
1.346051163651126e-03	1.835660e+00	5.589009e-01
1.346157573515002e-03	1.835102e+00	5.549124e-01
1.346276394349850e-03	1.833799e+00	5.470501e-01
1.346435768229982e-03	1.831491e+00	5.333843e-01
1.346626908315351e-03	1.829219e+00	5.173802e-01
1.346802080754293e-03	1.826847e+00	5.063429e-01
1.347006086646714e-03	1.823053e+00	4.997574e-01
1.347228396333667e-03	1.816944e+00	4.954556e-01
1.347440191318668e-03	1.809738e+00	4.905327e-01
1.347639934574834e-03	1.802014e+00	4.852535e-01
1.347855017313014e-03	1.793246e+00	4.814828e-01
1.348134593951796e-03	1.780952e+00	4.795811e-01
1.348403091742715e-03	1.768243e+00	4.790113e-01
1.348614492727322e-03	1.757969e+00	4.788443e-01
1.348817915095004e-03	1.748069e+00	4.787825e-01
1.349029433024290e-03	1.737873e+00	4.794471e-01
1.349143788378791e-03	1.732420e+00	4.812573e-01
1.349238536926887e-03	1.727913e+00	4.843334e-01
1.349331581442404e-03	1.723594e+00	4.886010e-01
1.349493434676010e-03	1.716146e+00	4.970663e-01
1.349649295516957e-03	1.709022e+00	5.046063e-01
1.349859879694362e-03	1.699986e+00	5.117424e-01
1.350070326459805e-03	1.692183e+00	5.162184e-01
1.350231317177110e-03	1.687034e+00	5.204303e-01
1.350401175827398e-03	1.682214e+00	5.272509e-01
1.350578405841900e-03	1.677452e+00	5.353609e-01
1.350659635110815e-03	1.675428e+00	5.389641e-01
1.350730840174326e-03	1.673849e+00	5.418209e-01
1.350800839971204e-03	1.672409e+00	5.441382e-01
1.350881480478056e-03	1.670876e+00	5.459846e-01
1.350979313719972e-03	1.669210e+00	5.469272e-01
1.351071868058096e-03	1.667836e+00	5.462977e-01
1.351173182464604e-03	1.666669e+00	5.442158e-01
1.351226632980349e-03	1.666175e+00	5.425723e-01
1.351270326101603e-03	1.665753e+00	5.408317e-01
1.351313574968720e-03	1.665361e+00	5.388961e-01
1.351368504170689e-03	1.664900e+00	5.362352e-01
1.351420333506274e-03	1.664509e+00	5.335964e-01
1.351462356966384e-03	1.664210e+00	5.313780e-01
1.351511149129790e-03	1.663880e+00	5.287654e-01
1.351576774745601e-03	1.663463e+00	5.253078e-01
1.351667548413865e-03	1.662951e+00	5.209094e-01
1.351790694948015e-03	1.662382e+00	5.162491e-01
1.351948456051295e-03	1.661633e+00	5.127856e-01
1.352099284491470e-03	1.660598e+00	5.113451e-01
1.352244525692257e-03	1.659300e+00	5.103449e-01
1.352388691290560e-03	1.657879e+00	5.090812e-01
1.352529079263235e-03	1.656464e+00	5.078084e-01
1.352705968888635e-03	1.654617e+00	5.063846e-01
1.352882052132203e-03	1.652693e+00	5.055301e-01
1.353087685713772e-03	1.650325e+00	5.059780e-01
1.353267470502662e-03	1.648133e+00	5.082872e-01
1.353456797233069e-03	1.645600e+00	5.121954e-01
1.353592322475600e-03	1.643732e+00	5.152666e-01
1.353737664599435e-03	1.641807e+00	5.181407e-01
1.353907876217904e-03	1.639673e+00	5.200630e-01
1.354085722391771e-03	1.637616e+00	5.197451e-01
1.354305919609265e-03	1.635634e+00	5.170657e-01
1.354436405991386e-03	1.634671e+00	5.146711e-01
1.354554810903528e-03	1.633755e+00	5.120786e-01
1.354671738785628e-03	1.632869e+00	5.096620e-01
1.354812401026614e-03	1.631811e+00	5.073514e-01
1.354949483101711e-03	1.630740e+00	5.060348e-01
1.355082070348238e-03	1.629661e+00	5.057477e-01
1.355239978505001e-03	1.628232e+00	5.060692e-01
1.355379467411234e-03	1.626877e+00	5.066202e-01
1.355534135163891e-03	1.625369e+00	5.074213e-01
1.355667149106327e-03	1.624074e+00	5.081078e-01
1.355784267330490e-03	1.622943e+00	5.085834e-01
1.355915712239499e-03	1.621685e+00	5.088404e-01
1.356051236145184e-03	1.620392e+00	5.086648e-01
1.356236640865518e-03	1.618722e+00	5.079124e-01
1.356361563725923e-03	1.617657e+00	5.071695e-01
1.356472569837928e-03	1.616706e+00	5.063549e-01
1.356583595223957e-03	1.615759e+00	5.055176e-01
1.356725074517897e-03	1.614560e+00	5.045418e-01
1.356844553484080e-03	1.613546e+00	5.038917e-01
1.356966077050366e-03	1.612504e+00	5.034400e-01
1.357078330062536e-03	1.611514e+00	5.030224e-01
1.357176167251351e-03	1.610635e+00	5.024073e-01
1.357295900477086e-03	1.609547e+00	5.012760e-01
1.357430151914664e-03	1.608344e+00	4.997621e-01
1.357551531857419e-03	1.607254e+00	4.983382e-01
1.357751333715915e-03	1.605446e+00	4.963252e-01
1.357947090529434e-03	1.603584e+00	4.952928e-01
1.358060149616687e-03	1.602452e+00	4.964910e-01
1.358136106079570e-03	1.601738e+00	4.998602e-01
1.358220923767538e-03	1.600937e+00	5.065261e-01
1.358300861232868e-03	1.600119e+00	5.147059e-01
1.358381621555492e-03	1.599344e+00	5.244876e-01
1.358489925593803e-03	1.598191e+00	5.385529e-01
1.358540465072356e-03	1.597660e+00	5.452568e-01
1.358571442180908e-03	1.597407e+00	5.494052e-01
1.358594991403289e-03	1.597238e+00	5.525182e-01
1.358618702559530e-03	1.597089e+00	5.555812e-01
1.358661538760148e-03	1.596925e+00	5.608765e-01
1.358747211161386e-03	1.596764e+00	5.702330e-01
1.358855733911854e-03	1.596715e+00	5.788305e-01
1.358984552943281e-03	1.596922e+00	5.837849e-01
1.359109455476391e-03	1.597489e+00	5.848232e-01
1.359242380459289e-03	1.597806e+00	5.840349e-01
1.359439706475988e-03	1.602234e+00	5.862233e-01
1.359596186962730e-03	1.607808e+00	5.892465e-01
1.359736930701137e-03	1.612971e+00	5.911879e-01
1.359889175311012e-03	1.618829e+00	5.924430e-01
1.360032399377727e-03	1.624527e+00	5.927023e-01
1.360140149179287e-03	1.628868e+00	5.921495e-01
1.360236779107818e-03	1.632789e+00	5.911385e-01
1.360327895197955e-03	1.636505e+00	5.898903e-01
1.360462019994224e-03	1.641934e+00	5.878046e-01
1.360617206902735e-03	1.648098e+00	5.854965e-01
1.360832112611454e-03	1.656133e+00	5.829033e-01
1.361013771405880e-03	1.662235e+00	5.805900e-01
1.361263772621338e-03	1.669881e+00	5.709711e-01
1.361358850117433e-03	1.672644e+00	5.645577e-01
1.361464755415020e-03	1.675637e+00	5.564497e-01
1.361590386731884e-03	1.678887e+00	5.464574e-01
1.361716508879746e-03	1.681802e+00	5.372559e-01
1.361952218779988e-03	1.686176e+00	5.274550e-01
1.362056772994775e-03	1.687737e+00	5.260976e-01
1.362210801476316e-03	1.689421e+00	5.235949e-01
1.362377967240901e-03	1.690463e+00	5.191676e-01
1.362574874800401e-03	1.692136e+00	5.142657e-01
1.362771035907265e-03	1.694371e+00	5.116760e-01
1.362998078366660e-03	1.691440e+00	5.070910e-01
1.363241893788767e-03	1.686291e+00	5.042340e-01
1.363370243356742e-03	1.684647e+00	5.050615e-01
1.363485672618630e-03	1.682946e+00	5.060877e-01
1.363628165001565e-03	1.680918e+00	5.076023e-01
1.363731644898160e-03	1.679406e+00	5.086292e-01
1.363819050664931e-03	1.677915e+00	5.091498e-01
1.363927017072447e-03	1.676005e+00	5.095273e-01
1.364040564110572e-03	1.674041e+00	5.102181e-01
1.364141673261896e-03	1.672293e+00	5.129002e-01
1.364185244399543e-03	1.671548e+00	5.150343e-01
1.364244200846684e-03	1.670559e+00	5.186285e-01
1.364312203996508e-03	1.669450e+00	5.235626e-01
1.364410755734669e-03	1.667902e+00	5.316914e-01
1.364563988283766e-03	1.665349e+00	5.448183e-01
1.364625844878328e-03	1.664370e+00	5.500369e-01
1.364671543690370e-03	1.663753e+00	5.537342e-01
1.364716159721044e-03	1.663188e+00	5.569798e-01
1.364805391782393e-03	1.662200e+00	5.623565e-01
1.364905281031504e-03	1.661272e+00	5.663161e-01
1.365013020336576e-03	1.660485e+00	5.670226e-01
1.365124270339727e-03	1.659769e+00	5.628435e-01
1.365231610940940e-03	1.659514e+00	5.545544e-01
1.365326917277561e-03	1.660006e+00	5.449843e-01
1.365374717880449e-03	1.660368e+00	5.394508e-01
1.365410915468226e-03	1.660520e+00	5.347915e-01
1.365454577981308e-03	1.660723e+00	5.290113e-01
1.365475422584567e-03	1.660833e+00	5.262228e-01
1.365490696896857e-03	1.660892e+00	5.241413e-01
1.365512856391351e-03	1.660971e+00	5.211136e-01
1.365535858604641e-03	1.661056e+00	5.179826e-01
1.365563996615269e-03	1.661154e+00	5.141850e-01
1.365600758114159e-03	1.661266e+00	5.093518e-01
1.365673889205717e-03	1.661504e+00	5.003213e-01
1.365746815885949e-03	1.661820e+00	4.926407e-01
1.365860910606269e-03	1.662336e+00	4.841805e-01
1.365988364152190e-03	1.662863e+00	4.801066e-01
1.366154181978385e-03	1.662282e+00	4.793452e-01
1.366335989829729e-03	1.659666e+00	4.791733e-01
1.366512763027150e-03	1.656013e+00	4.788853e-01
1.366668347930446e-03	1.652847e+00	4.792111e-01
1.366825444208827e-03	1.649830e+00	4.798915e-01
1.366992595918984e-03	1.646184e+00	4.797264e-01
1.367201170858586e-03	1.641124e+00	4.774457e-01
1.367440336605205e-03	1.635376e+00	4.730165e-01
1.367589450663542e-03	1.631767e+00	4.698218e-01
1.367754268118052e-03	1.627519e+00	4.666007e-01
1.367928227889692e-03	1.622905e+00	4.647523e-01
1.368118317052504e-03	1.617632e+00	4.652844e-01
1.368304219561974e-03	1.612128e+00	4.681700e-01
1.368460573867402e-03	1.607319e+00	4.718417e-01
1.368590740851671e-03	1.603354e+00	4.752315e-01
1.368723522514745e-03	1.599388e+00	4.782891e-01
1.368876568201706e-03	1.594910e+00	4.804044e-01
1.369059386819987e-03	1.589787e+00	4.801337e-01
1.369272671221458e-03	1.584578e+00	4.767777e-01
1.369422943453813e-03	1.581318e+00	4.729268e-01
1.369539677246494e-03	1.578780e+00	4.692800e-01
1.369655829705613e-03	1.576257e+00	4.657323e-01
1.369786966441184e-03	1.573432e+00	4.624518e-01
1.369925388955983e-03	1.570394e+00	4.602821e-01
1.370050717077350e-03	1.567614e+00	4.599718e-01
1.370197810375029e-03	1.564249e+00	4.614407e-01
1.370342134398385e-03	1.560759e+00	4.640336e-01
1.370462254925950e-03	1.557834e+00	4.667934e-01
1.370583362578444e-03	1.554942e+00	4.697517e-01
1.370715425805156e-03	1.551843e+00	4.726173e-01
1.370857561835799e-03	1.548581e+00	4.747168e-01
1.371042548985182e-03	1.544859e+00	4.780947e-01
1.371140735147483e-03	1.543201e+00	4.833882e-01
1.371244110890011e-03	1.541497e+00	4.938643e-01
1.371349009854427e-03	1.539833e+00	5.081908e-01
1.371492066829539e-03	1.537322e+00	5.302399e-01
1.371550551789662e-03	1.536366e+00	5.396083e-01
1.371590224528987e-03	1.535891e+00	5.460364e-01
1.371626426996910e-03	1.535515e+00	5.517399e-01
1.371665678652396e-03	1.535212e+00	5.576085e-01
1.371744181963369e-03	1.534972e+00	5.680837e-01
1.371857661347475e-03	1.535014e+00	5.794524e-01
1.371976303425788e-03	1.535187e+00	5.848529e-01
1.372116647632606e-03	1.535568e+00	5.836650e-01
1.372253241663473e-03	1.535760e+00	5.773560e-01
1.372401567208933e-03	1.539889e+00	5.712087e-01
1.372506150434420e-03	1.544210e+00	5.670106e-01
1.372580738060851e-03	1.547132e+00	5.634834e-01
1.372665474481607e-03	1.550362e+00	5.594570e-01
1.372757301692840e-03	1.554039e+00	5.557649e-01
1.372855473337156e-03	1.557938e+00	5.527194e-01
1.372941300586437e-03	1.561184e+00	5.509855e-01
1.373013446793850e-03	1.563829e+00	5.500739e-01
1.373088679383001e-03	1.566534e+00	5.486236e-01
1.373180273416110e-03	1.569684e+00	5.452038e-01
1.373357058079031e-03	1.575345e+00	5.345307e-01
1.373490032107979e-03	1.579385e+00	5.244779e-01
1.373597441797359e-03	1.582418e+00	5.161939e-01
1.373709193337522e-03	1.585275e+00	5.084115e-01
1.373891713545808e-03	1.589370e+00	5.003611e-01
1.374035889596919e-03	1.592772e+00	5.018824e-01
1.374305196047611e-03	1.597908e+00	5.179446e-01
1.374514458319917e-03	1.598936e+00	5.351113e-01
1.374646861504657e-03	1.599090e+00	5.468688e-01
1.374781739033314e-03	1.599536e+00	5.571927e-01
1.374899856123174e-03	1.600002e+00	5.634828e-01
1.374958717406815e-03	1.600476e+00	5.653264e-01
1.375030248632094e-03	1.601139e+00	5.657969e-01
1.375084813196037e-03	1.601582e+00	5.657712e-01
1.375172525833660e-03	1.602424e+00	5.660218e-01
1.375281935581058e-03	1.603796e+00	5.668238e-01
1.375404519498398e-03	1.605688e+00	5.681438e-01
1.375523502168748e-03	1.607670e+00	5.694230e-01
1.375697291423167e-03	1.610988e+00	5.710778e-01
1.375887435038682e-03	1.615341e+00	5.719960e-01
1.376074345850627e-03	1.620105e+00	5.692441e-01
1.376190308973615e-03	1.623123e+00	5.623785e-01
1.376301289940922e-03	1.626374e+00	5.514761e-01
1.376346536795035e-03	1.627702e+00	5.460006e-01
1.376405910915699e-03	1.629228e+00	5.378458e-01
1.376466971793046e-03	1.630793e+00	5.291508e-01
1.376513035542891e-03	1.631917e+00	5.224608e-01
1.376566126597905e-03	1.633131e+00	5.147656e-01
1.376616994594437e-03	1.634243e+00	5.075978e-01
1.376688300230755e-03	1.635717e+00	4.981030e-01
1.376750441656616e-03	1.636833e+00	4.908155e-01
1.376847796910055e-03	1.638349e+00	4.818912e-01
1.376916092534943e-03	1.639238e+00	4.780262e-01
1.376995255210452e-03	1.640164e+00	4.768665e-01
1.377116922994735e-03	1.641620e+00	4.824769e-01
1.377284203510989e-03	1.644593e+00	5.013793e-01
1.377452676651946e-03	1.645296e+00	5.254694e-01
1.377583721039338e-03	1.642730e+00	5.432934e-01
1.377700492491264e-03	1.640521e+00	5.585835e-01
1.377765628293856e-03	1.639866e+00	5.665909e-01
1.377802419829057e-03	1.639748e+00	5.707122e-01
1.377826158555957e-03	1.639680e+00	5.730537e-01
1.377847618054892e-03	1.639592e+00	5.748935e-01
1.377874728815765e-03	1.639429e+00	5.767545e-01
1.377928950337511e-03	1.639142e+00	5.793366e-01
1.377989942588752e-03	1.639003e+00	5.804372e-01
1.378058815814661e-03	1.638919e+00	5.786098e-01
1.378132153802378e-03	1.638877e+00	5.728770e-01
1.378213588050309e-03	1.638862e+00	5.624036e-01
1.378306176962118e-03	1.639943e+00	5.480128e-01
1.378351048961970e-03	1.640745e+00	5.401525e-01
1.378385431005572e-03	1.641158e+00	5.333813e-01
1.378416350053343e-03	1.641487e+00	5.270132e-01
1.378447123018868e-03	1.641809e+00	5.205224e-01
1.378477511882176e-03	1.642128e+00	5.140298e-01
1.378503271064568e-03	1.642389e+00	5.084872e-01
1.378532663508400e-03	1.642665e+00	5.021518e-01
1.378562178632266e-03	1.642943e+00	4.958489e-01
1.378592361420842e-03	1.643214e+00	4.894956e-01
1.378620617865295e-03	1.643461e+00	4.836794e-01
1.378646791507409e-03	1.643668e+00	4.784480e-01
1.378682158708936e-03	1.643931e+00	4.716707e-01
1.378716325890261e-03	1.644170e+00	4.655323e-01
1.378763171243733e-03	1.644465e+00	4.578842e-01
1.378812537294475e-03	1.644764e+00	4.510545e-01
1.378882125496426e-03	1.645153e+00	4.439664e-01
1.378963006049873e-03	1.645728e+00	4.404349e-01
1.379087199689490e-03	1.646602e+00	4.440230e-01
1.379258525857656e-03	1.645763e+00	4.583105e-01
1.379422238523508e-03	1.641732e+00	4.765291e-01
1.379564548026523e-03	1.637363e+00	4.947011e-01
1.379668352602818e-03	1.634850e+00	5.083617e-01
1.379771908376460e-03	1.632321e+00	5.197200e-01
1.379890768225849e-03	1.629554e+00	5.283754e-01
1.380010770649595e-03	1.626964e+00	5.310882e-01
1.380158956180512e-03	1.624554e+00	5.279620e-01
1.380295329648015e-03	1.623197e+00	5.213496e-01
1.380428569146402e-03	1.622148e+00	5.124435e-01
1.380553700332699e-03	1.621105e+00	5.030454e-01
1.380681792511319e-03	1.620064e+00	4.939058e-01
1.380808348538494e-03	1.619095e+00	4.868838e-01
1.380949962314837e-03	1.617945e+00	4.829864e-01
1.381088304950573e-03	1.616793e+00	4.855254e-01
1.381251730976987e-03	1.614930e+00	4.967131e-01
1.381403507781625e-03	1.612330e+00	5.121683e-01
1.381526620521521e-03	1.610172e+00	5.267837e-01
1.381659354909084e-03	1.608298e+00	5.429178e-01
1.381715650762688e-03	1.607683e+00	5.493178e-01
1.381757192444398e-03	1.607274e+00	5.535058e-01
1.381797297493669e-03	1.606898e+00	5.569122e-01
1.381877507592211e-03	1.606287e+00	5.621322e-01
1.381953823222256e-03	1.605889e+00	5.649413e-01
1.382048507739364e-03	1.605512e+00	5.654911e-01
1.382146778864732e-03	1.605286e+00	5.640586e-01
1.382314242495362e-03	1.605638e+00	5.598640e-01
1.382493302579486e-03	1.607448e+00	5.550710e-01
1.382606843996599e-03	1.609178e+00	5.520467e-01
1.382689293360453e-03	1.610562e+00	5.499641e-01
1.382785975910980e-03	1.612155e+00	5.478159e-01
1.382890896172634e-03	1.613999e+00	5.462674e-01
1.383005702047854e-03	1.615889e+00	5.452006e-01
1.383100148772368e-03	1.617426e+00	5.442296e-01
1.383242771959792e-03	1.619743e+00	5.410236e-01
1.383362681974429e-03	1.621648e+00	5.370483e-01
1.383418993562813e-03	1.622514e+00	5.349574e-01
1.383498763065041e-03	1.623709e+00	5.318851e-01
1.383579480153692e-03	1.624863e+00	5.288631e-01
1.383737370998095e-03	1.627027e+00	5.239967e-01
1.383943114561494e-03	1.629576e+00	5.195287e-01
1.384209253773619e-03	1.631682e+00	5.127470e-01
1.384386829513705e-03	1.632604e+00	5.052075e-01
1.384582647941830e-03	1.632936e+00	4.943301e-01
1.384731752161471e-03	1.632958e+00	4.873786e-01
1.384953707192572e-03	1.631893e+00	4.813181e-01
1.385204966196640e-03	1.628927e+00	4.784410e-01
1.385359667563134e-03	1.626426e+00	4.776739e-01
1.385546190441251e-03	1.623139e+00	4.770845e-01
1.385751421820204e-03	1.619586e+00	4.769491e-01
1.385983619635603e-03	1.615279e+00	4.781088e-01
1.386123192747127e-03	1.612527e+00	4.821212e-01
1.386216474942249e-03	1.610606e+00	4.885705e-01
1.386306878871162e-03	1.608749e+00	4.979826e-01
1.386412393319020e-03	1.606515e+00	5.109819e-01
1.386528166842465e-03	1.603958e+00	5.261444e-01
1.386599966197120e-03	1.602490e+00	5.356372e-01
1.386639284095907e-03	1.601791e+00	5.407380e-01
1.386662973533493e-03	1.601391e+00	5.436874e-01
1.386688682638680e-03	1.600975e+00	5.467585e-01
1.386713926746432e-03	1.600575e+00	5.495906e-01
1.386764414961936e-03	1.599816e+00	5.546349e-01
1.386841332336138e-03	1.598785e+00	5.608318e-01
1.386924982648631e-03	1.597956e+00	5.651521e-01
1.387017111285595e-03	1.597458e+00	5.666391e-01
1.387116028673359e-03	1.596833e+00	5.641779e-01
1.387274591606544e-03	1.596526e+00	5.558417e-01
1.387407513262210e-03	1.597637e+00	5.473802e-01
1.387486748285827e-03	1.598683e+00	5.417259e-01
1.387545814634659e-03	1.599406e+00	5.372172e-01
1.387602883016650e-03	1.600075e+00	5.328664e-01
1.387660310532695e-03	1.600778e+00	5.286993e-01
1.387732282220773e-03	1.601721e+00	5.238895e-01
1.387773960365485e-03	1.602224e+00	5.214448e-01
1.387841713162990e-03	1.603052e+00	5.182051e-01
1.387903573972738e-03	1.603809e+00	5.161648e-01
1.387970555185646e-03	1.604655e+00	5.151032e-01
1.388067108872397e-03	1.605878e+00	5.154831e-01
1.388186096152779e-03	1.607273e+00	5.179365e-01
1.388328577564150e-03	1.608708e+00	5.226966e-01
1.388488202943374e-03	1.609744e+00	5.288924e-01
1.388618589957275e-03	1.610229e+00	5.338508e-01
1.388749706607819e-03	1.610764e+00	5.382214e-01
1.388879760711926e-03	1.611338e+00	5.412185e-01
1.388981677286479e-03	1.611878e+00	5.418096e-01
1.389077379129420e-03	1.612373e+00	5.392242e-01
1.389175991047470e-03	1.612909e+00	5.322946e-01
1.389270190816977e-03	1.613500e+00	5.220066e-01
1.389365929464981e-03	1.614179e+00	5.089462e-01
1.389462196999508e-03	1.614706e+00	4.941980e-01
1.389611168232539e-03	1.615752e+00	4.718549e-01
1.389764961219210e-03	1.617293e+00	4.534928e-01
1.389931212596529e-03	1.617831e+00	4.416252e-01
1.390093286129343e-03	1.616795e+00	4.376804e-01
1.390295880754322e-03	1.612490e+00	4.354875e-01
1.390527254495241e-03	1.605726e+00	4.329267e-01
1.390701253255390e-03	1.601429e+00	4.327819e-01
1.390892326706671e-03	1.595790e+00	4.328770e-01
1.391094922307788e-03	1.588730e+00	4.345424e-01
1.391317857835614e-03	1.580511e+00	4.405560e-01
1.391520989288602e-03	1.572634e+00	4.487626e-01
1.391659910152109e-03	1.567139e+00	4.545056e-01
1.391807731496454e-03	1.561362e+00	4.589413e-01
1.392006242038067e-03	1.554276e+00	4.629006e-01
1.392162620701064e-03	1.549417e+00	4.671872e-01
1.392296254099137e-03	1.545483e+00	4.734512e-01
1.392441616968188e-03	1.541423e+00	4.825752e-01
1.392622529624083e-03	1.536534e+00	4.939567e-01
1.392819354745968e-03	1.531636e+00	5.025183e-01
1.393054265376469e-03	1.526997e+00	5.025979e-01
1.393288309021805e-03	1.524484e+00	4.899043e-01
1.393521431319317e-03	1.523360e+00	4.681453e-01
1.393648863454805e-03	1.523081e+00	4.554990e-01
1.393791133213899e-03	1.522439e+00	4.436271e-01
1.393930666004798e-03	1.521620e+00	4.371420e-01
1.394076460785307e-03	1.520497e+00	4.380991e-01
1.394244403187543e-03	1.518117e+00	4.473899e-01
1.394405373303661e-03	1.514788e+00	4.614388e-01
1.394525177449056e-03	1.512220e+00	4.738900e-01
1.394647389220524e-03	1.509786e+00	4.866118e-01
1.394764256170312e-03	1.507624e+00	4.969577e-01
1.394882133232805e-03	1.505555e+00	5.034435e-01
1.395036169774316e-03	1.503232e+00	5.039529e-01
1.395221268303434e-03	1.501679e+00	4.943059e-01
1.395401989644416e-03	1.501220e+00	4.772858e-01
1.395526876795238e-03	1.501187e+00	4.630161e-01
1.395656507478945e-03	1.501071e+00	4.483225e-01
1.395790159766998e-03	1.500894e+00	4.360707e-01
1.395928381276688e-03	1.500501e+00	4.286987e-01
1.396073543563793e-03	1.499630e+00	4.266433e-01
1.396248071914415e-03	1.497163e+00	4.270139e-01
1.396413578856474e-03	1.493614e+00	4.277238e-01
1.396587358517270e-03	1.490098e+00	4.294681e-01
1.396758548514043e-03	1.486461e+00	4.310947e-01
1.396931204588292e-03	1.482313e+00	4.314944e-01
1.397237202950189e-03	1.475143e+00	4.305217e-01
1.397399330306568e-03	1.471542e+00	4.295020e-01
1.397539691807602e-03	1.468222e+00	4.281214e-01
1.397746971634213e-03	1.463201e+00	4.261427e-01
1.397868311767587e-03	1.460239e+00	4.253355e-01
1.398004875994710e-03	1.456893e+00	4.255888e-01
1.398083065464195e-03	1.454973e+00	4.278159e-01
1.398137920650241e-03	1.453639e+00	4.315651e-01
1.398191174272516e-03	1.452347e+00	4.369857e-01
1.398240979342282e-03	1.451145e+00	4.433036e-01
1.398295439079452e-03	1.449903e+00	4.514774e-01
1.398371918329770e-03	1.448298e+00	4.645909e-01
1.398513740446027e-03	1.445002e+00	4.900838e-01
1.398650592663426e-03	1.442029e+00	5.144070e-01
1.398712691994639e-03	1.441088e+00	5.248712e-01
1.398750773961846e-03	1.440593e+00	5.306359e-01
1.398779706500148e-03	1.440236e+00	5.345803e-01
1.398808519491092e-03	1.439881e+00	5.379842e-01
1.398866145472980e-03	1.439269e+00	5.435147e-01
1.398927055962274e-03	1.438902e+00	5.475718e-01
1.398997632618368e-03	1.438759e+00	5.492398e-01
1.399073878689141e-03	1.438579e+00	5.465351e-01
1.399173580076906e-03	1.438255e+00	5.364063e-01
1.399300387860208e-03	1.439147e+00	5.182052e-01
1.399353781478916e-03	1.440026e+00	5.091498e-01
1.399389942747106e-03	1.440489e+00	5.020996e-01
1.399434508086924e-03	1.441128e+00	4.930904e-01
1.399456656698244e-03	1.441466e+00	4.885286e-01
1.399481430679456e-03	1.441784e+00	4.832941e-01
1.399511455186443e-03	1.442194e+00	4.769459e-01
1.399544010040272e-03	1.442662e+00	4.701046e-01
1.399579642027978e-03	1.443174e+00	4.627148e-01
1.399622009173449e-03	1.443783e+00	4.541811e-01
1.399672722450223e-03	1.444513e+00	4.445310e-01
1.399736227873408e-03	1.445421e+00	4.336889e-01
1.399817261827133e-03	1.446561e+00	4.226860e-01
1.399928846939268e-03	1.447962e+00	4.135847e-01
1.400044718077663e-03	1.449915e+00	4.139762e-01
1.400197208763470e-03	1.452447e+00	4.278129e-01
1.400357904515527e-03	1.453044e+00	4.513225e-01
1.400528532533763e-03	1.450119e+00	4.791464e-01
1.400640020098730e-03	1.447685e+00	4.970681e-01
1.400759493612225e-03	1.446515e+00	5.151075e-01
1.400847999640885e-03	1.446462e+00	5.261472e-01
1.400911877758164e-03	1.446634e+00	5.318965e-01
1.400946270450987e-03	1.446710e+00	5.338333e-01
1.400976602466288e-03	1.446744e+00	5.346816e-01
1.401005831575993e-03	1.446777e+00	5.348586e-01
1.401045351174530e-03	1.446857e+00	5.344470e-01
1.401089209083194e-03	1.446998e+00	5.334033e-01
1.401147093764856e-03	1.447269e+00	5.312348e-01
1.401213112586245e-03	1.447676e+00	5.277964e-01
1.401302116234436e-03	1.448640e+00	5.223472e-01
1.401344451545216e-03	1.449224e+00	5.194464e-01
1.401383018346301e-03	1.449717e+00	5.164861e-01
1.401420191149399e-03	1.450176e+00	5.134650e-01
1.401466407031485e-03	1.450823e+00	5.096516e-01
1.401513310868276e-03	1.451555e+00	5.057796e-01
1.401558899936666e-03	1.452308e+00	5.020408e-01
1.401601395205974e-03	1.453000e+00	4.986079e-01
1.401664840350926e-03	1.454051e+00	4.937501e-01
1.401740950429215e-03	1.455396e+00	4.886961e-01
1.401855226891026e-03	1.457571e+00	4.834079e-01
1.402005756707869e-03	1.460434e+00	4.809919e-01
1.402133643696582e-03	1.462634e+00	4.837750e-01
1.402249812369556e-03	1.464470e+00	4.905248e-01
1.402366548205476e-03	1.466140e+00	5.000748e-01
1.402478826600231e-03	1.467601e+00	5.105645e-01
1.402591903234386e-03	1.469128e+00	5.212708e-01
1.402739398162711e-03	1.470992e+00	5.335703e-01
1.402840422348474e-03	1.472368e+00	5.402226e-01
1.402933356765846e-03	1.474013e+00	5.440721e-01
1.403060354668864e-03	1.476483e+00	5.434883e-01
1.403165798999783e-03	1.478714e+00	5.371492e-01
1.403256262856484e-03	1.481027e+00	5.287977e-01
1.403317117760353e-03	1.482519e+00	5.215287e-01
1.403387438041114e-03	1.484270e+00	5.121735e-01
1.403427404450040e-03	1.485256e+00	5.065359e-01
1.403483306326043e-03	1.486621e+00	4.984530e-01
1.403545053963087e-03	1.488110e+00	4.895435e-01
1.403634579850695e-03	1.490196e+00	4.772488e-01
1.403746043121002e-03	1.492752e+00	4.644153e-01
1.403897638768760e-03	1.495904e+00	4.529638e-01
1.404039362661752e-03	1.498481e+00	4.491876e-01
1.404246037288631e-03	1.500924e+00	4.494464e-01
1.404451022375660e-03	1.503652e+00	4.524111e-01
1.404646089652817e-03	1.505084e+00	4.551508e-01
1.404947016045181e-03	1.499518e+00	4.533717e-01
1.405141709922683e-03	1.496173e+00	4.560100e-01
1.405259048920518e-03	1.495356e+00	4.629881e-01
1.405404594918137e-03	1.493813e+00	4.754112e-01
1.405528362407933e-03	1.492388e+00	4.871055e-01
1.405650439006298e-03	1.490876e+00	4.979237e-01
1.405813878447131e-03	1.488961e+00	5.080416e-01
1.406036891802779e-03	1.487263e+00	5.110170e-01
1.406284103188052e-03	1.486983e+00	5.013425e-01
1.406453853044654e-03	1.488096e+00	4.891555e-01
1.406578701504443e-03	1.489070e+00	4.785757e-01
1.406704553479547e-03	1.489957e+00	4.686279e-01
1.406840567467049e-03	1.490906e+00	4.605664e-01
1.406965293497678e-03	1.491647e+00	4.569029e-01
1.407092020429551e-03	1.492256e+00	4.573703e-01
1.407244153972746e-03	1.492403e+00	4.613307e-01
1.407400782851657e-03	1.491612e+00	4.670130e-01
1.407543486607892e-03	1.490543e+00	4.729592e-01
1.407672318092489e-03	1.489654e+00	4.782969e-01
1.407801235939076e-03	1.488896e+00	4.827192e-01
1.407917000322981e-03	1.488326e+00	4.851814e-01
1.408032705665938e-03	1.487898e+00	4.865664e-01
1.408149165782575e-03	1.487673e+00	4.886658e-01
1.408274957707291e-03	1.487559e+00	4.926639e-01
1.408388803780507e-03	1.487558e+00	4.975307e-01
1.408560440982283e-03	1.487632e+00	5.054625e-01
1.408732416606234e-03	1.487764e+00	5.119157e-01
1.408963559160092e-03	1.488398e+00	5.156569e-01
1.409175589533939e-03	1.489468e+00	5.121263e-01
1.409410432543026e-03	1.492073e+00	5.024837e-01
1.409555069411747e-03	1.494369e+00	4.953484e-01
1.409705355522732e-03	1.496487e+00	4.878872e-01
1.409840733852934e-03	1.498327e+00	4.828909e-01
1.409978672331662e-03	1.500036e+00	4.805840e-01
1.410119766474759e-03	1.501711e+00	4.815871e-01
1.410290665429984e-03	1.503345e+00	4.857626e-01
1.410443897586419e-03	1.504001e+00	4.904948e-01
1.410572777378858e-03	1.504352e+00	4.948725e-01
1.410699395864182e-03	1.504703e+00	4.989063e-01
1.410826141003479e-03	1.505057e+00	5.019704e-01
1.410946609228581e-03	1.505489e+00	5.033804e-01
1.411054321438082e-03	1.505902e+00	5.020821e-01
1.411164034345090e-03	1.506370e+00	4.970566e-01
1.411263946141097e-03	1.506830e+00	4.891967e-01
1.411373994807790e-03	1.507421e+00	4.780453e-01
1.411481640878404e-03	1.507984e+00	4.658876e-01
1.411633331392327e-03	1.508895e+00	4.493686e-01
1.411797250984156e-03	1.510049e+00	4.356463e-01
1.411961731212232e-03	1.510303e+00	4.281776e-01
1.412133081959031e-03	1.509364e+00	4.263219e-01
1.412336449051187e-03	1.506024e+00	4.259454e-01
1.412534749293672e-03	1.501456e+00	4.255765e-01
1.412694148426882e-03	1.498353e+00	4.264077e-01
1.412873978310115e-03	1.494379e+00	4.269382e-01
1.413068194243895e-03	1.489487e+00	4.259402e-01
1.413307100124670e-03	1.483086e+00	4.221208e-01
1.413551143837498e-03	1.476742e+00	4.168378e-01
1.413716949933056e-03	1.472345e+00	4.133514e-01
1.413887365066842e-03	1.467523e+00	4.108887e-01
1.414055314730837e-03	1.462663e+00	4.111288e-01
1.414240582644508e-03	1.457087e+00	4.152878e-01
1.414422516430040e-03	1.451164e+00	4.221081e-01
1.414562085597353e-03	1.446553e+00	4.281877e-01
1.414709891260588e-03	1.441817e+00	4.340240e-01
1.414885984681018e-03	1.436476e+00	4.383243e-01
1.415060468196355e-03	1.431453e+00	4.369766e-01
1.415273939949616e-03	1.426198e+00	4.270551e-01
1.415475936387681e-03	1.422543e+00	4.127570e-01
1.415606979434385e-03	1.420275e+00	4.023143e-01
1.415733586593358e-03	1.417776e+00	3.930149e-01
1.415861953911550e-03	1.415095e+00	3.864077e-01
1.416004703097124e-03	1.412067e+00	3.845604e-01
1.416189167970238e-03	1.407663e+00	3.903884e-01
1.416391882588955e-03	1.401163e+00	4.026926e-01
1.416521084284767e-03	1.396611e+00	4.125044e-01
1.416654682418566e-03	1.392277e+00	4.230763e-01
1.416776726804182e-03	1.388510e+00	4.311339e-01
1.416901027719558e-03	1.384799e+00	4.358789e-01
1.417063635917003e-03	1.380453e+00	4.370053e-01
1.417259317555316e-03	1.376786e+00	4.351112e-01
1.417419915260480e-03	1.374546e+00	4.322015e-01
1.417597629759242e-03	1.372204e+00	4.281755e-01
1.417793689732332e-03	1.369733e+00	4.241770e-01
1.417944803192480e-03	1.367768e+00	4.220669e-01
1.418037380828885e-03	1.366574e+00	4.217599e-01
1.418193041959993e-03	1.364859e+00	4.255281e-01
1.418302992822760e-03	1.363774e+00	4.307953e-01
1.418418988987697e-03	1.362534e+00	4.372431e-01
1.418576452126741e-03	1.360869e+00	4.464017e-01
1.418740697235428e-03	1.359223e+00	4.543836e-01
1.418933692214650e-03	1.357856e+00	4.601094e-01
1.419130483742787e-03	1.357600e+00	4.636559e-01
1.419275968356853e-03	1.357972e+00	4.670512e-01
1.419466566559719e-03	1.358724e+00	4.731616e-01
1.419650754710333e-03	1.359724e+00	4.788462e-01
1.419886349777104e-03	1.361389e+00	4.828282e-01
1.420124666181853e-03	1.363204e+00	4.795531e-01
1.420368884582875e-03	1.367169e+00	4.698395e-01
1.420547681522737e-03	1.370926e+00	4.601001e-01
1.420685498365838e-03	1.373621e+00	4.523952e-01
1.420832609785483e-03	1.376243e+00	4.461080e-01
1.420983271092533e-03	1.378713e+00	4.429461e-01
1.421137394710310e-03	1.380863e+00	4.425056e-01
1.421304233717709e-03	1.382687e+00	4.432671e-01
1.421484132333933e-03	1.384431e+00	4.446459e-01
1.421676817045238e-03	1.385641e+00	4.458360e-01
1.421898089738257e-03	1.385913e+00	4.459114e-01
1.422047289660152e-03	1.385972e+00	4.449931e-01
1.422170064900702e-03	1.386041e+00	4.427726e-01
1.422314198809550e-03	1.385950e+00	4.381442e-01
1.422503759173834e-03	1.386064e+00	4.310042e-01
1.422677740435723e-03	1.386279e+00	4.249606e-01
1.422876310940127e-03	1.386103e+00	4.200015e-01
1.423065204151734e-03	1.385209e+00	4.163915e-01
1.423219358918470e-03	1.383784e+00	4.115080e-01
1.423397982412770e-03	1.381929e+00	4.028905e-01
1.423562612739640e-03	1.380174e+00	3.941435e-01
1.423775879611950e-03	1.377467e+00	3.846621e-01
1.423985599133814e-03	1.374290e+00	3.813725e-01
1.424133996352963e-03	1.371695e+00	3.880616e-01
1.424285416605276e-03	1.368531e+00	4.056477e-01
1.424426269824176e-03	1.364714e+00	4.281016e-01
1.424547579751950e-03	1.361211e+00	4.493464e-01
1.424679451063587e-03	1.357771e+00	4.712629e-01
1.424811622452059e-03	1.354963e+00	4.883667e-01
1.424957992159886e-03	1.352783e+00	4.979883e-01
1.425146278083163e-03	1.352786e+00	5.007778e-01
1.425312958712280e-03	1.353196e+00	4.977946e-01
1.425512517659027e-03	1.353956e+00	4.915235e-01
1.425720011182709e-03	1.355920e+00	4.853364e-01
1.425906309149373e-03	1.359052e+00	4.818617e-01
1.426142098487682e-03	1.363756e+00	4.784152e-01
1.426280119018083e-03	1.366490e+00	4.746928e-01
1.426416995044604e-03	1.369250e+00	4.692177e-01
1.426541355103493e-03	1.371822e+00	4.638032e-01
1.426679428786793e-03	1.374653e+00	4.584191e-01
1.426895511821969e-03	1.378985e+00	4.532805e-01
1.427108449046118e-03	1.382977e+00	4.536075e-01
1.427332512687469e-03	1.385963e+00	4.586684e-01
1.427481219159094e-03	1.387284e+00	4.636349e-01
1.427604478818918e-03	1.388424e+00	4.683304e-01
1.427727760647482e-03	1.389560e+00	4.725175e-01
1.427860495493945e-03	1.390657e+00	4.753121e-01
1.428032172043725e-03	1.392176e+00	4.754349e-01
1.428140069204093e-03	1.393347e+00	4.722568e-01
1.428221373130018e-03	1.394322e+00	4.673370e-01
1.428283303547468e-03	1.395043e+00	4.622824e-01
1.428346863173132e-03	1.395719e+00	4.561907e-01
1.428415367060236e-03	1.396310e+00	4.488919e-01
1.428525189620909e-03	1.397119e+00	4.367679e-01
1.428683300002713e-03	1.398859e+00	4.216186e-01
1.428868545793171e-03	1.401173e+00	4.099297e-01
1.429040393778417e-03	1.402216e+00	4.041817e-01
1.429222041219604e-03	1.400984e+00	3.976057e-01
1.429390533241888e-03	1.398627e+00	3.885061e-01
1.429570447294128e-03	1.395526e+00	3.775024e-01
1.429759896334332e-03	1.392074e+00	3.680701e-01
1.429959273283619e-03	1.388636e+00	3.646398e-01
1.430136486922792e-03	1.384581e+00	3.701728e-01
1.430286271395097e-03	1.380494e+00	3.838706e-01
1.430473282805385e-03	1.373792e+00	4.074183e-01
1.430598997152753e-03	1.368947e+00	4.240756e-01
1.430735247519699e-03	1.364242e+00	4.405582e-01
1.430861376447372e-03	1.360113e+00	4.506529e-01
1.431021586844019e-03	1.355557e+00	4.529117e-01
1.431201366217345e-03	1.351230e+00	4.401540e-01
1.431470105284095e-03	1.349047e+00	4.069033e-01
1.431603330435555e-03	1.349063e+00	3.884785e-01
1.431746456356205e-03	1.347951e+00	3.694056e-01
1.431876444267098e-03	1.346516e+00	3.572457e-01
1.432002360303440e-03	1.345127e+00	3.551119e-01
1.432183753478651e-03	1.342449e+00	3.686025e-01
1.432347214210490e-03	1.338110e+00	3.922126e-01
1.432478055023657e-03	1.333842e+00	4.167369e-01
1.432592179034346e-03	1.330222e+00	4.394115e-01
1.432698485362315e-03	1.327217e+00	4.590146e-01
1.432806619589907e-03	1.324583e+00	4.748017e-01
1.432931259199996e-03	1.322016e+00	4.843850e-01
1.433098149718285e-03	1.319919e+00	4.831649e-01
1.433319568286938e-03	1.320080e+00	4.675418e-01
1.433523842878972e-03	1.320277e+00	4.445406e-01
1.433657610824109e-03	1.321493e+00	4.292521e-01
1.433764384879455e-03	1.322561e+00	4.187056e-01
1.433870161259503e-03	1.323538e+00	4.112891e-01
1.433980882097156e-03	1.324523e+00	4.079629e-01
1.434096077576993e-03	1.325316e+00	4.093827e-01
1.434204833252798e-03	1.326011e+00	4.150509e-01
1.434348240328032e-03	1.326298e+00	4.261249e-01
1.434471086208184e-03	1.325889e+00	4.369941e-01
1.434595716343385e-03	1.325513e+00	4.485749e-01
1.434715870931222e-03	1.325263e+00	4.587163e-01
1.434831910586768e-03	1.325298e+00	4.663658e-01
1.434937950839835e-03	1.325403e+00	4.699965e-01
1.435095733583305e-03	1.326164e+00	4.716928e-01
1.435237618876535e-03	1.327606e+00	4.728223e-01
1.435407369260570e-03	1.329653e+00	4.744748e-01
1.435563905536367e-03	1.331577e+00	4.757076e-01
1.435864253625871e-03	1.336689e+00	4.778335e-01
1.436040841109322e-03	1.340196e+00	4.763961e-01
1.436163051479383e-03	1.342547e+00	4.702374e-01
1.436285365093285e-03	1.345008e+00	4.586003e-01
1.436400422825265e-03	1.347321e+00	4.442740e-01
1.436546958195053e-03	1.350265e+00	4.244502e-01
1.436693276714332e-03	1.353088e+00	4.067730e-01
1.436889059480679e-03	1.356168e+00	3.915411e-01
1.437091696271135e-03	1.360058e+00	3.898863e-01
1.437304777250003e-03	1.363822e+00	3.995111e-01
1.437530751274484e-03	1.360191e+00	4.081952e-01
1.437701828657299e-03	1.355435e+00	4.137746e-01
1.437819612023843e-03	1.353290e+00	4.177533e-01
1.437936308681469e-03	1.351843e+00	4.204221e-01
1.438035791655068e-03	1.350841e+00	4.207075e-01
1.438139908225129e-03	1.349715e+00	4.183539e-01
1.438236118354926e-03	1.348726e+00	4.141840e-01
1.438326588951734e-03	1.347734e+00	4.087626e-01
1.438427371868172e-03	1.346622e+00	4.017227e-01
1.438523942070253e-03	1.345564e+00	3.946018e-01
1.438618738465192e-03	1.344458e+00	3.877312e-01
1.438722936602364e-03	1.343197e+00	3.811999e-01
1.438870130901549e-03	1.341299e+00	3.750421e-01
1.439039425527554e-03	1.338742e+00	3.728151e-01
1.439246603454473e-03	1.334403e+00	3.743960e-01
1.439406865774629e-03	1.330330e+00	3.772948e-01
1.439567735685250e-03	1.326165e+00	3.810795e-01
1.439743511116143e-03	1.321577e+00	3.849053e-01
1.439882212209407e-03	1.317978e+00	3.868809e-01
1.440027309478393e-03	1.314399e+00	3.881540e-01
1.440133459819935e-03	1.311937e+00	3.896733e-01
1.440229988493248e-03	1.309719e+00	3.921703e-01
1.440331889232865e-03	1.307448e+00	3.959091e-01
1.440492425270028e-03	1.303897e+00	4.026433e-01
1.440652581971453e-03	1.300354e+00	4.087876e-01
1.440869752377220e-03	1.295993e+00	4.142614e-01
1.441078351644239e-03	1.292623e+00	4.151183e-01
1.441314360439046e-03	1.290188e+00	4.122303e-01
1.441470621618531e-03	1.289072e+00	4.089936e-01
1.441618797944776e-03	1.287950e+00	4.053465e-01
1.441791976526551e-03	1.286758e+00	4.017793e-01
1.441951569361274e-03	1.285668e+00	3.995307e-01
1.442098352830831e-03	1.284522e+00	3.975140e-01
1.442187078949018e-03	1.283772e+00	3.952952e-01
1.442294572428445e-03	1.282893e+00	3.912048e-01
1.442406805863186e-03	1.281991e+00	3.860767e-01
1.442527473785659e-03	1.281004e+00	3.802447e-01
1.442720006063249e-03	1.279392e+00	3.720643e-01
1.442911536807560e-03	1.277538e+00	3.673004e-01
1.443126711186249e-03	1.274660e+00	3.670088e-01
1.443331041260500e-03	1.270958e+00	3.703025e-01
1.443462354522311e-03	1.268320e+00	3.737475e-01
1.443596500967324e-03	1.265673e+00	3.777534e-01
1.443737426742161e-03	1.262867e+00	3.814135e-01
1.443882326009710e-03	1.260065e+00	3.839168e-01
1.444015819616396e-03	1.257578e+00	3.847269e-01
1.444180245423900e-03	1.254839e+00	3.847566e-01
1.444304566639397e-03	1.252966e+00	3.846734e-01
1.444455803911632e-03	1.250713e+00	3.844515e-01
1.444633496145843e-03	1.248181e+00	3.841517e-01
1.444814209005545e-03	1.245742e+00	3.839003e-01
1.445052362339204e-03	1.242710e+00	3.846098e-01
1.445172756548258e-03	1.241320e+00	3.869650e-01
1.445303199330476e-03	1.239882e+00	3.920559e-01
1.445432174213490e-03	1.238465e+00	3.984757e-01
1.445604930582756e-03	1.236644e+00	4.074036e-01
1.445778116605390e-03	1.234937e+00	4.142595e-01
1.445994520751428e-03	1.233580e+00	4.186428e-01
1.446200332313068e-03	1.233448e+00	4.202462e-01
1.446361726030531e-03	1.233878e+00	4.210610e-01
1.446564822892574e-03	1.234594e+00	4.220081e-01
1.446798418477718e-03	1.235841e+00	4.228706e-01
1.447104532181264e-03	1.238295e+00	4.253410e-01
1.447280388038768e-03	1.240209e+00	4.297455e-01
1.447468049788264e-03	1.242269e+00	4.371509e-01
1.447626808831350e-03	1.243904e+00	4.434833e-01
1.447813476370296e-03	1.246065e+00	4.489725e-01
1.448018391180450e-03	1.248956e+00	4.515898e-01
1.448239097829978e-03	1.253232e+00	4.526079e-01
1.448393366121777e-03	1.256672e+00	4.532054e-01
1.448585058437901e-03	1.261013e+00	4.538237e-01
1.448828701547392e-03	1.266777e+00	4.543840e-01
1.448986932759480e-03	1.270583e+00	4.536313e-01
1.449084064558639e-03	1.272913e+00	4.505794e-01
1.449156998992141e-03	1.274658e+00	4.450510e-01
1.449222702580578e-03	1.276118e+00	4.371228e-01
1.449318639421799e-03	1.278077e+00	4.221838e-01
1.449439682654034e-03	1.280612e+00	4.007017e-01
1.449572050193926e-03	1.283295e+00	3.766124e-01
1.449735004154677e-03	1.286092e+00	3.507092e-01
1.449904440243462e-03	1.288115e+00	3.336795e-01
1.450083754889518e-03	1.291902e+00	3.309261e-01
1.450277003031070e-03	1.294143e+00	3.353336e-01
1.450496924568665e-03	1.290205e+00	3.382099e-01
1.450713542151759e-03	1.280211e+00	3.367207e-01
1.450866039234461e-03	1.276592e+00	3.391578e-01
1.450981849985125e-03	1.273722e+00	3.401653e-01
1.451123966024531e-03	1.269319e+00	3.391896e-01
1.451270866633679e-03	1.264578e+00	3.366934e-01
1.451444001925326e-03	1.258890e+00	3.326602e-01
1.451737158823610e-03	1.248799e+00	3.256437e-01
1.451895617299174e-03	1.243011e+00	3.233512e-01
1.452054758018712e-03	1.237018e+00	3.239916e-01
1.452180972578964e-03	1.232255e+00	3.287456e-01
1.452325898787774e-03	1.226635e+00	3.388453e-01
1.452467321441267e-03	1.220926e+00	3.510392e-01
1.452602302340411e-03	1.215581e+00	3.630053e-01
1.452770756838678e-03	1.209305e+00	3.751353e-01
1.452961571350706e-03	1.202393e+00	3.815313e-01
1.453180868811096e-03	1.196521e+00	3.820194e-01
1.453398075520820e-03	1.193279e+00	3.802519e-01
1.453594755270205e-03	1.190841e+00	3.775866e-01
1.453783430318738e-03	1.188545e+00	3.748925e-01
1.453967623824604e-03	1.186402e+00	3.734695e-01
1.454077642506853e-03	1.185273e+00	3.750157e-01
1.454172905946453e-03	1.184507e+00	3.798782e-01
1.454273871272240e-03	1.183914e+00	3.887301e-01
1.454424095696642e-03	1.182911e+00	4.051864e-01
1.454569832176085e-03	1.181786e+00	4.217791e-01
1.454747306678123e-03	1.181197e+00	4.393058e-01
1.454942347696725e-03	1.181324e+00	4.480069e-01
1.455180161424568e-03	1.181322e+00	4.372382e-01
1.455442118001026e-03	1.185097e+00	4.091548e-01
1.455595837895488e-03	1.189793e+00	3.901071e-01
1.455718390805111e-03	1.192658e+00	3.750027e-01
1.455849503589238e-03	1.195195e+00	3.629127e-01
1.455978469062150e-03	1.197362e+00	3.576251e-01
1.456108544709036e-03	1.199604e+00	3.610586e-01
1.456280191913287e-03	1.203227e+00	3.767135e-01
1.456476097109999e-03	1.203308e+00	3.979306e-01
1.456605886968980e-03	1.201823e+00	4.119357e-01
1.456739637099456e-03	1.201210e+00	4.258300e-01
1.456843562352589e-03	1.201200e+00	4.342728e-01
1.456937501509598e-03	1.201539e+00	4.386963e-01
1.457031130343753e-03	1.201845e+00	4.387033e-01
1.457161871184635e-03	1.202251e+00	4.321039e-01
1.457336063953781e-03	1.204176e+00	4.175759e-01
1.457466466049404e-03	1.206370e+00	4.041446e-01
1.457582759593387e-03	1.208215e+00	3.911269e-01
1.457699380472361e-03	1.209975e+00	3.792323e-01
1.457842071868268e-03	1.212041e+00	3.685740e-01
1.457987222532649e-03	1.214152e+00	3.640035e-01
1.458128151749126e-03	1.215945e+00	3.659577e-01
1.458296954861829e-03	1.217093e+00	3.732453e-01
1.458475723430877e-03	1.216124e+00	3.822357e-01
1.458612200786792e-03	1.214917e+00	3.894984e-01
1.458734256528873e-03	1.214145e+00	3.956440e-01
1.458856090027458e-03	1.213623e+00	4.002972e-01
1.458964313256046e-03	1.213315e+00	4.021081e-01
1.459071933608181e-03	1.212969e+00	3.999281e-01
1.459192719730675e-03	1.212564e+00	3.918091e-01
1.459326786023395e-03	1.212514e+00	3.777365e-01
1.459444336539960e-03	1.212667e+00	3.626668e-01
1.459572718487848e-03	1.212763e+00	3.453617e-01
1.459723490441411e-03	1.212800e+00	3.273389e-01
1.459869234085899e-03	1.212571e+00	3.158176e-01
1.460039842281098e-03	1.210991e+00	3.099708e-01
1.460220004836534e-03	1.207046e+00	3.071862e-01
1.460392246896069e-03	1.202797e+00	3.057586e-01
1.460591998384288e-03	1.197431e+00	3.045097e-01
1.460797348030260e-03	1.190947e+00	3.032823e-01
1.461004699282769e-03	1.183779e+00	3.044128e-01
1.461158833361450e-03	1.178467e+00	3.113139e-01
1.461287310663916e-03	1.173780e+00	3.234430e-01
1.461404077246236e-03	1.169310e+00	3.384389e-01
1.461531655280700e-03	1.164421e+00	3.564200e-01
1.461670729836666e-03	1.159277e+00	3.744908e-01
1.461851668678322e-03	1.152571e+00	3.899264e-01
1.462048316082185e-03	1.146919e+00	3.930978e-01
1.462249460897496e-03	1.143581e+00	3.812316e-01
1.462476923175641e-03	1.142599e+00	3.574021e-01
1.462609060948186e-03	1.142466e+00	3.415901e-01
1.462725849136608e-03	1.141850e+00	3.282549e-01
1.462846123865968e-03	1.141197e+00	3.181375e-01
1.462970861737729e-03	1.140488e+00	3.130821e-01
1.463125261512465e-03	1.138726e+00	3.117599e-01
1.463270715155123e-03	1.136104e+00	3.120887e-01
1.463432648694946e-03	1.132940e+00	3.133081e-01
1.463589886057585e-03	1.129622e+00	3.147703e-01
1.463770408456337e-03	1.125585e+00	3.161887e-01
1.463963296418018e-03	1.121260e+00	3.175911e-01
1.464081601923540e-03	1.118657e+00	3.197603e-01
1.464154589864737e-03	1.117019e+00	3.231405e-01
1.464225538552864e-03	1.115415e+00	3.285377e-01
1.464299979001543e-03	1.113700e+00	3.356679e-01
1.464374266067349e-03	1.112020e+00	3.439285e-01
1.464472278544504e-03	1.109859e+00	3.556723e-01
1.464635731084834e-03	1.106167e+00	3.742598e-01
1.464806734659130e-03	1.102645e+00	3.888455e-01
1.464996534049365e-03	1.100348e+00	3.976863e-01
1.465197715673694e-03	1.100463e+00	4.036324e-01
1.465355294833926e-03	1.101188e+00	4.087653e-01
1.465555282385062e-03	1.102328e+00	4.161420e-01
1.465745656421586e-03	1.103740e+00	4.212527e-01
1.466020800065300e-03	1.106801e+00	4.209666e-01
1.466186821603604e-03	1.109742e+00	4.104595e-01
1.466390489815184e-03	1.114758e+00	3.844241e-01
1.466523469485097e-03	1.118740e+00	3.639319e-01
1.466668352270472e-03	1.122474e+00	3.414067e-01
1.466809662744510e-03	1.125727e+00	3.245813e-01
1.466977727971864e-03	1.128717e+00	3.148864e-01
1.467143208099194e-03	1.132124e+00	3.182481e-01
1.467384987114841e-03	1.137654e+00	3.366989e-01
1.467603052794957e-03	1.133843e+00	3.493033e-01
1.467745330858461e-03	1.130053e+00	3.562078e-01
1.467849834421602e-03	1.128462e+00	3.607444e-01
1.467953065116179e-03	1.127524e+00	3.634776e-01
1.468040062477300e-03	1.126929e+00	3.640595e-01
1.468139216719125e-03	1.126283e+00	3.633323e-01
1.468242571232522e-03	1.125861e+00	3.620695e-01
1.468341804247869e-03	1.125470e+00	3.603553e-01
1.468440820112139e-03	1.125043e+00	3.582680e-01
1.468545739583070e-03	1.124581e+00	3.558963e-01
1.468663853689554e-03	1.124099e+00	3.533626e-01
1.468793445062755e-03	1.123571e+00	3.510296e-01
1.468914481390547e-03	1.123073e+00	3.495747e-01
1.469036881435033e-03	1.122489e+00	3.485139e-01
1.469148263030358e-03	1.121870e+00	3.470251e-01
1.469269761477058e-03	1.121146e+00	3.443706e-01
1.469383225830764e-03	1.120449e+00	3.411634e-01
1.469538923992896e-03	1.119473e+00	3.363890e-01
1.469711607172559e-03	1.118404e+00	3.318523e-01
1.469932709920818e-03	1.116659e+00	3.275883e-01
1.470148657704981e-03	1.114081e+00	3.227982e-01
1.470291818257428e-03	1.111978e+00	3.171137e-01
1.470460456531804e-03	1.109532e+00	3.079793e-01
1.470636141130050e-03	1.107003e+00	2.985156e-01
1.470820686013325e-03	1.104031e+00	2.910869e-01
1.471017498948848e-03	1.100166e+00	2.896151e-01
1.471156925577488e-03	1.097269e+00	2.980116e-01
1.471313350721892e-03	1.093494e+00	3.185249e-01
1.471462140697352e-03	1.088868e+00	3.434714e-01
1.471598104125342e-03	1.084488e+00	3.674278e-01
1.471736053643193e-03	1.080709e+00	3.891160e-01
1.471874713094946e-03	1.077820e+00	4.037478e-01
1.472034418474421e-03	1.075678e+00	4.097642e-01
1.472269477488947e-03	1.076411e+00	4.105334e-01
1.472461654584813e-03	1.077393e+00	4.076564e-01
1.472676176133371e-03	1.078822e+00	4.031364e-01
1.472893863376244e-03	1.081244e+00	3.987086e-01
1.473135384497591e-03	1.085864e+00	3.920551e-01
1.473271931317252e-03	1.088699e+00	3.831542e-01
1.473405109133460e-03	1.091467e+00	3.696086e-01
1.473531364131929e-03	1.094208e+00	3.554018e-01
1.473664243163783e-03	1.096898e+00	3.414266e-01
1.473853041352058e-03	1.100370e+00	3.272734e-01
1.474032283178069e-03	1.103486e+00	3.222375e-01
1.474253669140396e-03	1.107572e+00	3.243592e-01
1.474460947261993e-03	1.107456e+00	3.254206e-01
1.474682640792087e-03	1.104357e+00	3.248387e-01
1.474854365974503e-03	1.101835e+00	3.245033e-01
1.474984609719939e-03	1.100484e+00	3.244714e-01
1.475120418579043e-03	1.098954e+00	3.234356e-01
1.475270092248677e-03	1.097463e+00	3.213573e-01
1.475386166611705e-03	1.096218e+00	3.190233e-01
1.475487660214778e-03	1.094883e+00	3.165038e-01
1.475631331286858e-03	1.092838e+00	3.129175e-01
1.475763803343945e-03	1.090902e+00	3.102776e-01
1.475954452955657e-03	1.087863e+00	3.080973e-01
1.476135543998833e-03	1.084678e+00	3.078080e-01
1.476373321329489e-03	1.079938e+00	3.088175e-01
1.476544212388661e-03	1.076310e+00	3.098794e-01
1.476714679794625e-03	1.072743e+00	3.110317e-01
1.476860882072293e-03	1.069710e+00	3.116773e-01
1.477006742459773e-03	1.066770e+00	3.121355e-01
1.477090154123739e-03	1.065142e+00	3.128442e-01
1.477163261387342e-03	1.063715e+00	3.142315e-01
1.477241725233456e-03	1.062244e+00	3.166244e-01
1.477364808752982e-03	1.059946e+00	3.213987e-01
1.477493082408819e-03	1.057544e+00	3.268701e-01
1.477682618912261e-03	1.054078e+00	3.343874e-01
1.477865559371020e-03	1.050980e+00	3.389873e-01
1.478064332229317e-03	1.048160e+00	3.385474e-01
1.478278511254803e-03	1.046231e+00	3.318149e-01
1.478456455523564e-03	1.045333e+00	3.226648e-01
1.478579731268672e-03	1.044708e+00	3.153009e-01
1.478703345149136e-03	1.044024e+00	3.084712e-01
1.478849435824278e-03	1.043129e+00	3.024800e-01
1.478983582324221e-03	1.042300e+00	3.008433e-01
1.479158912244447e-03	1.040834e+00	3.053864e-01
1.479325368003017e-03	1.038591e+00	3.151215e-01
1.479457789020049e-03	1.036587e+00	3.258022e-01
1.479599720165127e-03	1.034509e+00	3.380770e-01
1.479732234777946e-03	1.032727e+00	3.482408e-01
1.479864198383624e-03	1.031182e+00	3.549121e-01
1.480025644143470e-03	1.029691e+00	3.552363e-01
1.480217087201927e-03	1.028372e+00	3.428972e-01
1.480429701775450e-03	1.028807e+00	3.191455e-01
1.480555141150592e-03	1.029597e+00	3.027224e-01
1.480695039241684e-03	1.030022e+00	2.849985e-01
1.480840735833668e-03	1.030223e+00	2.712718e-01
1.480979426059623e-03	1.030190e+00	2.666980e-01
1.481148639052744e-03	1.029253e+00	2.742746e-01
1.481328339692027e-03	1.025892e+00	2.932299e-01
1.481465648288940e-03	1.022692e+00	3.132554e-01
1.481573545347074e-03	1.020237e+00	3.305061e-01
1.481683883951893e-03	1.017913e+00	3.471039e-01
1.481795303642862e-03	1.015851e+00	3.607664e-01
1.481910161808381e-03	1.013935e+00	3.689547e-01
1.482063641190539e-03	1.012366e+00	3.720440e-01
1.482241830278999e-03	1.012628e+00	3.714472e-01
1.482437303574362e-03	1.013424e+00	3.682778e-01
1.482614863966320e-03	1.014412e+00	3.645727e-01
1.482826381491261e-03	1.016203e+00	3.601122e-01
1.483142205455776e-03	1.019506e+00	3.492479e-01
1.483295285605438e-03	1.021263e+00	3.368604e-01
1.483438064459061e-03	1.023090e+00	3.190936e-01
1.483572118020291e-03	1.025055e+00	3.013726e-01
1.483714238150180e-03	1.027132e+00	2.847331e-01
1.483869695169751e-03	1.029076e+00	2.728301e-01
1.484043704917795e-03	1.030458e+00	2.700288e-01
1.484232483249477e-03	1.030042e+00	2.774073e-01
1.484431539967157e-03	1.025913e+00	2.901071e-01
1.484568074202589e-03	1.022731e+00	3.008984e-01
1.484681779024569e-03	1.020801e+00	3.104624e-01
1.484793949594434e-03	1.018777e+00	3.179437e-01
1.484923862706396e-03	1.016331e+00	3.226993e-01
1.485080948216901e-03	1.014009e+00	3.243426e-01
1.485219184458601e-03	1.012656e+00	3.241606e-01
1.485344432476301e-03	1.011547e+00	3.233029e-01
1.485482820232772e-03	1.010380e+00	3.219779e-01
1.485649529748297e-03	1.009145e+00	3.203322e-01
1.485808290098213e-03	1.008052e+00	3.189988e-01
1.486002254602188e-03	1.006944e+00	3.183709e-01
1.486246279745330e-03	1.005587e+00	3.189906e-01
1.486441917546702e-03	1.004459e+00	3.203002e-01
1.486599706219832e-03	1.003641e+00	3.216332e-01
1.486785654560046e-03	1.002802e+00	3.228679e-01
1.486984776696580e-03	1.002124e+00	3.240693e-01
1.487101390866598e-03	1.001883e+00	3.260959e-01
1.487193839377122e-03	1.001764e+00	3.299449e-01
1.487295654158154e-03	1.001740e+00	3.366591e-01
1.487431753235973e-03	1.001661e+00	3.475179e-01
1.487573727912054e-03	1.001554e+00	3.591477e-01
1.487760462297908e-03	1.001857e+00	3.719754e-01
1.487958218900339e-03	1.002646e+00	3.788384e-01
1.488199832592489e-03	1.005119e+00	3.799671e-01
1.488377712109597e-03	1.007751e+00	3.785361e-01
1.488564292052259e-03	1.011502e+00	3.769536e-01
1.488763603401192e-03	1.016051e+00	3.755405e-01
1.489013034978264e-03	1.021891e+00	3.723267e-01
1.489131082712819e-03	1.024621e+00	3.667558e-01
1.489222244832147e-03	1.026729e+00	3.577327e-01
1.489306936898737e-03	1.028536e+00	3.457222e-01
1.489429717864742e-03	1.031065e+00	3.252106e-01
1.489563690533966e-03	1.033843e+00	3.022159e-01
1.489729206270950e-03	1.036789e+00	2.775530e-01
1.489922211939486e-03	1.039728e+00	2.606943e-01
1.490100045792980e-03	1.043632e+00	2.626609e-01
1.490276117602837e-03	1.045940e+00	2.781327e-01
1.490489137517138e-03	1.041666e+00	3.004004e-01
1.490611436700526e-03	1.036588e+00	3.125005e-01
1.490708322917458e-03	1.034283e+00	3.231894e-01
1.490804180378389e-03	1.032726e+00	3.325186e-01
1.490888920418534e-03	1.031462e+00	3.383401e-01
1.490976448903462e-03	1.029940e+00	3.407447e-01
1.491097310917902e-03	1.028260e+00	3.403111e-01
1.491209268205232e-03	1.027279e+00	3.379820e-01
1.491340730434600e-03	1.026313e+00	3.334842e-01
1.491485276511984e-03	1.025623e+00	3.276588e-01
1.491635854525736e-03	1.024877e+00	3.212914e-01
1.491780748849479e-03	1.024228e+00	3.161220e-01
1.491922765801571e-03	1.023631e+00	3.132017e-01
1.492061841161534e-03	1.022946e+00	3.138166e-01
1.492169756041853e-03	1.022425e+00	3.183691e-01
1.492292057795013e-03	1.021742e+00	3.277442e-01
1.492404946597657e-03	1.020937e+00	3.386937e-01
1.492530761807564e-03	1.020071e+00	3.520329e-01
1.492679921961492e-03	1.019174e+00	3.668046e-01
1.492829582477435e-03	1.018647e+00	3.774973e-01
1.493009297445026e-03	1.018820e+00	3.814917e-01
1.493224311383968e-03	1.019999e+00	3.747994e-01
1.493401279133306e-03	1.022236e+00	3.633471e-01
1.493532263364509e-03	1.024314e+00	3.528758e-01
1.493658878105788e-03	1.026323e+00	3.427908e-01
1.493785570339699e-03	1.028464e+00	3.348131e-01
1.493943412363154e-03	1.030966e+00	3.285882e-01
1.494092363138478e-03	1.032850e+00	3.236575e-01
1.494229123227733e-03	1.034027e+00	3.156627e-01
1.494356578101152e-03	1.034924e+00	3.042178e-01
1.494528909685017e-03	1.035952e+00	2.864780e-01
1.494720698436807e-03	1.036786e+00	2.693166e-01
1.494943216088443e-03	1.036467e+00	2.583661e-01
1.495187008954872e-03	1.031725e+00	2.557393e-01
1.495428090015810e-03	1.026312e+00	2.611706e-01
1.495610755407148e-03	1.021470e+00	2.668741e-01
1.495793139804497e-03	1.015962e+00	2.716382e-01
1.495937213994904e-03	1.011448e+00	2.737417e-01
1.496090668621669e-03	1.007031e+00	2.750276e-01
1.496155090352364e-03	1.005239e+00	2.757229e-01
1.496275158958759e-03	1.001664e+00	2.776853e-01
1.496381747832368e-03	9.985230e-01	2.799970e-01
1.496490231117569e-03	9.953848e-01	2.825523e-01
1.496652349671606e-03	9.907044e-01	2.859883e-01
1.496863386901129e-03	9.847879e-01	2.885753e-01
1.497084784469158e-03	9.791450e-01	2.872681e-01
1.497267686394432e-03	9.749736e-01	2.812926e-01
1.497460356788915e-03	9.712160e-01	2.713172e-01
1.497583491180447e-03	9.689836e-01	2.643148e-01
1.497726288568941e-03	9.661817e-01	2.567469e-01
1.497861757895848e-03	9.634192e-01	2.516585e-01
1.498005415369083e-03	9.604721e-01	2.506189e-01
1.498183898677698e-03	9.565159e-01	2.564273e-01
1.498366448139231e-03	9.513919e-01	2.679660e-01
1.498494700253631e-03	9.475043e-01	2.783502e-01
1.498628882837339e-03	9.436711e-01	2.895952e-01
1.498775598963696e-03	9.397621e-01	2.998566e-01
1.498915335547458e-03	9.362875e-01	3.049711e-01
1.499094619985505e-03	9.324296e-01	3.027701e-01
1.499296497534110e-03	9.299574e-01	2.919167e-01
1.499443917633871e-03	9.290103e-01	2.798859e-01
1.499562197054009e-03	9.281437e-01	2.686556e-01
1.499680983592428e-03	9.271744e-01	2.578961e-01
1.499801934178730e-03	9.260508e-01	2.490079e-01
1.499923656352329e-03	9.249138e-01	2.444108e-01
1.500083300171967e-03	9.234768e-01	2.481756e-01
1.500273327990780e-03	9.208195e-01	2.656762e-01
1.500458882825737e-03	9.163609e-01	2.908758e-01
1.500589157209952e-03	9.129679e-01	3.104350e-01
1.500730395756985e-03	9.101236e-01	3.301372e-01
1.500857736340141e-03	9.081278e-01	3.424558e-01
1.501011253136709e-03	9.066752e-01	3.482472e-01
1.501205278076260e-03	9.071249e-01	3.479412e-01
1.501387247358420e-03	9.082319e-01	3.436138e-01
1.501606638632895e-03	9.099757e-01	3.366398e-01
1.501827711988102e-03	9.128573e-01	3.311299e-01
1.502004311452794e-03	9.156237e-01	3.282827e-01
1.502140954418320e-03	9.178844e-01	3.258861e-01
1.502220684668908e-03	9.191924e-01	3.234257e-01
1.502306810856792e-03	9.205689e-01	3.196051e-01
1.502430964452769e-03	9.225681e-01	3.132115e-01
1.502568938707578e-03	9.248002e-01	3.059618e-01
1.502755422185737e-03	9.278107e-01	2.978601e-01
1.502957768705684e-03	9.312511e-01	2.934489e-01
1.503199879471525e-03	9.344389e-01	2.919288e-01
1.503399861901096e-03	9.350630e-01	2.901209e-01
1.503611293538647e-03	9.350315e-01	2.880291e-01
1.503839315566862e-03	9.346846e-01	2.863203e-01
1.504049378581224e-03	9.343909e-01	2.864757e-01
1.504267173848769e-03	9.339496e-01	2.893797e-01
1.504482346755008e-03	9.330947e-01	2.942047e-01
1.504621192847915e-03	9.323437e-01	2.975735e-01
1.504763346173037e-03	9.315709e-01	3.004499e-01
1.504923496678319e-03	9.308027e-01	3.024476e-01
1.505078209239829e-03	9.303659e-01	3.040218e-01
1.505180234660820e-03	9.302176e-01	3.060810e-01
1.505300921652103e-03	9.300699e-01	3.101454e-01
1.505423552140585e-03	9.299663e-01	3.152933e-01
1.505589758670561e-03	9.298945e-01	3.224869e-01
1.505784434535085e-03	9.299048e-01	3.289517e-01
1.505996041356840e-03	9.304392e-01	3.316381e-01
1.506219790622100e-03	9.317811e-01	3.294218e-01
1.506418433497895e-03	9.338252e-01	3.248722e-01
1.506552886770915e-03	9.354046e-01	3.210790e-01
1.506701396014711e-03	9.371231e-01	3.169943e-01
1.506849862639178e-03	9.389209e-01	3.140873e-01
1.507012253853668e-03	9.408070e-01	3.124810e-01
1.507160958717493e-03	9.423093e-01	3.117690e-01
1.507303578787274e-03	9.435900e-01	3.111500e-01
1.507453230754047e-03	9.448562e-01	3.104412e-01
1.507670059797857e-03	9.464971e-01	3.094534e-01
1.507926744652511e-03	9.479809e-01	3.079315e-01
1.508065465256725e-03	9.485860e-01	3.051949e-01
1.508170423497521e-03	9.488863e-01	2.992794e-01
1.508279168981405e-03	9.490739e-01	2.887139e-01
1.508407473921925e-03	9.493117e-01	2.729821e-01
1.508553968047986e-03	9.497481e-01	2.540398e-01
1.508724969073124e-03	9.502475e-01	2.350871e-01
1.508921631640835e-03	9.495964e-01	2.217033e-01
1.509107773238931e-03	9.464233e-01	2.181288e-01
1.509331248274465e-03	9.416045e-01	2.225712e-01
1.509534522847757e-03	9.358358e-01	2.288693e-01
1.509728263602807e-03	9.290512e-01	2.343085e-01
1.509871529261107e-03	9.241194e-01	2.373390e-01
1.509996167106776e-03	9.198709e-01	2.384845e-01
1.510137547267169e-03	9.153679e-01	2.389516e-01
1.510283938104658e-03	9.105225e-01	2.391071e-01
1.510491951147480e-03	9.036208e-01	2.393888e-01
1.510793918654160e-03	8.938925e-01	2.395574e-01
1.511057221184741e-03	8.856985e-01	2.382193e-01
1.511177931321613e-03	8.820335e-01	2.358407e-01
1.511288522875276e-03	8.787493e-01	2.317776e-01
1.511391510384861e-03	8.757605e-01	2.270038e-01
1.511515380023357e-03	8.722154e-01	2.207565e-01
1.511662445315966e-03	8.680989e-01	2.137941e-01
1.511816033038964e-03	8.636956e-01	2.080552e-01
1.511959461923053e-03	8.594927e-01	2.059692e-01
1.512129756810977e-03	8.542898e-01	2.097950e-01
1.512299441749063e-03	8.485630e-01	2.202887e-01
1.512457897055704e-03	8.428013e-01	2.342466e-01
1.512599164555297e-03	8.377498e-01	2.476658e-01
1.512746381120302e-03	8.328314e-01	2.596204e-01
1.512920176712270e-03	8.270814e-01	2.668037e-01
1.513117407249834e-03	8.219886e-01	2.653602e-01
1.513318389911472e-03	8.192278e-01	2.565437e-01
1.513459266642986e-03	8.179342e-01	2.470489e-01
1.513582841703694e-03	8.166827e-01	2.374877e-01
1.513706711039226e-03	8.154194e-01	2.286105e-01
1.513833324826228e-03	8.140641e-01	2.216275e-01
1.513958536383128e-03	8.126295e-01	2.184310e-01
1.514090044346416e-03	8.111874e-01	2.216947e-01
1.514244103974803e-03	8.092292e-01	2.344981e-01
1.514405278816994e-03	8.061700e-01	2.542736e-01
1.514531237011360e-03	8.034916e-01	2.719339e-01
1.514669554502707e-03	8.009969e-01	2.908957e-01
1.514804108183476e-03	7.990390e-01	3.053131e-01
1.514955393395978e-03	7.976790e-01	3.124886e-01
1.515138231735730e-03	7.970734e-01	3.052492e-01
1.515359409785441e-03	7.978558e-01	2.793923e-01
1.515510295267727e-03	7.997665e-01	2.560396e-01
1.515620634658817e-03	8.012144e-01	2.380006e-01
1.515737967963119e-03	8.025079e-01	2.209478e-01
1.515857158751792e-03	8.036889e-01	2.084679e-01
1.515979800280835e-03	8.048741e-01	2.039682e-01
1.516127792607312e-03	8.061337e-01	2.116586e-01
1.516294340015218e-03	8.051188e-01	2.316678e-01
1.516414122992723e-03	8.029648e-01	2.512530e-01
1.516519728999911e-03	8.011860e-01	2.712086e-01
1.516628467634818e-03	7.997148e-01	2.919077e-01
1.516720942633788e-03	7.987578e-01	3.078933e-01
1.516814299799538e-03	7.980100e-01	3.205448e-01
1.516928384445079e-03	7.973670e-01	3.286763e-01
1.517110920590243e-03	7.977553e-01	3.297510e-01
1.517314032289944e-03	7.998331e-01	3.224676e-01
1.517524285001515e-03	8.024379e-01	3.100792e-01
1.517699105344448e-03	8.058680e-01	3.001857e-01
1.517827698716461e-03	8.089731e-01	2.948960e-01
1.517964166463654e-03	8.120657e-01	2.916343e-01
1.518090229258734e-03	8.147100e-01	2.900424e-01
1.518170394196740e-03	8.163076e-01	2.888898e-01
1.518267599868217e-03	8.182586e-01	2.868695e-01
1.518368440802794e-03	8.202278e-01	2.842749e-01
1.518570122671949e-03	8.239976e-01	2.786867e-01
1.518757499610208e-03	8.273401e-01	2.745135e-01
1.519001250005810e-03	8.309402e-01	2.696212e-01
1.519163639443006e-03	8.327141e-01	2.630526e-01
1.519315357808131e-03	8.341464e-01	2.516323e-01
1.519472811344209e-03	8.352964e-01	2.358720e-01
1.519627769530378e-03	8.363713e-01	2.205817e-01
1.519827701904141e-03	8.374749e-01	2.070481e-01
1.520057812275817e-03	8.367119e-01	2.056411e-01
1.520257669486799e-03	8.332352e-01	2.204425e-01
1.520412038673130e-03	8.301632e-01	2.429305e-01
1.520528847555706e-03	8.273906e-01	2.630059e-01
1.520650787233408e-03	8.245039e-01	2.834270e-01
1.520778654622195e-03	8.218882e-01	3.015034e-01
1.520894250565064e-03	8.199089e-01	3.116199e-01
1.521044937934033e-03	8.179418e-01	3.146352e-01
1.521244921824098e-03	8.181903e-01	3.106349e-01
1.521435226066291e-03	8.190607e-01	3.017679e-01
1.521623556787673e-03	8.204024e-01	2.913590e-01
1.521771168835640e-03	8.218524e-01	2.842581e-01
1.521901892520402e-03	8.233369e-01	2.802112e-01
1.522031498340090e-03	8.247376e-01	2.781524e-01
1.522130309056939e-03	8.256917e-01	2.768198e-01
1.522212786410293e-03	8.264706e-01	2.752036e-01
1.522305191122118e-03	8.273564e-01	2.727900e-01
1.522448223158204e-03	8.286644e-01	2.684212e-01
1.522594254708461e-03	8.299743e-01	2.640264e-01
1.522807848698788e-03	8.317484e-01	2.592248e-01
1.523035613625429e-03	8.332028e-01	2.583288e-01
1.523234712749144e-03	8.338948e-01	2.633309e-01
1.523447822742649e-03	8.335628e-01	2.732499e-01
1.523575674176418e-03	8.331182e-01	2.801746e-01
1.523707665440793e-03	8.329550e-01	2.871552e-01
1.523828509839614e-03	8.329389e-01	2.920417e-01
1.523950231594667e-03	8.329652e-01	2.942646e-01
1.524117069941876e-03	8.333546e-01	2.936938e-01
1.524287779934661e-03	8.344483e-01	2.910022e-01
1.524433357884429e-03	8.355872e-01	2.875496e-01
1.524598361352979e-03	8.369220e-01	2.831679e-01
1.524762780121626e-03	8.383720e-01	2.794133e-01
1.524915484744511e-03	8.397069e-01	2.770548e-01
1.525059803716517e-03	8.407571e-01	2.750332e-01
1.525167478619363e-03	8.413808e-01	2.720849e-01
1.525289349826255e-03	8.420300e-01	2.665636e-01
1.525409748223079e-03	8.426031e-01	2.596714e-01
1.525588287420207e-03	8.434494e-01	2.490551e-01
1.525775072604320e-03	8.443986e-01	2.405246e-01
1.525997891898790e-03	8.444739e-01	2.335979e-01
1.526219210642488e-03	8.425123e-01	2.250772e-01
1.526388057713100e-03	8.400479e-01	2.148487e-01
1.526573621204831e-03	8.375749e-01	2.021568e-01
1.526756994053713e-03	8.350750e-01	1.921142e-01
1.526975464317765e-03	8.310147e-01	1.859387e-01
1.527177580311851e-03	8.259982e-01	1.860288e-01
1.527397562853194e-03	8.182286e-01	1.887316e-01
1.527564496334250e-03	8.119545e-01	1.917890e-01
1.527709735944764e-03	8.066017e-01	1.946038e-01
1.527879190412536e-03	8.003352e-01	1.968751e-01
1.528038865818514e-03	7.947221e-01	1.989566e-01
1.528130781525512e-03	7.915741e-01	2.017190e-01
1.528217850418708e-03	7.885537e-01	2.065259e-01
1.528298086994049e-03	7.858597e-01	2.127038e-01
1.528425223006468e-03	7.816621e-01	2.243029e-01
1.528559170688223e-03	7.772475e-01	2.368552e-01
1.528728572234778e-03	7.717740e-01	2.501544e-01
1.528933551318851e-03	7.654897e-01	2.579333e-01
1.529146778133713e-03	7.614530e-01	2.555866e-01
1.529346835794078e-03	7.597770e-01	2.449447e-01
1.529487039846398e-03	7.591185e-01	2.340236e-01
1.529610134051387e-03	7.584668e-01	2.235453e-01
1.529733307099656e-03	7.578228e-01	2.142643e-01
1.529869498368533e-03	7.569647e-01	2.068975e-01
1.529996764583272e-03	7.561255e-01	2.047239e-01
1.530153749714715e-03	7.549748e-01	2.094068e-01
1.530341894782892e-03	7.523205e-01	2.212584e-01
1.530465590026905e-03	7.501302e-01	2.314985e-01
1.530598364013439e-03	7.480698e-01	2.435653e-01
1.530726045390066e-03	7.462447e-01	2.540139e-01
1.530842221273093e-03	7.447196e-01	2.606211e-01
1.530997674924544e-03	7.430691e-01	2.638775e-01
1.531174032435393e-03	7.425651e-01	2.625504e-01
1.531329402895709e-03	7.426410e-01	2.581410e-01
1.531482657115306e-03	7.429164e-01	2.521500e-01
1.531656383057725e-03	7.434975e-01	2.452285e-01
1.531801715695885e-03	7.441482e-01	2.405826e-01
1.531947076929498e-03	7.447675e-01	2.378377e-01
1.532083921070544e-03	7.452204e-01	2.367627e-01
1.532220761850865e-03	7.454728e-01	2.360588e-01
1.532353273133128e-03	7.456081e-01	2.352210e-01
1.532648081628707e-03	7.457652e-01	2.333228e-01
1.532827941203687e-03	7.457169e-01	2.324966e-01
1.533075764535922e-03	7.455061e-01	2.324862e-01
1.533267529537212e-03	7.452070e-01	2.340097e-01
1.533478660607048e-03	7.446151e-01	2.369652e-01
1.533604001748345e-03	7.441864e-01	2.388914e-01
1.533731053988786e-03	7.438099e-01	2.406727e-01
1.533860846285572e-03	7.434519e-01	2.418827e-01
1.533996167753990e-03	7.432141e-01	2.428687e-01
1.534085193148170e-03	7.431435e-01	2.444589e-01
1.534161965713434e-03	7.431334e-01	2.476253e-01
1.534249229794830e-03	7.432025e-01	2.533826e-01
1.534365426477606e-03	7.432864e-01	2.630897e-01
1.534484842494483e-03	7.433931e-01	2.741662e-01
1.534669298512358e-03	7.437104e-01	2.904447e-01
1.534845504184966e-03	7.444186e-01	3.007253e-01
1.535086036238049e-03	7.465424e-01	3.042248e-01
1.535327283912666e-03	7.500184e-01	3.000874e-01
1.535491009058332e-03	7.538383e-01	2.956982e-01
1.535661619017371e-03	7.580770e-01	2.906392e-01
1.535819622563676e-03	7.621911e-01	2.870027e-01
1.535985093461047e-03	7.664419e-01	2.845435e-01
1.536138039936297e-03	7.701504e-01	2.822185e-01
1.536243938064990e-03	7.726141e-01	2.795056e-01
1.536361374070813e-03	7.752887e-01	2.752345e-01
1.536542877029634e-03	7.793027e-01	2.679311e-01
1.536726851861632e-03	7.832779e-01	2.616987e-01
1.536964191382122e-03	7.881026e-01	2.581225e-01
1.537198122792975e-03	7.926513e-01	2.616458e-01
1.537477927438664e-03	7.958969e-01	2.708574e-01
1.537627801451088e-03	7.961514e-01	2.757005e-01
1.537747251802830e-03	7.967921e-01	2.796426e-01
1.537866076504032e-03	7.975825e-01	2.824267e-01
1.537984383119320e-03	7.984728e-01	2.830170e-01
1.538091207918689e-03	7.993854e-01	2.800075e-01
1.538184182524168e-03	8.002919e-01	2.734832e-01
1.538258709892325e-03	8.009812e-01	2.654121e-01
1.538344692063860e-03	8.017618e-01	2.538882e-01
1.538425926714650e-03	8.023538e-01	2.415763e-01
1.538575789405600e-03	8.035209e-01	2.184362e-01
1.538717618224719e-03	8.051126e-01	1.999711e-01
1.538891796555353e-03	8.063907e-01	1.854589e-01
1.539055792291486e-03	8.067848e-01	1.850264e-01
1.539253030133137e-03	8.040785e-01	1.997300e-01
1.539413626713349e-03	8.003475e-01	2.205524e-01
1.539537698476846e-03	7.974084e-01	2.402295e-01
1.539643035077360e-03	7.948730e-01	2.567371e-01
1.539751900917858e-03	7.923901e-01	2.714849e-01
1.539863736185834e-03	7.901650e-01	2.823937e-01
1.539977753904500e-03	7.879763e-01	2.861496e-01
1.540139811346206e-03	7.851455e-01	2.783171e-01
1.540365376389778e-03	7.849816e-01	2.557942e-01
1.540501172735029e-03	7.856412e-01	2.377908e-01
1.540611747893296e-03	7.857666e-01	2.216931e-01
1.540725926843016e-03	7.858600e-01	2.069528e-01
1.540851150343093e-03	7.858447e-01	1.952232e-01
1.540980978655840e-03	7.857200e-01	1.906175e-01
1.541142006450006e-03	7.846209e-01	1.953130e-01
1.541320091297625e-03	7.815607e-01	2.089072e-01
1.541456201728387e-03	7.785692e-01	2.233213e-01
1.541573199931805e-03	7.760232e-01	2.370581e-01
1.541691470797836e-03	7.735323e-01	2.500692e-01
1.541804259828827e-03	7.713448e-01	2.600360e-01
1.541918560994167e-03	7.692560e-01	2.656916e-01
1.542062216139820e-03	7.669603e-01	2.660838e-01
1.542247201725678e-03	7.656610e-01	2.609411e-01
1.542396448517857e-03	7.656535e-01	2.541901e-01
1.542535164986089e-03	7.654097e-01	2.460743e-01
1.542671250031749e-03	7.652467e-01	2.383026e-01
1.542807378599845e-03	7.651976e-01	2.322004e-01
1.542951475686878e-03	7.651557e-01	2.286238e-01
1.543107194528958e-03	7.647558e-01	2.271554e-01
1.543252690649846e-03	7.639591e-01	2.262930e-01
1.543397245578966e-03	7.630105e-01	2.253440e-01
1.543538786355685e-03	7.620326e-01	2.244570e-01
1.543715149510101e-03	7.607292e-01	2.234979e-01
1.543884931423937e-03	7.593374e-01	2.226298e-01
1.544074217475434e-03	7.575641e-01	2.203677e-01
1.544214536728939e-03	7.560934e-01	2.159276e-01
1.544344204887594e-03	7.546198e-01	2.090338e-01
1.544513491017296e-03	7.527649e-01	1.984833e-01
1.544680012374183e-03	7.509613e-01	1.889613e-01
1.544882524268069e-03	7.483388e-01	1.815810e-01
1.545080995521656e-03	7.453189e-01	1.833510e-01
1.545288863077124e-03	7.411126e-01	1.967755e-01
1.545483046148323e-03	7.356017e-01	2.159075e-01
1.545613363261405e-03	7.317537e-01	2.299629e-01
1.545743669634337e-03	7.284496e-01	2.426120e-01
1.545877228995129e-03	7.254389e-01	2.510874e-01
1.546030678713682e-03	7.225362e-01	2.538205e-01
1.546226627235158e-03	7.206899e-01	2.513630e-01
1.546383660121658e-03	7.204245e-01	2.470906e-01
1.546555736465573e-03	7.202489e-01	2.408068e-01
1.546741036018746e-03	7.199792e-01	2.341380e-01
1.546891235025235e-03	7.199610e-01	2.304215e-01
1.547023422330365e-03	7.200210e-01	2.291272e-01
1.547152861502711e-03	7.199499e-01	2.291645e-01
1.547344542428164e-03	7.198384e-01	2.307011e-01
1.547452283073836e-03	7.197748e-01	2.319361e-01
1.547573875819970e-03	7.196867e-01	2.333838e-01
1.547685518032984e-03	7.196036e-01	2.346117e-01
1.547786948484148e-03	7.195549e-01	2.355288e-01
1.547880104586460e-03	7.195108e-01	2.360199e-01
1.548006792810552e-03	7.195134e-01	2.364168e-01
1.548107384717078e-03	7.195880e-01	2.371155e-01
1.548197891844799e-03	7.196878e-01	2.384895e-01
1.548298617637897e-03	7.198493e-01	2.408734e-01
1.548452133089653e-03	7.200770e-01	2.452481e-01
1.548590448824027e-03	7.202570e-01	2.491959e-01
1.548778274120489e-03	7.206157e-01	2.534568e-01
1.548974705271342e-03	7.212415e-01	2.549557e-01
1.549125433618040e-03	7.218453e-01	2.513887e-01
1.549284458674361e-03	7.227107e-01	2.417859e-01
1.549428449634409e-03	7.238506e-01	2.297174e-01
1.549564909199517e-03	7.250053e-01	2.172005e-01
1.549711328832795e-03	7.262438e-01	2.053437e-01
1.549890530086965e-03	7.274669e-01	1.957029e-01
1.550055516249472e-03	7.275585e-01	1.901842e-01
1.550214645875432e-03	7.263513e-01	1.831655e-01
1.550375904089765e-03	7.242883e-01	1.720994e-01
1.550541237760133e-03	7.218277e-01	1.590983e-01
1.550730626874333e-03	7.191558e-01	1.466468e-01
1.550934167356537e-03	7.152537e-01	1.379705e-01
1.551047457012835e-03	7.125288e-01	1.372940e-01
1.551164941184920e-03	7.090412e-01	1.410172e-01
1.551294213719999e-03	7.046349e-01	1.486919e-01
1.551432894157447e-03	6.994047e-01	1.593407e-01
1.551559655842571e-03	6.944489e-01	1.699396e-01
1.551687652823082e-03	6.895151e-01	1.800674e-01
1.551812718606850e-03	6.848271e-01	1.877436e-01
1.551948907581890e-03	6.800066e-01	1.923070e-01
1.552083898698944e-03	6.756530e-01	1.933827e-01
1.552236459178137e-03	6.713503e-01	1.929374e-01
1.552399364141493e-03	6.672290e-01	1.920877e-01
1.552554210710960e-03	6.637721e-01	1.912246e-01
1.552761556455229e-03	6.596327e-01	1.902102e-01
1.552996463301217e-03	6.552505e-01	1.899686e-01
1.553167863847642e-03	6.523866e-01	1.921526e-01
1.553367657233514e-03	6.492867e-01	1.979848e-01
1.553564962059780e-03	6.461496e-01	2.049941e-01
1.553749119513946e-03	6.434845e-01	2.106891e-01
1.553946132596168e-03	6.413485e-01	2.149954e-01
1.554153237964708e-03	6.402351e-01	2.205476e-01
1.554291473018960e-03	6.400684e-01	2.277911e-01
1.554454137242452e-03	6.398452e-01	2.395758e-01
1.554632498058724e-03	6.396533e-01	2.525478e-01
1.554813235730279e-03	6.399353e-01	2.618355e-01
1.555048403465941e-03	6.414736e-01	2.626820e-01
1.555245122646581e-03	6.429035e-01	2.485053e-01
1.555455498227976e-03	6.466213e-01	2.225815e-01
1.555580499624666e-03	6.496895e-01	2.055840e-01
1.555717015971043e-03	6.523144e-01	1.880288e-01
1.555864158698314e-03	6.551380e-01	1.749216e-01
1.556004069755104e-03	6.574828e-01	1.698993e-01
1.556162073731582e-03	6.595535e-01	1.709496e-01
1.556340108412837e-03	6.603373e-01	1.748241e-01
1.556548385037904e-03	6.582216e-01	1.785770e-01
1.556773216022456e-03	6.546617e-01	1.818880e-01
1.556904134193480e-03	6.534619e-01	1.839523e-01
1.557021465357139e-03	6.525174e-01	1.854563e-01
1.557091889881261e-03	6.518716e-01	1.870534e-01
1.557149122826992e-03	6.512345e-01	1.894484e-01
1.557214222824007e-03	6.504902e-01	1.934192e-01
1.557291261723190e-03	6.496021e-01	1.993456e-01
1.557376664762794e-03	6.485687e-01	2.069440e-01
1.557459110233999e-03	6.476013e-01	2.149335e-01
1.557597509961806e-03	6.459747e-01	2.280485e-01
1.557770555706733e-03	6.440583e-01	2.411170e-01
1.557958792592549e-03	6.429694e-01	2.473051e-01
1.558158844036485e-03	6.421562e-01	2.386837e-01
1.558402794761762e-03	6.435197e-01	2.130612e-01
1.558546683985641e-03	6.454736e-01	1.940836e-01
1.558676222555868e-03	6.468340e-01	1.767514e-01
1.558812492263743e-03	6.480420e-01	1.624296e-01
1.558947518043328e-03	6.490530e-01	1.555010e-01
1.559101110260631e-03	6.497603e-01	1.584622e-01
1.559272448117945e-03	6.487241e-01	1.717350e-01
1.559429438929285e-03	6.458054e-01	1.890805e-01
1.559547705019341e-03	6.437756e-01	2.044947e-01
1.559669293602525e-03	6.419547e-01	2.199839e-01
1.559791184475508e-03	6.403553e-01	2.328028e-01
1.559906033984669e-03	6.390059e-01	2.400123e-01
1.560052681184287e-03	6.380148e-01	2.433143e-01
1.560211504745462e-03	6.383722e-01	2.447774e-01
1.560364476408249e-03	6.390275e-01	2.456519e-01
1.560525824565325e-03	6.399681e-01	2.464307e-01
1.560716343189529e-03	6.416570e-01	2.471411e-01
1.560998030346982e-03	6.446067e-01	2.462573e-01
1.561210899501729e-03	6.470352e-01	2.418872e-01
1.561468194393434e-03	6.509751e-01	2.327585e-01
1.561633566756243e-03	6.540512e-01	2.264950e-01
1.561806402137278e-03	6.570496e-01	2.210089e-01
1.561973146204107e-03	6.597639e-01	2.178906e-01
1.562129535389483e-03	6.618492e-01	2.155885e-01
1.562267118045805e-03	6.633100e-01	2.123378e-01
1.562425803319428e-03	6.647625e-01	2.071322e-01
1.562648577381039e-03	6.664871e-01	1.997160e-01
1.562863421805975e-03	6.676194e-01	1.940570e-01
1.563119076275185e-03	6.673852e-01	1.854957e-01
1.563276332063683e-03	6.663133e-01	1.741941e-01
1.563448365898354e-03	6.652206e-01	1.561148e-01
1.563614324603348e-03	6.640213e-01	1.379167e-01
1.563792999754071e-03	6.620105e-01	1.205743e-01
1.563876150343071e-03	6.606721e-01	1.147874e-01
1.563960067429290e-03	6.590087e-01	1.119606e-01
1.564048425201149e-03	6.572801e-01	1.131337e-01
1.564174286614107e-03	6.544488e-01	1.211737e-01
1.564300059980803e-03	6.504512e-01	1.341502e-01
1.564444020824517e-03	6.450564e-01	1.530214e-01
1.564558836331754e-03	6.405166e-01	1.692005e-01
1.564675696381411e-03	6.361322e-01	1.849685e-01
1.564796547867582e-03	6.319316e-01	1.983086e-01
1.564915606153847e-03	6.282846e-01	2.067999e-01
1.565017202021209e-03	6.253114e-01	2.087662e-01
1.565136720077525e-03	6.220634e-01	2.056676e-01
1.565255733372453e-03	6.199991e-01	2.000047e-01
1.565338220541607e-03	6.187801e-01	1.945094e-01
1.565434374588227e-03	6.173436e-01	1.867941e-01
1.565544182117364e-03	6.159916e-01	1.777205e-01
1.565669448945740e-03	6.146439e-01	1.679919e-01
1.565794690510708e-03	6.132951e-01	1.600088e-01
1.565918748504588e-03	6.118536e-01	1.550798e-01
1.566042941026644e-03	6.103055e-01	1.537490e-01
1.566188800851117e-03	6.080213e-01	1.550741e-01
1.566310813008254e-03	6.058442e-01	1.576171e-01
1.566468241608667e-03	6.029551e-01	1.620748e-01
1.566610209936563e-03	6.002090e-01	1.662326e-01
1.566731783221273e-03	5.979084e-01	1.694294e-01
1.566861763328705e-03	5.955276e-01	1.718461e-01
1.566983255268170e-03	5.933440e-01	1.727480e-01
1.567148932982860e-03	5.906997e-01	1.728598e-01
1.567271921419848e-03	5.889814e-01	1.728242e-01
1.567429971388164e-03	5.868120e-01	1.726673e-01
1.567580064757821e-03	5.848656e-01	1.724973e-01
1.567775449322801e-03	5.824469e-01	1.722100e-01
1.567981145799836e-03	5.799745e-01	1.713892e-01
1.568084022667641e-03	5.787743e-01	1.697226e-01
1.568153673463310e-03	5.779832e-01	1.670009e-01
1.568221818069437e-03	5.771923e-01	1.628059e-01
1.568305046961242e-03	5.762237e-01	1.563147e-01
1.568403754555540e-03	5.751159e-01	1.474597e-01
1.568518864363785e-03	5.738770e-01	1.365244e-01
1.568636988276746e-03	5.725617e-01	1.257760e-01
1.568777376172773e-03	5.707570e-01	1.152109e-01
1.568920469641574e-03	5.687795e-01	1.099758e-01
1.569109991697452e-03	5.654190e-01	1.142026e-01
1.569266485054720e-03	5.617476e-01	1.283310e-01
1.569421106861528e-03	5.568802e-01	1.495683e-01
1.569533866955542e-03	5.531406e-01	1.671296e-01
1.569653952772624e-03	5.495484e-01	1.855055e-01
1.569783714023096e-03	5.460811e-01	2.023552e-01
1.569883484396599e-03	5.440288e-01	2.115950e-01
1.569978626684647e-03	5.423589e-01	2.153592e-01
1.570075533764050e-03	5.410279e-01	2.139066e-01
1.570166217699730e-03	5.401589e-01	2.082078e-01
1.570249095290990e-03	5.395781e-01	1.997851e-01
1.570337313441589e-03	5.391092e-01	1.881863e-01
1.570458383147658e-03	5.390157e-01	1.703678e-01
1.570570945723834e-03	5.390658e-01	1.532351e-01
1.570684986728638e-03	5.392249e-01	1.372288e-01
1.570814325244725e-03	5.394795e-01	1.233643e-01
1.570957825286356e-03	5.392388e-01	1.145149e-01
1.571078874552522e-03	5.381489e-01	1.113991e-01
1.571181759318340e-03	5.366756e-01	1.098213e-01
1.571292032786509e-03	5.350038e-01	1.079011e-01
1.571421251956940e-03	5.327241e-01	1.052877e-01
1.571603294036018e-03	5.290228e-01	1.016047e-01
1.571796743081842e-03	5.247642e-01	9.912390e-02
1.572108930358503e-03	5.160581e-01	9.767027e-02
1.572418453364524e-03	5.059872e-01	9.854683e-02
1.572623429141528e-03	4.991159e-01	1.001454e-01
1.572813597280765e-03	4.926319e-01	1.013649e-01
1.573002942842698e-03	4.863425e-01	1.026444e-01
1.573109365522636e-03	4.828996e-01	1.047156e-01
1.573191036233464e-03	4.802659e-01	1.081656e-01
1.573274208745483e-03	4.776943e-01	1.135589e-01
1.573405401154203e-03	4.736630e-01	1.239293e-01
1.573538904769429e-03	4.695572e-01	1.350049e-01
1.573725503721720e-03	4.640270e-01	1.484984e-01
1.573915583006903e-03	4.587207e-01	1.564416e-01
1.574099496328073e-03	4.553448e-01	1.587336e-01
1.574304345286341e-03	4.533460e-01	1.582826e-01
1.574495237686296e-03	4.523445e-01	1.570827e-01
1.574687828106472e-03	4.516449e-01	1.554809e-01
1.574882492133872e-03	4.511390e-01	1.543606e-01
1.575079261073160e-03	4.508695e-01	1.559402e-01
1.575203782366717e-03	4.510244e-01	1.610442e-01
1.575341788169356e-03	4.513868e-01	1.711938e-01
1.575494254538822e-03	4.516930e-01	1.844969e-01
1.575657743956886e-03	4.521443e-01	1.982071e-01
1.575846355211917e-03	4.531949e-01	2.089750e-01
1.576062706944456e-03	4.553117e-01	2.100209e-01
1.576298543467602e-03	4.584332e-01	1.973984e-01
1.576484415153344e-03	4.630001e-01	1.821492e-01
1.576611599559126e-03	4.664330e-01	1.706154e-01
1.576740426532104e-03	4.695030e-01	1.600511e-01
1.576887778939610e-03	4.728638e-01	1.520250e-01
1.577031982746006e-03	4.758057e-01	1.488880e-01
1.577171370072634e-03	4.782088e-01	1.488314e-01
1.577324189941590e-03	4.806932e-01	1.501858e-01
1.577490651030680e-03	4.831023e-01	1.521647e-01
1.577750733540732e-03	4.845999e-01	1.535334e-01
1.577947824878120e-03	4.845366e-01	1.535217e-01
1.578109314278605e-03	4.850736e-01	1.553040e-01
1.578223028240621e-03	4.855391e-01	1.587810e-01
1.578344528314854e-03	4.858711e-01	1.645736e-01
1.578475023754363e-03	4.860919e-01	1.718576e-01
1.578599665010794e-03	4.862264e-01	1.787593e-01
1.578777228574451e-03	4.864865e-01	1.866187e-01
1.578964155318935e-03	4.871200e-01	1.899593e-01
1.579126283301875e-03	4.878182e-01	1.844139e-01
1.579300085752625e-03	4.889803e-01	1.682316e-01
1.579462849804071e-03	4.908985e-01	1.474113e-01
1.579599728059359e-03	4.926831e-01	1.287928e-01
1.579745680726186e-03	4.943848e-01	1.117371e-01
1.579908893000278e-03	4.958596e-01	1.002789e-01
1.580068404473806e-03	4.954048e-01	9.738274e-02
1.580154965392182e-03	4.946654e-01	1.009090e-01
1.580255048187856e-03	4.938556e-01	1.099950e-01
1.580360607524367e-03	4.923495e-01	1.220656e-01
1.580464830778516e-03	4.908197e-01	1.358827e-01
1.580575809388445e-03	4.889752e-01	1.509432e-01
1.580687457839521e-03	4.870009e-01	1.648223e-01
1.580807538026840e-03	4.851399e-01	1.770515e-01
1.580907553677294e-03	4.838369e-01	1.835100e-01
1.581018315700420e-03	4.827505e-01	1.867382e-01
1.581122618952040e-03	4.822756e-01	1.889656e-01
1.581223401885618e-03	4.821787e-01	1.922834e-01
1.581341189035997e-03	4.823672e-01	1.977025e-01
1.581458262370747e-03	4.826929e-01	2.037702e-01
1.581634719489473e-03	4.836105e-01	2.126152e-01
1.581838119415899e-03	4.853232e-01	2.194633e-01
1.582068595309436e-03	4.878324e-01	2.182799e-01
1.582273948264058e-03	4.901432e-01	2.056370e-01
1.582494761942110e-03	4.956317e-01	1.857796e-01
1.582622965996602e-03	4.993027e-01	1.734893e-01
1.582759000365764e-03	5.025178e-01	1.617038e-01
1.582901772321466e-03	5.056776e-01	1.539038e-01
1.583046552737119e-03	5.086468e-01	1.526252e-01
1.583210165703197e-03	5.122180e-01	1.592716e-01
1.583414027977920e-03	5.146912e-01	1.723040e-01
1.583552999960512e-03	5.146947e-01	1.815438e-01
1.583674618552326e-03	5.149637e-01	1.898201e-01
1.583796831070802e-03	5.153747e-01	1.966837e-01
1.583907636732687e-03	5.159974e-01	2.007669e-01
1.584007694991288e-03	5.167637e-01	2.022360e-01
1.584107385627192e-03	5.176503e-01	2.021920e-01
1.584219351415961e-03	5.187549e-01	2.014980e-01
1.584365008018046e-03	5.204723e-01	2.004077e-01
1.584524347373096e-03	5.225992e-01	1.991188e-01
1.584689983070219e-03	5.248953e-01	1.977732e-01
1.584871467907480e-03	5.274927e-01	1.965264e-01
1.585051651492789e-03	5.300444e-01	1.944635e-01
1.585144091669750e-03	5.313104e-01	1.914390e-01
1.585221921746960e-03	5.323758e-01	1.868176e-01
1.585298626177225e-03	5.333631e-01	1.807455e-01
1.585401522567643e-03	5.346784e-01	1.712698e-01
1.585511609789071e-03	5.360399e-01	1.606014e-01
1.585700736136851e-03	5.384658e-01	1.441845e-01
1.585883219490891e-03	5.409000e-01	1.345008e-01
1.586072880952765e-03	5.425410e-01	1.341624e-01
1.586278764203353e-03	5.420180e-01	1.433481e-01
1.586490633945848e-03	5.387327e-01	1.577525e-01
1.586619535000311e-03	5.368946e-01	1.680445e-01
1.586734659638627e-03	5.356792e-01	1.766961e-01
1.586857420088105e-03	5.344517e-01	1.833032e-01
1.586980393704725e-03	5.330879e-01	1.849306e-01
1.587163820271411e-03	5.314057e-01	1.779155e-01
1.587374302580594e-03	5.314253e-01	1.621234e-01
1.587501178996264e-03	5.317540e-01	1.496442e-01
1.587635604425177e-03	5.317464e-01	1.357209e-01
1.587775051565277e-03	5.315900e-01	1.236295e-01
1.587908633188516e-03	5.308846e-01	1.156297e-01
1.588002578024696e-03	5.300581e-01	1.132181e-01
1.588116098809843e-03	5.288606e-01	1.134295e-01
1.588236733035490e-03	5.271668e-01	1.150591e-01
1.588374557677597e-03	5.248404e-01	1.178962e-01
1.588548986051440e-03	5.213528e-01	1.219184e-01
1.588733784313880e-03	5.172818e-01	1.257382e-01
1.588893424407944e-03	5.136656e-01	1.278902e-01
1.589056174021613e-03	5.102597e-01	1.294299e-01
1.589130283213408e-03	5.087650e-01	1.305859e-01
1.589198746436960e-03	5.073165e-01	1.323443e-01
1.589268816955523e-03	5.058551e-01	1.347979e-01
1.589381685129810e-03	5.035251e-01	1.395493e-01
1.589494023730463e-03	5.012106e-01	1.446196e-01
1.589674130935180e-03	4.975861e-01	1.521318e-01
1.589861706610221e-03	4.941248e-01	1.574952e-01
1.590030754985912e-03	4.914529e-01	1.574453e-01
1.590200851114360e-03	4.891438e-01	1.498303e-01
1.590385763031636e-03	4.876825e-01	1.351086e-01
1.590510309298850e-03	4.870372e-01	1.230427e-01
1.590642221194940e-03	4.861143e-01	1.099839e-01
1.590775127195791e-03	4.849810e-01	9.897633e-02
1.590911286270591e-03	4.836740e-01	9.255297e-02
1.591089185995586e-03	4.814164e-01	9.190387e-02
1.591295794163479e-03	4.770065e-01	9.692639e-02
1.591450943944458e-03	4.728151e-01	1.030418e-01
1.591582659507881e-03	4.692848e-01	1.092199e-01
1.591720053621082e-03	4.655764e-01	1.150904e-01
1.591857302114217e-03	4.620044e-01	1.193728e-01
1.591983044467128e-03	4.588619e-01	1.211993e-01
1.592111807929955e-03	4.559258e-01	1.215607e-01
1.592227177115743e-03	4.534923e-01	1.214846e-01
1.592375332668013e-03	4.505364e-01	1.213486e-01
1.592514620320407e-03	4.479302e-01	1.212068e-01
1.592706279434887e-03	4.444865e-01	1.209105e-01
1.592883067508648e-03	4.415516e-01	1.208790e-01
1.593160350890397e-03	4.373012e-01	1.222135e-01
1.593356184542345e-03	4.344473e-01	1.248586e-01
1.593556417259349e-03	4.316135e-01	1.287009e-01
1.593711794519572e-03	4.295028e-01	1.313353e-01
1.593914553227455e-03	4.271734e-01	1.338874e-01
1.594129317634651e-03	4.254018e-01	1.375588e-01
1.594261578664613e-03	4.246846e-01	1.425703e-01
1.594418031735640e-03	4.238907e-01	1.514536e-01
1.594601784559241e-03	4.229647e-01	1.624871e-01
1.594770523734985e-03	4.223918e-01	1.710167e-01
1.594926187257757e-03	4.224685e-01	1.758354e-01
1.595046042688803e-03	4.227831e-01	1.756115e-01
1.595200733871504e-03	4.234052e-01	1.694743e-01
1.595390815954178e-03	4.251845e-01	1.573795e-01
1.595526096406846e-03	4.269187e-01	1.472503e-01
1.595666994851169e-03	4.286422e-01	1.366720e-01
1.595796477912877e-03	4.302346e-01	1.289032e-01
1.595931939443111e-03	4.317714e-01	1.242221e-01
1.596073381591785e-03	4.331469e-01	1.228938e-01
1.596244018401749e-03	4.339980e-01	1.229748e-01
1.596422161961582e-03	4.338811e-01	1.229748e-01
1.596587125717173e-03	4.334065e-01	1.230829e-01
1.596747163224600e-03	4.328119e-01	1.232607e-01
1.596946474740760e-03	4.319421e-01	1.232184e-01
1.597133000824099e-03	4.309635e-01	1.223708e-01
1.597379121468342e-03	4.295939e-01	1.201248e-01
1.597545096882155e-03	4.286630e-01	1.182738e-01
1.597710848749668e-03	4.274981e-01	1.163888e-01
1.597891391503112e-03	4.261066e-01	1.151829e-01
1.598067185359376e-03	4.246290e-01	1.165165e-01
1.598187065983093e-03	4.235747e-01	1.209435e-01
1.598295141663151e-03	4.225923e-01	1.282311e-01
1.598414996485421e-03	4.213974e-01	1.383828e-01
1.598533897880691e-03	4.201486e-01	1.490746e-01
1.598699243456438e-03	4.186692e-01	1.631545e-01
1.598813973631831e-03	4.179714e-01	1.709639e-01
1.598924190767969e-03	4.176735e-01	1.753365e-01
1.599048314653511e-03	4.177395e-01	1.768885e-01
1.599138249608607e-03	4.180388e-01	1.765420e-01
1.599248851898301e-03	4.185364e-01	1.750720e-01
1.599445686692719e-03	4.200835e-01	1.718416e-01
1.599679193853481e-03	4.227641e-01	1.682351e-01
1.599902793143192e-03	4.257467e-01	1.652251e-01
1.600148131038524e-03	4.289713e-01	1.605062e-01
1.600266511816887e-03	4.305141e-01	1.557925e-01
1.600381337001931e-03	4.320029e-01	1.488785e-01
1.600523407752231e-03	4.339237e-01	1.394703e-01
1.600663205020579e-03	4.359053e-01	1.311399e-01
1.600875345537870e-03	4.388973e-01	1.232703e-01
1.601079900496974e-03	4.412694e-01	1.244765e-01
1.601287565904309e-03	4.420132e-01	1.358394e-01
1.601479802908312e-03	4.407982e-01	1.519223e-01
1.601599015169548e-03	4.400337e-01	1.632498e-01
1.601712371250311e-03	4.397670e-01	1.735178e-01
1.601826878868255e-03	4.397876e-01	1.816912e-01
1.601935701240590e-03	4.397800e-01	1.852692e-01
1.602111586697012e-03	4.401392e-01	1.830705e-01
1.602317117567296e-03	4.423257e-01	1.743904e-01
1.602449377925198e-03	4.442361e-01	1.661621e-01
1.602574638211280e-03	4.458825e-01	1.571743e-01
1.602699943095537e-03	4.475826e-01	1.489546e-01
1.602838924228235e-03	4.494676e-01	1.421605e-01
1.602974814039322e-03	4.511814e-01	1.382809e-01
1.603113164355415e-03	4.524098e-01	1.347170e-01
1.603230694501195e-03	4.530547e-01	1.293178e-01
1.603365923631850e-03	4.535818e-01	1.201595e-01
1.603549693236547e-03	4.541358e-01	1.060552e-01
1.603656386924555e-03	4.542515e-01	9.805543e-02
1.603756305677279e-03	4.541107e-01	9.166460e-02
1.603871700239118e-03	4.537330e-01	8.698137e-02
1.604050999554623e-03	4.518838e-01	8.325359e-02
1.604242789178032e-03	4.489220e-01	8.074015e-02
1.604434207574334e-03	4.451149e-01	7.789615e-02
1.604638328821622e-03	4.405314e-01	7.503980e-02
1.604920841864313e-03	4.328531e-01	7.139744e-02
1.605234933583715e-03	4.230133e-01	6.607275e-02
1.605451612232103e-03	4.159499e-01	6.046185e-02
1.605684294773678e-03	4.082790e-01	5.363132e-02
1.605853104012889e-03	4.023752e-01	4.987893e-02
1.606017642351610e-03	3.962418e-01	4.853305e-02
1.606198922633484e-03	3.892017e-01	4.983318e-02
1.606391980050530e-03	3.814427e-01	5.322063e-02
1.606535200102243e-03	3.756754e-01	5.643500e-02
1.606686314491727e-03	3.696671e-01	5.974843e-02
1.606834567408321e-03	3.638490e-01	6.201507e-02
1.607034954212414e-03	3.563957e-01	6.507596e-02
1.607140199687783e-03	3.527654e-01	6.950228e-02
1.607247631069655e-03	3.491665e-01	7.820414e-02
1.607357314706030e-03	3.457858e-01	9.050871e-02
1.607510239598727e-03	3.410532e-01	1.096682e-01
1.607673921547554e-03	3.356353e-01	1.280183e-01
1.607869107083870e-03	3.298166e-01	1.420456e-01
1.608068104939613e-03	3.266030e-01	1.443516e-01
1.608258149012531e-03	3.254447e-01	1.333516e-01
1.608449577251982e-03	3.261229e-01	1.140687e-01
1.608580224819041e-03	3.265930e-01	9.848975e-02
1.608691204440872e-03	3.269576e-01	8.579962e-02
1.608801580801319e-03	3.274069e-01	7.591908e-02
1.608935142828210e-03	3.278854e-01	6.902291e-02
1.609072568162890e-03	3.279444e-01	6.645955e-02
1.609234600790652e-03	3.268687e-01	6.475243e-02
1.609384087854225e-03	3.249521e-01	6.242898e-02
1.609538137379256e-03	3.231249e-01	6.037232e-02
1.609706713681388e-03	3.209615e-01	5.850935e-02
1.609878918235422e-03	3.184453e-01	5.726676e-02
1.610035756546033e-03	3.159335e-01	5.828042e-02
1.610175928309915e-03	3.136222e-01	6.356665e-02
1.610320843253636e-03	3.109362e-01	7.375257e-02
1.610459751398809e-03	3.080258e-01	8.606957e-02
1.610601644632371e-03	3.049681e-01	9.903948e-02
1.610756830283536e-03	3.018553e-01	1.109622e-01
1.610922865966528e-03	2.991006e-01	1.182442e-01
1.611102464040000e-03	2.971411e-01	1.190754e-01
1.611321286706485e-03	2.967864e-01	1.152171e-01
1.611486936874813e-03	2.973080e-01	1.106373e-01
1.611674291050242e-03	2.976109e-01	1.044966e-01
1.611852620608725e-03	2.981215e-01	1.000186e-01
1.611992005329998e-03	2.986108e-01	9.845215e-02
1.612131055472863e-03	2.990437e-01	9.880354e-02
1.612249505472701e-03	2.992792e-01	1.001542e-01
1.612343342848854e-03	2.994813e-01	1.018245e-01
1.612444155497993e-03	2.997174e-01	1.039778e-01
1.612545726831637e-03	2.999502e-01	1.062486e-01
1.612646026853372e-03	3.001847e-01	1.083940e-01
1.612746793089257e-03	3.004501e-01	1.102429e-01
1.612861132713299e-03	3.007499e-01	1.115850e-01
1.613012025258724e-03	3.012244e-01	1.115653e-01
1.613147307186390e-03	3.016715e-01	1.086545e-01
1.613299990664423e-03	3.023262e-01	1.019453e-01
1.613444884755555e-03	3.031579e-01	9.363382e-02
1.613592171605581e-03	3.040530e-01	8.470982e-02
1.613750301328486e-03	3.049550e-01	7.660988e-02
1.613925110512785e-03	3.056878e-01	7.159503e-02
1.614102101992297e-03	3.058548e-01	7.220553e-02
1.614296236807579e-03	3.047676e-01	7.800409e-02
1.614440001344713e-03	3.033264e-01	8.456525e-02
1.614560772924571e-03	3.022933e-01	9.116700e-02
1.614681340507788e-03	3.012786e-01	9.736621e-02
1.614817537056912e-03	3.002121e-01	1.028234e-01
1.614946990425636e-03	2.992080e-01	1.048568e-01
1.615110264511774e-03	2.980455e-01	1.008807e-01
1.615288277511152e-03	2.974753e-01	8.896506e-02
1.615449943098536e-03	2.975453e-01	7.339510e-02
1.615588137569165e-03	2.976550e-01	5.884349e-02
1.615733583817350e-03	2.975252e-01	4.520729e-02
1.615883189124882e-03	2.968862e-01	3.597791e-02
1.616047914197661e-03	2.956979e-01	3.411152e-02
1.616250378107373e-03	2.927138e-01	4.043244e-02
1.616410322755828e-03	2.891154e-01	4.931982e-02
1.616538370726489e-03	2.860779e-01	5.810471e-02
1.616665033429682e-03	2.830952e-01	6.665182e-02
1.616791715941445e-03	2.801607e-01	7.362370e-02
1.616915200994583e-03	2.774946e-01	7.783478e-02
1.617035275923200e-03	2.751026e-01	7.937127e-02
1.617179240004815e-03	2.727854e-01	8.027239e-02
1.617310983513267e-03	2.710812e-01	8.149923e-02
1.617452631417201e-03	2.693822e-01	8.301482e-02
1.617641299428187e-03	2.673009e-01	8.489183e-02
1.617813892248683e-03	2.656635e-01	8.603336e-02
1.618100066692710e-03	2.636788e-01	8.775347e-02
1.618271010656420e-03	2.630174e-01	9.020510e-02
1.618502417863153e-03	2.623294e-01	9.515363e-02
1.618698878419170e-03	2.617363e-01	9.897204e-02
1.618911775156222e-03	2.616040e-01	1.020785e-01
1.619128810801872e-03	2.622547e-01	1.060905e-01
1.619265765906907e-03	2.630799e-01	1.115885e-01
1.619427641553846e-03	2.641225e-01	1.212952e-01
1.619595755810785e-03	2.651368e-01	1.319510e-01
1.619747551202109e-03	2.663371e-01	1.405423e-01
1.619868843611817e-03	2.676075e-01	1.451582e-01
1.620010570220278e-03	2.696300e-01	1.476695e-01
1.620101028716915e-03	2.711332e-01	1.480296e-01
1.620230524043139e-03	2.733655e-01	1.477584e-01
1.620425499962756e-03	2.771339e-01	1.473551e-01
1.620655140055017e-03	2.827560e-01	1.474630e-01
1.620975134026718e-03	2.912039e-01	1.462362e-01
1.621176018128227e-03	2.966308e-01	1.418455e-01
1.621332731988150e-03	3.008973e-01	1.342627e-01
1.621478619795941e-03	3.049231e-01	1.248397e-01
1.621629086472986e-03	3.089907e-01	1.150300e-01
1.621800486024217e-03	3.134927e-01	1.068125e-01
1.622026439867726e-03	3.191190e-01	1.040144e-01
1.622253261895109e-03	3.240537e-01	1.107987e-01
1.622481572624820e-03	3.271740e-01	1.232401e-01
1.622619271183376e-03	3.276807e-01	1.307690e-01
1.622742379851389e-03	3.284649e-01	1.371178e-01
1.622866419100752e-03	3.294413e-01	1.417680e-01
1.622972372611972e-03	3.304761e-01	1.437439e-01
1.623075441845448e-03	3.316683e-01	1.440699e-01
1.623177207510918e-03	3.329476e-01	1.437349e-01
1.623297817923899e-03	3.345657e-01	1.431392e-01
1.623442907151975e-03	3.367152e-01	1.423700e-01
1.623593966175212e-03	3.390935e-01	1.415579e-01
1.623756828424822e-03	3.416899e-01	1.407329e-01
1.623937695203172e-03	3.446173e-01	1.398365e-01
1.624051505400968e-03	3.464320e-01	1.382055e-01
1.624119163784700e-03	3.474826e-01	1.353111e-01
1.624183835259382e-03	3.484772e-01	1.304315e-01
1.624243075848595e-03	3.493299e-01	1.244072e-01
1.624328479619606e-03	3.505495e-01	1.139695e-01
1.624410315346927e-03	3.516396e-01	1.026764e-01
1.624540957352424e-03	3.533125e-01	8.395359e-02
1.624703526602806e-03	3.555978e-01	6.236497e-02
1.624787036003608e-03	3.564781e-01	5.308306e-02
1.624875240417956e-03	3.572766e-01	4.671806e-02
1.624998333167159e-03	3.582369e-01	4.335926e-02
1.625160123617327e-03	3.578833e-01	4.322769e-02
1.625336515538828e-03	3.542783e-01	4.322712e-02
1.625526106995824e-03	3.507176e-01	4.532497e-02
1.625707463927959e-03	3.470737e-01	4.785630e-02
1.625896883319990e-03	3.423449e-01	4.969302e-02
1.626079980565505e-03	3.374847e-01	5.268857e-02
1.626189806719223e-03	3.345838e-01	5.769815e-02
1.626296191810904e-03	3.316044e-01	6.587422e-02
1.626395032453421e-03	3.288250e-01	7.536562e-02
1.626520180912946e-03	3.252951e-01	8.833355e-02
1.626672273564389e-03	3.209106e-01	1.026285e-01
1.626854682596493e-03	3.157384e-01	1.141112e-01
1.627040851270160e-03	3.121023e-01	1.195148e-01
1.627235932112302e-03	3.103654e-01	1.221193e-01
1.627399691912772e-03	3.098073e-01	1.241541e-01
1.627590784265870e-03	3.096135e-01	1.264335e-01
1.627794155229130e-03	3.095591e-01	1.278319e-01
1.628007801720457e-03	3.099017e-01	1.276335e-01
1.628207117724068e-03	3.108968e-01	1.253969e-01
1.628445451156253e-03	3.128559e-01	1.207012e-01
1.628619417374235e-03	3.146663e-01	1.168704e-01
1.628762876629813e-03	3.161717e-01	1.140278e-01
1.628905507232891e-03	3.176533e-01	1.122484e-01
1.629047116913993e-03	3.190921e-01	1.122984e-01
1.629191330754097e-03	3.205257e-01	1.148980e-01
1.629348708341425e-03	3.217835e-01	1.198877e-01
1.629470077949745e-03	3.226131e-01	1.246530e-01
1.629593552667853e-03	3.235068e-01	1.297814e-01
1.629718972183361e-03	3.244546e-01	1.344352e-01
1.629847018891019e-03	3.254783e-01	1.377694e-01
1.629992350653226e-03	3.267968e-01	1.396268e-01
1.630165884920389e-03	3.288760e-01	1.411095e-01
1.630295213713703e-03	3.307094e-01	1.428378e-01
1.630456873121858e-03	3.330609e-01	1.456542e-01
1.630665004446707e-03	3.362132e-01	1.491407e-01
1.630877611899762e-03	3.394835e-01	1.511146e-01
1.631090309779260e-03	3.429090e-01	1.497507e-01
1.631275189693546e-03	3.461655e-01	1.447069e-01
1.631465374682247e-03	3.499907e-01	1.368628e-01
1.631609222629595e-03	3.529744e-01	1.305005e-01
1.631766720655110e-03	3.560712e-01	1.247144e-01
1.631962987096626e-03	3.597642e-01	1.204993e-01
1.632145011772440e-03	3.625771e-01	1.178606e-01
1.632296630330996e-03	3.643178e-01	1.146054e-01
1.632477675747476e-03	3.660603e-01	1.093678e-01
1.632659101240017e-03	3.673739e-01	1.040155e-01
1.632830749569584e-03	3.682718e-01	1.002281e-01
1.633011234175660e-03	3.685580e-01	9.655896e-02
1.633137507544348e-03	3.682274e-01	9.074119e-02
1.633264045648650e-03	3.676031e-01	7.947737e-02
1.633397373761622e-03	3.667854e-01	6.323943e-02
1.633577774570418e-03	3.655354e-01	3.948584e-02
1.633743941261533e-03	3.642618e-01	2.168168e-02
1.633966955988451e-03	3.617792e-01	1.035366e-02
1.634177417298241e-03	3.570210e-01	1.269232e-02
1.634381678421620e-03	3.471988e-01	2.082464e-02
1.634555722071869e-03	3.403132e-01	3.315753e-02
1.634657099942579e-03	3.365434e-01	4.072045e-02
1.634788025362955e-03	3.313384e-01	4.851662e-02
1.634917350017640e-03	3.262318e-01	5.328669e-02
1.635069031062472e-03	3.205393e-01	5.644973e-02
1.635161207301181e-03	3.172642e-01	5.911112e-02
1.635265565818261e-03	3.135977e-01	6.396367e-02
1.635376158763135e-03	3.099122e-01	7.068229e-02
1.635546711157562e-03	3.046209e-01	8.214113e-02
1.635726662775532e-03	2.990182e-01	9.202585e-02
1.635956831570058e-03	2.917204e-01	9.858134e-02
1.636144796036077e-03	2.883639e-01	1.027436e-01
1.636327091014880e-03	2.866501e-01	1.081948e-01
1.636519728013446e-03	2.851477e-01	1.151477e-01
1.636727118786038e-03	2.839013e-01	1.216062e-01
1.636937744986250e-03	2.834443e-01	1.246809e-01
1.637100679678240e-03	2.833101e-01	1.200677e-01
1.637253910238428e-03	2.836643e-01	1.066936e-01
1.637404065655522e-03	2.848146e-01	8.716194e-02
1.637525322615929e-03	2.860526e-01	6.927766e-02
1.637654661524006e-03	2.872956e-01	5.098878e-02
1.637813654920150e-03	2.885658e-01	3.341420e-02
1.637957364865334e-03	2.892896e-01	2.533907e-02
1.638133531856831e-03	2.883852e-01	2.330896e-02
1.638323464949946e-03	2.848463e-01	2.357931e-02
1.638516179575395e-03	2.811942e-01	2.576821e-02
1.638722243598479e-03	2.765255e-01	2.813010e-02
1.638932229467875e-03	2.706816e-01	2.958162e-02
1.639117087159937e-03	2.660167e-01	3.285490e-02
1.639233639805740e-03	2.631081e-01	3.769164e-02
1.639353689965735e-03	2.598566e-01	4.517813e-02
1.639455912700197e-03	2.570193e-01	5.258265e-02
1.639555927850613e-03	2.543512e-01	6.010480e-02
1.639715327044415e-03	2.502804e-01	7.062075e-02
1.639899747425841e-03	2.451295e-01	7.787837e-02
1.640091687762672e-03	2.412024e-01	8.340634e-02
1.640232279830268e-03	2.398117e-01	9.085809e-02
1.640403181554111e-03	2.382141e-01	1.041098e-01
1.640565613724000e-03	2.367654e-01	1.177560e-01
1.640755463964145e-03	2.359695e-01	1.314332e-01
1.640960046791364e-03	2.363557e-01	1.399065e-01
1.641106440771127e-03	2.372227e-01	1.400634e-01
1.641259791365732e-03	2.390210e-01	1.360723e-01
1.641399576532806e-03	2.413445e-01	1.308793e-01
1.641484209825905e-03	2.428526e-01	1.271392e-01
1.641591938913630e-03	2.447597e-01	1.221750e-01
1.641749187526542e-03	2.478531e-01	1.159993e-01
1.641897675682545e-03	2.512094e-01	1.123132e-01
1.642046419661121e-03	2.543604e-01	1.093219e-01
1.642130653658045e-03	2.559894e-01	1.058709e-01
1.642215487588504e-03	2.576029e-01	9.969771e-02
1.642302238181543e-03	2.591510e-01	9.111738e-02
1.642416620865199e-03	2.611335e-01	7.779026e-02
1.642537591807550e-03	2.633500e-01	6.295514e-02
1.642615776394548e-03	2.647734e-01	5.364617e-02
1.642713634980109e-03	2.663026e-01	4.315785e-02
1.642824033037295e-03	2.682332e-01	3.516199e-02
1.643004644637607e-03	2.711118e-01	3.136703e-02
1.643200248458505e-03	2.716342e-01	3.629515e-02
1.643412089796154e-03	2.676356e-01	4.649821e-02
1.643558952276026e-03	2.649332e-01	5.650704e-02
1.643678696877201e-03	2.632762e-01	6.531505e-02
1.643796899538980e-03	2.614493e-01	7.220629e-02
1.643925103988293e-03	2.592427e-01	7.632308e-02
1.644102099054164e-03	2.571254e-01	7.959101e-02
1.644209429164070e-03	2.563370e-01	8.228096e-02
1.644325097624676e-03	2.553306e-01	8.618112e-02
1.644446722917437e-03	2.543445e-01	9.099482e-02
1.644600807571227e-03	2.532235e-01	9.707339e-02
1.644783025209283e-03	2.521313e-01	1.023384e-01
1.645024780329213e-03	2.513527e-01	1.030851e-01
1.645255993893355e-03	2.513508e-01	9.474023e-02
1.645464976545275e-03	2.526541e-01	8.124870e-02
1.645595692481693e-03	2.537221e-01	7.159562e-02
1.645738436971165e-03	2.546152e-01	6.197140e-02
1.645879737941181e-03	2.553534e-01	5.558833e-02
1.646026956361098e-03	2.555893e-01	5.153073e-02
1.646170965591464e-03	2.549812e-01	4.617156e-02
1.646306515686459e-03	2.539400e-01	3.778400e-02
1.646449171955484e-03	2.525231e-01	2.647144e-02
1.646633939862813e-03	2.507474e-01	1.212482e-02
1.646818403145961e-03	2.489599e-01	1.632549e-03
1.646992344985909e-03	2.462975e-01	-2.652995e-03
1.647169900663722e-03	2.414718e-01	-2.165847e-03
1.647359410179955e-03	2.353527e-01	2.097934e-03
1.647481673814075e-03	2.317590e-01	6.606534e-03
1.647612130933018e-03	2.278370e-01	1.169908e-02
1.647755996436616e-03	2.234179e-01	1.647700e-02
1.647904402938737e-03	2.188474e-01	1.965208e-02
1.648037592277675e-03	2.147618e-01	2.065070e-02
1.648166876626495e-03	2.108894e-01	2.058198e-02
1.648479730013040e-03	2.016450e-01	1.919775e-02
1.648871557803614e-03	1.905332e-01	1.749483e-02
1.648991972833930e-03	1.872177e-01	1.764098e-02
1.649081036645560e-03	1.848090e-01	1.927234e-02
1.649152469344426e-03	1.829202e-01	2.260953e-02
1.649226665185227e-03	1.810549e-01	2.832159e-02
1.649350429935813e-03	1.780321e-01	4.073609e-02
1.649479749200988e-03	1.751074e-01	5.560599e-02
1.649656676804464e-03	1.711818e-01	7.534905e-02
1.649829521746642e-03	1.667775e-01	8.846830e-02
1.650021433010774e-03	1.623653e-01	9.337917e-02
1.650179814859594e-03	1.614485e-01	9.213535e-02
1.650360911180527e-03	1.619065e-01	8.636740e-02
1.650528792650464e-03	1.628716e-01	7.922710e-02
1.650694963287033e-03	1.636180e-01	7.159908e-02
1.650840051668784e-03	1.646787e-01	6.678371e-02
1.650998108591459e-03	1.659859e-01	6.408291e-02
1.651140498027222e-03	1.668980e-01	6.267509e-02
1.651218866441677e-03	1.673892e-01	6.184055e-02
1.651317793212190e-03	1.680926e-01	6.051579e-02
1.651426032080355e-03	1.688352e-01	5.884767e-02
1.651559118740103e-03	1.697098e-01	5.672695e-02
1.651715388298657e-03	1.707109e-01	5.464803e-02
1.651940233556016e-03	1.719315e-01	5.309469e-02
1.652106772647845e-03	1.726547e-01	5.456357e-02
1.652256213296203e-03	1.731658e-01	5.934772e-02
1.652400704013362e-03	1.734130e-01	6.639975e-02
1.652524194238038e-03	1.735228e-01	7.325928e-02
1.652658343553007e-03	1.737023e-01	8.038725e-02
1.652821887574818e-03	1.741062e-01	8.709046e-02
1.652969182800435e-03	1.745231e-01	8.869757e-02
1.653170271870857e-03	1.754631e-01	8.209381e-02
1.653360343120219e-03	1.774830e-01	6.875934e-02
1.653499123439271e-03	1.792658e-01	5.583525e-02
1.653650031211954e-03	1.810723e-01	4.146907e-02
1.653792404014620e-03	1.827263e-01	3.073566e-02
1.653946189128768e-03	1.841890e-01	2.430326e-02
1.654111917378989e-03	1.846918e-01	2.117478e-02
1.654274435552070e-03	1.838324e-01	1.781575e-02
1.654449435634280e-03	1.818708e-01	1.265848e-02
1.654632695827382e-03	1.800421e-01	7.861212e-03
1.654804929947134e-03	1.783403e-01	4.953831e-03
1.655018775212325e-03	1.749112e-01	3.584161e-03
1.655264466872747e-03	1.700181e-01	5.801395e-03
1.655535335967661e-03	1.642448e-01	1.138778e-02
1.655700248677123e-03	1.606952e-01	1.514858e-02
1.655845966351925e-03	1.575017e-01	1.757720e-02
1.655991296472916e-03	1.543730e-01	1.908781e-02
1.656111294167309e-03	1.518997e-01	2.077335e-02
1.656205165181928e-03	1.500116e-01	2.341536e-02
1.656309965480484e-03	1.480137e-01	2.801372e-02
1.656475514085222e-03	1.448916e-01	3.664151e-02
1.656629469749463e-03	1.420207e-01	4.436174e-02
1.656846120901534e-03	1.381991e-01	5.207667e-02
1.657046421426771e-03	1.350169e-01	5.546364e-02
1.657244840725461e-03	1.337678e-01	5.925713e-02
1.657414158963977e-03	1.334346e-01	6.395626e-02
1.657596582067491e-03	1.332321e-01	6.928889e-02
1.657791330097639e-03	1.331742e-01	7.330047e-02
1.658027522395789e-03	1.336743e-01	7.349898e-02
1.658200060737478e-03	1.343983e-01	6.717564e-02
1.658406813891504e-03	1.362615e-01	5.289979e-02
1.658544258108441e-03	1.379891e-01	4.177117e-02
1.658686326221880e-03	1.395806e-01	3.062461e-02
1.658843053606930e-03	1.411995e-01	2.163292e-02
1.658991933947816e-03	1.424579e-01	1.776421e-02
1.659170226759602e-03	1.428840e-01	1.672642e-02
1.659337233166442e-03	1.420351e-01	1.615496e-02
1.659514358534663e-03	1.405864e-01	1.561216e-02
1.659676098841728e-03	1.392512e-01	1.550987e-02
1.659855658651391e-03	1.377616e-01	1.564522e-02
1.660035522101831e-03	1.358990e-01	1.488979e-02
1.660182533116787e-03	1.340341e-01	1.219672e-02
1.660373314936886e-03	1.315142e-01	5.969599e-03
1.660582250893589e-03	1.289647e-01	-1.741961e-03
1.660780314320129e-03	1.262963e-01	-8.124128e-03
1.660953741440115e-03	1.235741e-01	-1.077029e-02
1.661142831135743e-03	1.202479e-01	-8.170605e-03
1.661353506563320e-03	1.160593e-01	5.974025e-04
1.661508598182042e-03	1.128723e-01	9.631902e-03
1.661636486688708e-03	1.103344e-01	1.746258e-02
1.661768708155357e-03	1.077453e-01	2.393290e-02
1.661957742116011e-03	1.041497e-01	2.894650e-02
1.662147671595587e-03	1.009382e-01	3.041139e-02
1.662301153749913e-03	9.882057e-02	3.073804e-02
1.662477092480438e-03	9.672841e-02	3.118075e-02
1.662661432320396e-03	9.487680e-02	3.152114e-02
1.662962655838092e-03	9.256986e-02	3.250006e-02
1.663148407260011e-03	9.185764e-02	3.552224e-02
1.663309935888160e-03	9.143533e-02	4.135177e-02
1.663480295213817e-03	9.103955e-02	4.976453e-02
1.663663181947195e-03	9.068483e-02	5.861336e-02
1.663846727691555e-03	9.069075e-02	6.471139e-02
1.664074385473177e-03	9.194556e-02	6.939359e-02
1.664258891435655e-03	9.402592e-02	7.431321e-02
1.664436904009469e-03	9.634617e-02	8.101876e-02
1.664619114482939e-03	9.890892e-02	8.820315e-02
1.664833015341163e-03	1.023712e-01	9.442860e-02
1.665038270603564e-03	1.059017e-01	9.633964e-02
1.665234073394146e-03	1.103056e-01	9.579073e-02
1.665435247646405e-03	1.157311e-01	9.447467e-02
1.665590879844128e-03	1.201406e-01	9.323162e-02
1.665774670159437e-03	1.254221e-01	9.186785e-02
1.665961922966169e-03	1.308387e-01	9.063499e-02
1.666083243882943e-03	1.343000e-01	8.898561e-02
1.666159027682390e-03	1.364317e-01	8.653426e-02
1.666234622257215e-03	1.385163e-01	8.252029e-02
1.666335900449877e-03	1.411738e-01	7.553121e-02
1.666482661714119e-03	1.450843e-01	6.418756e-02
1.666607745280884e-03	1.484284e-01	5.452010e-02
1.666723862559715e-03	1.512910e-01	4.648593e-02
1.666850240696388e-03	1.542335e-01	4.111258e-02
1.667094520122594e-03	1.595655e-01	3.928881e-02
1.667317212115072e-03	1.648136e-01	4.455189e-02
1.667559137438954e-03	1.653026e-01	4.912013e-02
1.667744064819607e-03	1.640027e-01	5.148178e-02
1.667870599759452e-03	1.638180e-01	5.312105e-02
1.667999664349931e-03	1.638738e-01	5.370770e-02
1.668127286658233e-03	1.641790e-01	5.311662e-02
1.668234998561595e-03	1.644484e-01	5.161844e-02
1.668341401108716e-03	1.646675e-01	4.943216e-02
1.668419299262491e-03	1.647751e-01	4.751340e-02
1.668501601970488e-03	1.648161e-01	4.529536e-02
1.668587419009273e-03	1.648232e-01	4.299727e-02
1.668701624716281e-03	1.648116e-01	4.025438e-02
1.668830293567616e-03	1.647613e-01	3.801918e-02
1.668996645019288e-03	1.644430e-01	3.589556e-02
1.669151615586459e-03	1.637263e-01	3.274688e-02
1.669281700624192e-03	1.629326e-01	2.796523e-02
1.669421931427976e-03	1.620301e-01	2.102396e-02
1.669590618939654e-03	1.609474e-01	1.238839e-02
1.669778948627321e-03	1.596794e-01	4.696652e-03
1.669965912426123e-03	1.578827e-01	1.539394e-03
1.670147364609056e-03	1.551309e-01	5.392626e-03
1.670338210097165e-03	1.515947e-01	1.720859e-02
1.670490234473019e-03	1.486036e-01	3.036307e-02
1.670623879583863e-03	1.461037e-01	4.259312e-02
1.670764348454570e-03	1.435365e-01	5.299477e-02
1.670950852800134e-03	1.400038e-01	6.011625e-02
1.671157389108234e-03	1.373734e-01	6.266659e-02
1.671325366545440e-03	1.371490e-01	6.461507e-02
1.671509874624080e-03	1.371762e-01	6.669860e-02
1.671682211399086e-03	1.372625e-01	6.816521e-02
1.671852953087799e-03	1.374882e-01	6.882946e-02
1.672077220347015e-03	1.384380e-01	6.895944e-02
1.672318761074678e-03	1.401250e-01	6.866415e-02
1.672589841657537e-03	1.426015e-01	6.824432e-02
1.672928623233366e-03	1.458546e-01	6.684087e-02
1.673084738209692e-03	1.473460e-01	6.338784e-02
1.673181190941943e-03	1.482707e-01	5.722158e-02
1.673263310343753e-03	1.490760e-01	4.855159e-02
1.673344655833184e-03	1.498718e-01	3.788856e-02
1.673427620858808e-03	1.505471e-01	2.559878e-02
1.673567904343001e-03	1.517460e-01	4.572406e-03
1.673725502766615e-03	1.534636e-01	-1.500730e-02
1.673919396900995e-03	1.545250e-01	-2.966634e-02
1.674094363858888e-03	1.537095e-01	-3.247124e-02
1.674306313296556e-03	1.488530e-01	-2.911891e-02
1.674483767489223e-03	1.444525e-01	-2.289205e-02
1.674612979850722e-03	1.415275e-01	-1.726465e-02
1.674775611630031e-03	1.378453e-01	-1.109235e-02
1.674934499285762e-03	1.342857e-01	-7.180423e-03
1.675070014876287e-03	1.312005e-01	-5.397543e-03
1.675157332083651e-03	1.291564e-01	-4.104123e-03
1.675234415723346e-03	1.273089e-01	-2.309591e-03
1.675308130493595e-03	1.255228e-01	-1.290590e-04
1.675382316827577e-03	1.237345e-01	2.407670e-03
1.675469090460955e-03	1.216505e-01	5.600616e-03
1.675598347184603e-03	1.185857e-01	1.026754e-02
1.675775991886116e-03	1.144117e-01	1.537810e-02
1.675972238203108e-03	1.100075e-01	1.979282e-02
1.676156143026699e-03	1.063774e-01	2.688454e-02
1.676303133215933e-03	1.038055e-01	3.827567e-02
1.676458534136040e-03	1.013136e-01	5.506499e-02
1.676632644225542e-03	9.862773e-02	7.415971e-02
1.676811545994133e-03	9.507826e-02	8.831054e-02
1.676973394743418e-03	9.338251e-02	9.355196e-02
1.677138237189948e-03	9.396817e-02	8.807169e-02
1.677315251227851e-03	9.502408e-02	6.932300e-02
1.677466628711907e-03	9.672800e-02	4.711349e-02
1.677583407328933e-03	9.845780e-02	2.877635e-02
1.677703334757349e-03	1.001963e-01	1.148218e-02
1.677831751531612e-03	1.021139e-01	-2.130389e-03
1.677975077608163e-03	1.039122e-01	-9.178385e-03
1.678108710924513e-03	1.053309e-01	-6.568767e-03
1.678277935757694e-03	1.060005e-01	5.807862e-03
1.678462400360524e-03	1.038212e-01	2.291784e-02
1.678588328455253e-03	1.019228e-01	3.575166e-02
1.678717245750354e-03	1.008662e-01	4.883818e-02
1.678821055296041e-03	1.002107e-01	5.721952e-02
1.678924667980069e-03	9.950669e-02	6.176074e-02
1.679064710058175e-03	9.903091e-02	6.319581e-02
1.679213126924552e-03	9.953001e-02	6.230582e-02
1.679356936663583e-03	1.002818e-01	6.001435e-02
1.679514246338592e-03	1.012929e-01	5.677418e-02
1.679702776270589e-03	1.027995e-01	5.306326e-02
1.679881342343927e-03	1.044585e-01	5.043699e-02
1.680076607428066e-03	1.060885e-01	4.699957e-02
1.680163302704463e-03	1.067400e-01	4.335643e-02
1.680246940665777e-03	1.074071e-01	3.737566e-02
1.680329187864404e-03	1.080945e-01	3.000389e-02
1.680412203987751e-03	1.086990e-01	2.145837e-02
1.680538482513291e-03	1.095950e-01	8.052260e-03
1.680710614348191e-03	1.110418e-01	-7.512800e-03
1.680910426220819e-03	1.122737e-01	-1.821391e-02
1.681103149940358e-03	1.118213e-01	-1.943371e-02
1.681302787939814e-03	1.082070e-01	-1.466164e-02
1.681471496932166e-03	1.052393e-01	-6.545663e-03
1.681599243002178e-03	1.032107e-01	6.736815e-04
1.681753971843890e-03	1.006600e-01	8.313105e-03
1.681903029311653e-03	9.825474e-02	1.305853e-02
1.682044022538293e-03	9.587486e-02	1.338701e-02
1.682205241591856e-03	9.322344e-02	8.670524e-03
1.682368297786058e-03	9.096774e-02	3.916621e-04
1.682486032977290e-03	8.947918e-02	-6.937727e-03
1.682606495235517e-03	8.785519e-02	-1.482928e-02
1.682704036034460e-03	8.649956e-02	-2.069390e-02
1.682804694229348e-03	8.505096e-02	-2.550165e-02
1.682926710651584e-03	8.325788e-02	-2.846379e-02
1.683077298427830e-03	8.076744e-02	-2.599259e-02
1.683214051764396e-03	7.830133e-02	-1.553530e-02
1.683370686207570e-03	7.540053e-02	4.687190e-03
1.683486366864319e-03	7.327691e-02	2.269012e-02
1.683616542524656e-03	7.118915e-02	4.349013e-02
1.683761459805616e-03	6.901091e-02	6.260026e-02
1.683941894427991e-03	6.616957e-02	7.620862e-02
1.684105281267228e-03	6.333892e-02	7.925718e-02
1.684249182049118e-03	6.234333e-02	7.987162e-02
1.684445106300836e-03	6.428206e-02	8.318324e-02
1.684636237930572e-03	6.625944e-02	8.552639e-02
1.684836087646480e-03	6.870282e-02	8.678287e-02
1.685022521896833e-03	7.173209e-02	8.530106e-02
1.685191667357476e-03	7.441632e-02	7.748164e-02
1.685366517955922e-03	7.824378e-02	6.333336e-02
1.685515641680997e-03	8.213720e-02	4.869366e-02
1.685669169728163e-03	8.612004e-02	3.378391e-02
1.685812092123260e-03	8.967137e-02	2.310967e-02
1.685969666557544e-03	9.304452e-02	1.694582e-02
1.686131652840687e-03	9.655726e-02	1.627229e-02
1.686302976751746e-03	9.962007e-02	1.774231e-02
1.686500692014979e-03	1.012483e-01	1.870072e-02
1.686711650418100e-03	1.008889e-01	1.839094e-02
1.686855423379806e-03	1.004529e-01	1.819187e-02
1.686994428336810e-03	1.001365e-01	1.754308e-02
1.687147572461008e-03	9.958294e-02	1.440121e-02
1.687321848523893e-03	9.893417e-02	7.418647e-03
1.687502278765785e-03	9.849681e-02	-1.727283e-03
1.687670407624930e-03	9.794153e-02	-1.022501e-02
1.687818963019029e-03	9.684537e-02	-1.617863e-02
1.687986416019633e-03	9.515384e-02	-1.763386e-02
1.688160606414379e-03	9.294355e-02	-9.078667e-03
1.688334029541968e-03	9.031774e-02	1.066816e-02
1.688496692591773e-03	8.774380e-02	3.570703e-02
1.688635556021855e-03	8.565803e-02	5.768146e-02
1.688782461883078e-03	8.352053e-02	7.605699e-02
1.688964042264757e-03	8.005461e-02	8.637962e-02
1.689138939497668e-03	7.991312e-02	8.779047e-02
1.689306890281168e-03	8.178990e-02	8.399455e-02
1.689489349721020e-03	8.356549e-02	7.628869e-02
1.689688334581549e-03	8.624774e-02	6.774247e-02
1.689846540158882e-03	8.893356e-02	6.275626e-02
1.689987128208807e-03	9.135437e-02	6.011897e-02
1.690079551645005e-03	9.289171e-02	5.863884e-02
1.690181527721418e-03	9.462032e-02	5.517626e-02
1.690234921788910e-03	9.549221e-02	5.230416e-02
1.690341709923894e-03	9.716071e-02	4.527569e-02
1.690477705291690e-03	9.934832e-02	3.539827e-02
1.690625704513481e-03	1.018442e-01	2.515827e-02
1.690826275206250e-03	1.053271e-01	1.540661e-02
1.691035910482128e-03	1.081522e-01	1.097664e-02
1.691248148842715e-03	1.086997e-01	8.938387e-03
1.691433203749222e-03	1.077299e-01	7.124811e-03
1.691633815950792e-03	1.064389e-01	5.555481e-03
1.691803555065743e-03	1.054066e-01	4.911467e-03
1.691993594213138e-03	1.041793e-01	5.701572e-03
1.692112231506952e-03	1.032894e-01	9.091780e-03
1.692216710340159e-03	1.023333e-01	1.592910e-02
1.692316154643487e-03	1.013920e-01	2.563582e-02
1.692438553887751e-03	1.001670e-01	3.987880e-02
1.692562065535476e-03	9.886034e-02	5.468442e-02
1.692725910432008e-03	9.675798e-02	7.127111e-02
1.692903560240698e-03	9.561028e-02	8.306240e-02
1.693070987992774e-03	9.625381e-02	8.759117e-02
1.693268702371210e-03	9.792827e-02	8.818705e-02
1.693456521079185e-03	1.003240e-01	8.796449e-02
1.693652957377543e-03	1.034619e-01	8.752780e-02
1.693903093334151e-03	1.080327e-01	8.696130e-02
1.694095063833517e-03	1.119406e-01	8.701195e-02
1.694329530084524e-03	1.175195e-01	8.843935e-02
1.694546590290250e-03	1.228987e-01	9.025599e-02
1.694769981857305e-03	1.285229e-01	9.174451e-02
1.695016312604540e-03	1.348099e-01	9.138732e-02
1.695159812248587e-03	1.384834e-01	8.812119e-02
1.695289318552345e-03	1.418431e-01	8.186011e-02
1.695411313154776e-03	1.449509e-01	7.391213e-02
1.695565144907088e-03	1.488834e-01	6.312564e-02
1.695698760348355e-03	1.522399e-01	5.463304e-02
1.695845290036223e-03	1.556487e-01	4.809383e-02
1.696018709681255e-03	1.593188e-01	4.510853e-02
1.696241342094123e-03	1.644125e-01	4.680742e-02
1.696474726127645e-03	1.669400e-01	4.830056e-02
1.696685136615882e-03	1.668057e-01	4.813163e-02
1.696892814911600e-03	1.667205e-01	4.810472e-02
1.697031570536719e-03	1.671063e-01	4.733051e-02
1.697130625917951e-03	1.671343e-01	4.385763e-02
1.697253982317783e-03	1.670092e-01	3.528363e-02
1.697369219349393e-03	1.669263e-01	2.451989e-02
1.697514214774372e-03	1.667733e-01	9.258360e-03
1.697676011977595e-03	1.664671e-01	-6.508924e-03
1.697861541966172e-03	1.660172e-01	-1.861054e-02
1.698041243229197e-03	1.636488e-01	-2.446408e-02
1.698220241600700e-03	1.593730e-01	-2.769385e-02
1.698398442628979e-03	1.548645e-01	-3.042923e-02
1.698540538923607e-03	1.514610e-01	-3.238417e-02
1.698703791990924e-03	1.474421e-01	-3.430828e-02
1.698883633565970e-03	1.428476e-01	-3.569151e-02
1.699032017299612e-03	1.388568e-01	-3.528076e-02
1.699218570451387e-03	1.336227e-01	-3.135302e-02
1.699418648351851e-03	1.278450e-01	-2.378621e-02
1.699619913610829e-03	1.219474e-01	-1.483135e-02
1.699760708716498e-03	1.178364e-01	-9.247154e-03
1.699885641592635e-03	1.142259e-01	-5.947173e-03
1.700010660970953e-03	1.106671e-01	-4.149616e-03
1.700125601834827e-03	1.074760e-01	-2.381995e-03
1.700223122485096e-03	1.048144e-01	2.943426e-04
1.700328649875699e-03	1.020166e-01	4.585296e-03
1.700532551578192e-03	9.672680e-02	1.415801e-02
1.700729213840003e-03	9.174652e-02	2.216046e-02
1.700969174333164e-03	8.597253e-02	2.744617e-02
1.701203272360749e-03	8.078939e-02	2.787085e-02
1.701448001091593e-03	7.645775e-02	2.635516e-02
1.701741148925129e-03	7.141849e-02	2.373354e-02
1.702029858342734e-03	6.731755e-02	2.084170e-02
1.702240335315103e-03	6.492655e-02	1.620334e-02
1.702448535624480e-03	6.315155e-02	8.480296e-03
1.702597893019909e-03	6.226274e-02	2.225265e-03
1.702726860736470e-03	6.144035e-02	-2.855942e-03
1.702839511262469e-03	6.065443e-02	-6.246179e-03
1.702953247925947e-03	5.978769e-02	-8.216336e-03
1.703074309977845e-03	5.869651e-02	-9.494662e-03
1.703181740696707e-03	5.758400e-02	-1.117513e-02
1.703319705635250e-03	5.611059e-02	-1.449628e-02
1.703452232856594e-03	5.466075e-02	-1.835927e-02
1.703609965039245e-03	5.291349e-02	-2.295988e-02
1.703807528664756e-03	5.058441e-02	-2.741321e-02
1.704009239027672e-03	4.787356e-02	-2.830300e-02
1.704134655695082e-03	4.606542e-02	-2.338216e-02
1.704258738818290e-03	4.424950e-02	-1.176593e-02
1.704382391479624e-03	4.240449e-02	4.484490e-03
1.704502775422389e-03	4.071754e-02	2.259365e-02
1.704638733166411e-03	3.900982e-02	4.268932e-02
1.704796791563601e-03	3.710085e-02	6.071351e-02
1.704987178263104e-03	3.424117e-02	6.854300e-02
1.705170909821703e-03	3.182173e-02	5.993746e-02
1.705305100423187e-03	3.254932e-02	4.524545e-02
1.705473692291182e-03	3.396788e-02	1.938963e-02
1.705588774404180e-03	3.536069e-02	8.880794e-04
1.705706685121671e-03	3.657007e-02	-1.674639e-02
1.705827521008511e-03	3.777780e-02	-3.039293e-02
1.705957157716171e-03	3.890249e-02	-3.762767e-02
1.706087604602974e-03	3.999823e-02	-3.558689e-02
1.706247520743058e-03	3.886510e-02	-2.543058e-02
1.706403875177486e-03	3.630234e-02	-1.057012e-02
1.706520644033662e-03	3.506418e-02	3.501877e-03
1.706629362290507e-03	3.408916e-02	1.679325e-02
1.706748043925744e-03	3.300488e-02	2.894488e-02
1.706910115750872e-03	3.145112e-02	3.883556e-02
1.707103541763397e-03	2.999270e-02	4.290918e-02
1.707255636333088e-03	3.018339e-02	4.464993e-02
1.707400153139238e-03	3.109218e-02	4.667994e-02
1.707560211218667e-03	3.207758e-02	4.861289e-02
1.707751313897377e-03	3.356618e-02	5.040610e-02
1.707939292139559e-03	3.561857e-02	5.180579e-02
1.708315248623923e-03	4.114661e-02	5.571555e-02
1.708624455237646e-03	4.635061e-02	6.015614e-02
1.708885621932719e-03	5.094782e-02	6.296621e-02
1.709084745134553e-03	5.473123e-02	6.327519e-02
1.709308506619629e-03	5.964163e-02	6.241842e-02
1.709487685568408e-03	6.380330e-02	6.133272e-02
1.709663512227339e-03	6.789725e-02	6.016184e-02
1.709851796760377e-03	7.227883e-02	5.920814e-02
1.710065547141549e-03	7.707886e-02	5.790640e-02
1.710192748011339e-03	7.978380e-02	5.597606e-02
1.710338711443282e-03	8.283003e-02	5.220896e-02
1.710486793954386e-03	8.581942e-02	4.760024e-02
1.710702667572007e-03	9.006587e-02	4.133388e-02
1.710901622994501e-03	9.415969e-02	3.766254e-02
1.711149548628281e-03	9.795776e-02	3.250478e-02
1.711308401392407e-03	9.937835e-02	2.568305e-02
1.711494426442030e-03	1.009983e-01	1.485991e-02
1.711666958038252e-03	1.023896e-01	5.321153e-03
1.711868288053184e-03	1.035751e-01	-1.932397e-03
1.712107461040670e-03	1.032220e-01	-6.418474e-03
1.712303470440734e-03	1.011216e-01	-1.012562e-02
1.712485206554966e-03	9.895158e-02	-1.385341e-02
1.712680041872375e-03	9.665337e-02	-1.737324e-02
1.712869124982808e-03	9.411913e-02	-1.969143e-02
1.713028433462750e-03	9.169231e-02	-1.873775e-02
1.713153968451934e-03	8.963425e-02	-1.279883e-02
1.713274194409194e-03	8.757317e-02	-1.305714e-03
1.713398285503291e-03	8.539824e-02	1.468667e-02
1.713527629685286e-03	8.321889e-02	3.327584e-02
1.713666224141781e-03	8.104488e-02	5.218177e-02
1.713831391588707e-03	7.849276e-02	6.812321e-02
1.714030940521591e-03	7.465209e-02	7.226561e-02
1.714195473434662e-03	7.296453e-02	6.257391e-02
1.714341271127323e-03	7.372358e-02	4.545204e-02
1.714501752394592e-03	7.493153e-02	2.103543e-02
1.714614581157618e-03	7.589588e-02	3.323689e-03
1.714728709521333e-03	7.672402e-02	-1.269117e-02
1.714852120560934e-03	7.749090e-02	-2.525585e-02
1.714977347353384e-03	7.832514e-02	-3.001473e-02
1.715127142140265e-03	7.858942e-02	-2.498571e-02
1.715285815189538e-03	7.605527e-02	-1.198310e-02
1.715429279507376e-03	7.376145e-02	5.856693e-03
1.715543470664470e-03	7.230216e-02	2.230845e-02
1.715668023030867e-03	7.085855e-02	3.958887e-02
1.715799007811877e-03	6.932291e-02	5.333428e-02
1.715981218813452e-03	6.658292e-02	6.117909e-02
1.716166128251000e-03	6.549196e-02	5.904113e-02
1.716351423428807e-03	6.703353e-02	5.127832e-02
1.716500769022097e-03	6.824915e-02	4.199469e-02
1.716637317329295e-03	6.933968e-02	3.300737e-02
1.716785372754875e-03	7.067883e-02	2.493145e-02
1.716918738933573e-03	7.189250e-02	2.046819e-02
1.717047914725647e-03	7.289103e-02	1.861109e-02
1.717177741088541e-03	7.353079e-02	1.717925e-02
1.717296388948616e-03	7.391815e-02	1.525764e-02
1.717423512787304e-03	7.425888e-02	1.274228e-02
1.717583569453381e-03	7.454783e-02	9.494886e-03
1.717766048846412e-03	7.468547e-02	6.637558e-03
1.718009960279553e-03	7.425195e-02	3.542989e-03
1.718178902087898e-03	7.340178e-02	-2.727211e-04
1.718332763459985e-03	7.241684e-02	-6.391436e-03
1.718496843542759e-03	7.136926e-02	-1.452503e-02
1.718703300305620e-03	6.994464e-02	-2.407672e-02
1.718896912741726e-03	6.808288e-02	-2.959922e-02
1.719104007131506e-03	6.529430e-02	-2.890059e-02
1.719307657565570e-03	6.191789e-02	-2.120431e-02
1.719476624259294e-03	5.906296e-02	-1.084593e-02
1.719610520816488e-03	5.686292e-02	-1.800463e-03
1.719745688842486e-03	5.467553e-02	6.180674e-03
1.719892460213948e-03	5.228899e-02	1.156667e-02
1.720075991809275e-03	4.937345e-02	1.349571e-02
1.720280141909492e-03	4.653376e-02	1.266322e-02
1.720447761393420e-03	4.457937e-02	1.123522e-02
1.720629622302042e-03	4.266889e-02	9.508103e-03
1.720866614625713e-03	4.059769e-02	7.979572e-03
1.721129751690322e-03	3.860307e-02	7.157341e-03
1.721379102343577e-03	3.683560e-02	6.477758e-03
1.721603140415242e-03	3.546332e-02	5.807951e-03
1.721836740184989e-03	3.424847e-02	5.258322e-03
1.721982344564383e-03	3.355920e-02	5.419835e-03
1.722100745710183e-03	3.305635e-02	6.887674e-03
1.722189233975937e-03	3.270966e-02	9.616792e-03
1.722280053828675e-03	3.242616e-02	1.404026e-02
1.722397784252469e-03	3.206715e-02	2.106893e-02
1.722526620662079e-03	3.165831e-02	2.923810e-02
1.722708552922645e-03	3.106874e-02	3.945574e-02
1.722892683991965e-03	3.097256e-02	4.623310e-02
1.723090270950880e-03	3.195684e-02	5.016388e-02
1.723258956142033e-03	3.366865e-02	5.375409e-02
1.723430394821486e-03	3.571826e-02	5.868699e-02
1.723607508438474e-03	3.808814e-02	6.389467e-02
1.723856018535518e-03	4.180549e-02	6.846957e-02
1.724094671416766e-03	4.580408e-02	6.612495e-02
1.724265668286835e-03	4.893534e-02	5.669756e-02
1.724446981165854e-03	5.327402e-02	4.105264e-02
1.724577759197237e-03	5.663547e-02	2.867013e-02
1.724720155011290e-03	5.990373e-02	1.646550e-02
1.724896991436366e-03	6.365146e-02	6.485000e-03
1.725056545805744e-03	6.702692e-02	2.309211e-03
1.725213150008870e-03	6.920194e-02	-2.389640e-03
1.725379173413178e-03	7.039681e-02	-1.072767e-02
1.725552335771637e-03	7.087149e-02	-2.089997e-02
1.725770081657922e-03	7.084533e-02	-3.086959e-02
1.726037587978746e-03	6.711683e-02	-3.978056e-02
1.726235653959323e-03	6.486054e-02	-4.277153e-02
1.726406703865939e-03	6.240353e-02	-4.565234e-02
1.726596310000511e-03	5.902480e-02	-4.950641e-02
1.726896122913812e-03	5.402745e-02	-5.313051e-02
1.727057505861883e-03	5.118045e-02	-5.066858e-02
1.727181554511330e-03	4.878847e-02	-4.144602e-02
1.727321207463291e-03	4.604106e-02	-2.245814e-02
1.727465770442968e-03	4.309513e-02	2.250895e-03
1.727596232898731e-03	4.043709e-02	2.560908e-02
1.727732480190271e-03	3.773674e-02	4.701772e-02
1.727888708724762e-03	3.480034e-02	6.292085e-02
1.728051695938524e-03	3.242248e-02	6.363991e-02
1.728298947714217e-03	2.821901e-02	3.827906e-02
1.728424679431687e-03	2.634297e-02	1.693399e-02
1.728528436276635e-03	2.563863e-02	-3.297195e-03
1.728623166347083e-03	2.533755e-02	-2.129155e-02
1.728719481496050e-03	2.514040e-02	-3.778863e-02
1.728803407742553e-03	2.481474e-02	-4.983800e-02
1.728876258394252e-03	2.435465e-02	-5.761017e-02
1.728949684741605e-03	2.386163e-02	-6.189970e-02
1.729041686497442e-03	2.320452e-02	-6.304913e-02
1.729174486626766e-03	2.158205e-02	-6.166731e-02
1.729314122381563e-03	1.917078e-02	-5.903791e-02
1.729419427880326e-03	1.763244e-02	-5.593404e-02
1.729526472130914e-03	1.615129e-02	-5.230770e-02
1.729640746810953e-03	1.447716e-02	-4.864534e-02
1.729799215535228e-03	1.206726e-02	-4.465872e-02
1.729970242093572e-03	9.438202e-03	-4.130296e-02
1.730149234661476e-03	6.694049e-03	-3.605035e-02
1.730254240646106e-03	5.072951e-03	-2.994131e-02
1.730350861477502e-03	3.561214e-03	-2.173719e-02
1.730447225294135e-03	2.047956e-03	-1.236397e-02
1.730551180659387e-03	4.430562e-04	-1.949459e-03
1.730707778299822e-03	-1.940504e-03	1.210037e-02
1.730879126624684e-03	-4.506856e-03	2.154455e-02
1.731097438044694e-03	-7.578418e-03	2.021629e-02
1.731322768202618e-03	-1.048748e-02	3.850549e-03
1.731518296563570e-03	-1.275545e-02	-1.843713e-02
1.731647020776284e-03	-1.360089e-02	-3.334610e-02
1.731782219214017e-03	-1.457606e-02	-4.701039e-02
1.731867653682661e-03	-1.533091e-02	-5.350266e-02
1.731939030413119e-03	-1.601842e-02	-5.667778e-02
1.732012421571411e-03	-1.668569e-02	-5.736273e-02
1.732125624136704e-03	-1.792249e-02	-5.501777e-02
1.732235636999099e-03	-1.919879e-02	-5.001791e-02
1.732336975980590e-03	-2.033874e-02	-4.334620e-02
1.732458495149553e-03	-2.171342e-02	-3.391922e-02
1.732595701654772e-03	-2.329442e-02	-2.302779e-02
1.732738366617876e-03	-2.493696e-02	-1.297887e-02
1.732869050178137e-03	-2.644438e-02	-6.847233e-03
1.733037192634689e-03	-2.832776e-02	-3.865674e-03
1.733216802907704e-03	-3.010768e-02	-3.936812e-03
1.733365934903327e-03	-3.150284e-02	-5.094096e-03
1.733546623131582e-03	-3.319711e-02	-6.937519e-03
1.733772058642889e-03	-3.506393e-02	-8.848846e-03
1.734027327764500e-03	-3.688429e-02	-1.125695e-02
1.734182531760348e-03	-3.791403e-02	-1.515155e-02
1.734313908648245e-03	-3.870998e-02	-2.144620e-02
1.734441355243778e-03	-3.935339e-02	-2.933545e-02
1.734575543149526e-03	-3.993475e-02	-3.811029e-02
1.734701823626311e-03	-4.048067e-02	-4.567487e-02
1.734831604009505e-03	-4.116176e-02	-5.167974e-02
1.734954999946528e-03	-4.189916e-02	-5.401963e-02
1.735109339448232e-03	-4.300370e-02	-4.985359e-02
1.735281098130604e-03	-4.456207e-02	-3.616444e-02
1.735427315921245e-03	-4.585720e-02	-1.861754e-02
1.735543082544360e-03	-4.673558e-02	-2.764657e-03
1.735671196873364e-03	-4.759076e-02	1.402538e-02
1.735807340043366e-03	-4.849403e-02	2.816644e-02
1.735943911532063e-03	-4.947410e-02	3.558414e-02
1.736143258899499e-03	-5.078168e-02	3.738780e-02
1.736341587660199e-03	-5.125199e-02	3.590974e-02
1.736551875219143e-03	-5.020215e-02	3.422965e-02
1.736776659426534e-03	-4.703324e-02	3.361623e-02
1.736981589867747e-03	-4.376824e-02	3.339779e-02
1.737196471836567e-03	-3.999364e-02	3.404057e-02
1.737435921977006e-03	-3.542240e-02	3.563239e-02
1.737639835297188e-03	-3.134069e-02	3.707539e-02
1.737871338879272e-03	-2.628930e-02	3.832150e-02
1.738039207364415e-03	-2.249329e-02	3.751603e-02
1.738150763717059e-03	-1.997104e-02	3.416392e-02
1.738260892119565e-03	-1.745333e-02	2.774264e-02
1.738364013001204e-03	-1.519874e-02	1.957770e-02
1.738520723804145e-03	-1.172148e-02	5.756766e-03
1.738666355348117e-03	-8.505672e-03	-6.035462e-03
1.738868404620497e-03	-3.942385e-03	-1.662994e-02
1.739080012621365e-03	9.124801e-04	-2.010600e-02
1.739280009713801e-03	3.012195e-03	-2.197748e-02
1.739491873399202e-03	3.016323e-03	-2.523372e-02
1.739686790983375e-03	1.588956e-03	-2.897523e-02
1.739828244775570e-03	9.072572e-04	-3.054122e-02
1.739964918113482e-03	2.186000e-04	-3.140156e-02
1.740127511241476e-03	-7.127970e-04	-3.285187e-02
1.740328833385084e-03	-2.024844e-03	-3.644741e-02
1.740483370325466e-03	-3.208712e-03	-4.035667e-02
1.740656467383303e-03	-4.798174e-03	-4.496793e-02
1.740833029022459e-03	-6.636962e-03	-4.835236e-02
1.741039024906036e-03	-9.076536e-03	-4.786380e-02
1.741166666975652e-03	-1.048918e-02	-4.112931e-02
1.741298548157723e-03	-1.201864e-02	-2.691117e-02
1.741436180988530e-03	-1.369511e-02	-7.574648e-03
1.741564756186986e-03	-1.527381e-02	1.186834e-02
1.741704227078424e-03	-1.674160e-02	3.120793e-02
1.741867318857305e-03	-1.783252e-02	4.686327e-02
1.742072243847701e-03	-2.002783e-02	5.419302e-02
1.742258811729056e-03	-2.181840e-02	5.543658e-02
1.742440824071461e-03	-2.244639e-02	5.627643e-02
1.742649933224803e-03	-2.023476e-02	5.906002e-02
1.742875576244794e-03	-1.688433e-02	6.087810e-02
1.743094197517474e-03	-1.329273e-02	5.878745e-02
1.743344947957250e-03	-8.881509e-03	5.013275e-02
1.743605403358228e-03	-1.777902e-03	3.935052e-02
1.743749184245241e-03	2.481401e-03	3.394365e-02
1.743893354189038e-03	6.391287e-03	3.029801e-02
1.744055436022925e-03	1.050915e-02	2.826911e-02
1.744202233448006e-03	1.384713e-02	2.640148e-02
1.744345044120817e-03	1.687486e-02	2.366118e-02
1.744492705814247e-03	1.982252e-02	2.027622e-02
1.744718196934157e-03	2.432391e-02	1.606156e-02
1.744973741308014e-03	2.942894e-02	1.476976e-02
1.745226119384939e-03	3.270251e-02	1.696477e-02
1.745493631930891e-03	3.422150e-02	2.178982e-02
1.745635605333789e-03	3.490081e-02	2.505748e-02
1.745759716105458e-03	3.570899e-02	2.785639e-02
1.745882968512447e-03	3.647746e-02	2.963530e-02
1.746033560197489e-03	3.751525e-02	3.062619e-02
1.746181955560630e-03	3.881511e-02	3.134075e-02
1.746571229612260e-03	4.225503e-02	3.375942e-02
1.746916984619635e-03	4.542755e-02	3.539614e-02
1.747110580816513e-03	4.737891e-02	3.661297e-02
1.747238981342495e-03	4.876447e-02	3.847083e-02
1.747381488497711e-03	5.034609e-02	4.171126e-02
1.747555533081115e-03	5.220874e-02	4.607114e-02
1.747719820166842e-03	5.395366e-02	4.959798e-02
1.747930049769095e-03	5.640988e-02	5.204363e-02
1.748068069089689e-03	5.819084e-02	4.999642e-02
1.748167508019697e-03	5.941598e-02	4.347205e-02
1.748275162340418e-03	6.071475e-02	3.104505e-02
1.748391425750406e-03	6.232287e-02	1.413645e-02
1.748506215390646e-03	6.397274e-02	-4.159793e-03
1.748657145052341e-03	6.622989e-02	-2.683282e-02
1.748820709864404e-03	6.862584e-02	-4.486041e-02
1.748992251218341e-03	7.111382e-02	-5.078032e-02
1.749172533309191e-03	6.950388e-02	-4.464214e-02
1.749346733879312e-03	6.516806e-02	-2.902617e-02
1.749449990880766e-03	6.363714e-02	-1.473536e-02
1.749551202186123e-03	6.216829e-02	5.430132e-04
1.749679278053082e-03	6.037694e-02	1.884365e-02
1.749798262849789e-03	5.875055e-02	3.217179e-02
1.749957489493619e-03	5.638006e-02	4.069647e-02
1.750134297088394e-03	5.354950e-02	3.743063e-02
1.750318852655938e-03	5.182360e-02	2.442260e-02
1.750456332879344e-03	5.174477e-02	1.142776e-02
1.750572618701868e-03	5.182597e-02	-6.641299e-04
1.750690808996142e-03	5.179936e-02	-1.238340e-02
1.750785665022608e-03	5.163996e-02	-2.028447e-02
1.750882324154817e-03	5.128661e-02	-2.597648e-02
1.750977949384478e-03	5.095090e-02	-2.788343e-02
1.751122379870584e-03	5.024807e-02	-2.369098e-02
1.751323982065391e-03	4.777677e-02	-1.038399e-02
1.751462445799879e-03	4.580143e-02	2.386466e-03
1.751583381967156e-03	4.436016e-02	1.496352e-02
1.751704755414092e-03	4.298849e-02	2.632338e-02
1.751864058967908e-03	4.117483e-02	3.599651e-02
1.752056735573518e-03	3.893541e-02	3.677715e-02
1.752226205080363e-03	3.761806e-02	2.646223e-02
1.752370437760397e-03	3.806408e-02	1.143409e-02
1.752484877065770e-03	3.857727e-02	-3.288224e-03
1.752602903842911e-03	3.888647e-02	-1.906639e-02
1.752727234080922e-03	3.933774e-02	-3.371659e-02
1.752840229022258e-03	3.949831e-02	-4.358225e-02
1.752966027008246e-03	3.894225e-02	-4.965496e-02
1.753097769843487e-03	3.753942e-02	-5.236850e-02
1.753233952118186e-03	3.569368e-02	-5.442725e-02
1.753376515030824e-03	3.362657e-02	-5.719729e-02
1.753533376270815e-03	3.115658e-02	-6.062877e-02
1.753684217199581e-03	2.905437e-02	-6.332182e-02
1.753844977341280e-03	2.670917e-02	-6.544825e-02
1.753964027667634e-03	2.480136e-02	-6.621833e-02
1.754114743981435e-03	2.222027e-02	-6.610487e-02
1.754276549750856e-03	1.933250e-02	-6.515771e-02
1.754557264449975e-03	1.416458e-02	-6.289423e-02
1.754883800438044e-03	8.090407e-03	-6.021506e-02
1.755247868987909e-03	1.364231e-03	-5.573815e-02
1.755514379747239e-03	-3.537714e-03	-5.020072e-02
1.755818077682526e-03	-9.098902e-03	-4.347303e-02
1.755987360331933e-03	-1.213966e-02	-4.040457e-02
1.756099167786388e-03	-1.410608e-02	-3.684502e-02
1.756164420360442e-03	-1.524495e-02	-3.226289e-02
1.756236121509782e-03	-1.647936e-02	-2.448155e-02
1.756315320922338e-03	-1.782200e-02	-1.362970e-02
1.756450000181654e-03	-2.007239e-02	7.615343e-03
1.756587280957043e-03	-2.235053e-02	2.971075e-02
1.756754189369104e-03	-2.503575e-02	5.305001e-02
1.756909698787682e-03	-2.742930e-02	6.597069e-02
1.757097120009673e-03	-3.007463e-02	6.613687e-02
1.757358862142661e-03	-3.344560e-02	4.843992e-02
1.757632068462458e-03	-3.603388e-02	2.277915e-02
1.757831203094246e-03	-3.821188e-02	5.746096e-03
1.757953611844005e-03	-3.911442e-02	1.051277e-04
1.758135397418410e-03	-4.012476e-02	-3.515661e-03
1.758247458758196e-03	-4.069081e-02	-6.390631e-03
1.758364512253388e-03	-4.125381e-02	-1.090604e-02
1.758487388948554e-03	-4.169423e-02	-1.626934e-02
1.758633121768243e-03	-4.204956e-02	-2.252856e-02
1.758764993348061e-03	-4.230785e-02	-2.735996e-02
1.758879960561830e-03	-4.258174e-02	-3.025897e-02
1.758996399971792e-03	-4.292450e-02	-3.166413e-02
1.759229680734135e-03	-4.391507e-02	-3.297740e-02
1.759368573662810e-03	-4.460421e-02	-3.416460e-02
1.759516570175278e-03	-4.536622e-02	-3.558040e-02
1.759674157608056e-03	-4.622115e-02	-3.696769e-02
1.759875959327174e-03	-4.739845e-02	-3.824024e-02
1.760011327452617e-03	-4.824252e-02	-3.778618e-02
1.760127943021313e-03	-4.899286e-02	-3.463639e-02
1.760228618149635e-03	-4.965747e-02	-2.881441e-02
1.760339874011658e-03	-5.038452e-02	-1.957491e-02
1.760470717770225e-03	-5.122431e-02	-6.860927e-03
1.760605221401041e-03	-5.197495e-02	6.383315e-03
1.760777485965224e-03	-5.283674e-02	2.021538e-02
1.760965038439384e-03	-5.394055e-02	2.784546e-02
1.761193092310661e-03	-5.453615e-02	2.964662e-02
1.761391467834325e-03	-5.405437e-02	2.919917e-02
1.761611582801397e-03	-5.143896e-02	2.970633e-02
1.761824600037515e-03	-4.839920e-02	2.997042e-02
1.762020811097461e-03	-4.522664e-02	3.063862e-02
1.762264711435971e-03	-4.053719e-02	3.363560e-02
1.762573885570126e-03	-3.458892e-02	3.910136e-02
1.762747714192707e-03	-3.114539e-02	4.190870e-02
1.762938321749721e-03	-2.693041e-02	4.346772e-02
1.763075849901805e-03	-2.373989e-02	4.132755e-02
1.763180715971167e-03	-2.133814e-02	3.514893e-02
1.763294394354533e-03	-1.879944e-02	2.362418e-02
1.763428562225530e-03	-1.557687e-02	6.847814e-03
1.763553960235167e-03	-1.256339e-02	-9.749249e-03
1.763718312935538e-03	-9.157658e-03	-2.931868e-02
1.763900007512303e-03	-4.516825e-03	-4.145455e-02
1.764095120918839e-03	2.396554e-04	-4.272071e-02
1.764277374549598e-03	2.146900e-03	-3.823585e-02
1.764472031801265e-03	-7.620901e-04	-3.410979e-02
1.764652658642009e-03	-3.558517e-03	-2.905624e-02
1.764758097052364e-03	-3.935248e-03	-2.507763e-02
1.764858209179696e-03	-4.474208e-03	-2.234078e-02
1.764972370167194e-03	-5.121440e-03	-2.042638e-02
1.765049506916646e-03	-5.563781e-03	-1.957604e-02
1.765107415021013e-03	-6.006166e-03	-1.883495e-02
1.765232242443101e-03	-7.044300e-03	-1.578033e-02
1.765299458727557e-03	-7.608294e-03	-1.353544e-02
1.765358446905033e-03	-8.111089e-03	-1.130620e-02
1.765422668922042e-03	-8.650303e-03	-8.675158e-03
1.765495062197453e-03	-9.239882e-03	-5.599603e-03
1.765623323655155e-03	-1.023489e-02	-4.507452e-04
1.765821269697864e-03	-1.177031e-02	5.411148e-03
1.766024299241390e-03	-1.318018e-02	8.518830e-03
1.766247139777210e-03	-1.403835e-02	1.085837e-02
1.766424477085663e-03	-1.417878e-02	1.341350e-02
1.766626159621250e-03	-1.417102e-02	1.634641e-02
1.766882277442771e-03	-1.388386e-02	1.843672e-02
1.767072180406699e-03	-1.309220e-02	1.631832e-02
1.767201015538396e-03	-1.253922e-02	9.120628e-03
1.767342062385898e-03	-1.171324e-02	-4.649594e-03
1.767471362047867e-03	-1.063497e-02	-1.979092e-02
1.767604481870333e-03	-9.427339e-03	-3.553160e-02
1.767765505394882e-03	-7.592775e-03	-5.088466e-02
1.767921307299329e-03	-7.244401e-03	-6.062266e-02
1.768064192820049e-03	-8.272931e-03	-6.447441e-02
1.768227635475917e-03	-1.022291e-02	-6.606331e-02
1.768354870765517e-03	-1.155328e-02	-6.664430e-02
1.768484348847138e-03	-1.305507e-02	-6.724810e-02
1.768626759346116e-03	-1.466313e-02	-6.771078e-02
1.768806090473562e-03	-1.647609e-02	-6.785537e-02
1.768914841455558e-03	-1.766895e-02	-6.786694e-02
1.769018765984152e-03	-1.897433e-02	-6.765262e-02
1.769151563280293e-03	-2.069256e-02	-6.637190e-02
1.769332586273254e-03	-2.309719e-02	-6.299046e-02
1.769557262540416e-03	-2.615458e-02	-5.774655e-02
1.769801723806999e-03	-2.952123e-02	-5.293399e-02
1.770029738638917e-03	-3.264551e-02	-5.089640e-02
1.770256788900257e-03	-3.572030e-02	-5.118507e-02
1.770766668598347e-03	-4.247115e-02	-5.402215e-02
1.771006275841069e-03	-4.558606e-02	-5.315571e-02
1.771146750743510e-03	-4.738691e-02	-4.820452e-02
1.771268083665470e-03	-4.892086e-02	-3.859851e-02
1.771389979903085e-03	-5.045181e-02	-2.514562e-02
1.771515786594795e-03	-5.201375e-02	-9.556994e-03
1.771652194091445e-03	-5.367842e-02	6.637961e-03
1.771823041937470e-03	-5.570813e-02	2.171063e-02
1.772018461950217e-03	-5.795977e-02	2.657889e-02
1.772278688072922e-03	-6.079067e-02	1.389563e-02
1.772559944159932e-03	-6.339674e-02	-1.222266e-02
1.772712286791084e-03	-6.459179e-02	-2.715018e-02
1.772824692922045e-03	-6.547888e-02	-3.589080e-02
1.772932514208897e-03	-6.632204e-02	-4.069378e-02
1.773040566259879e-03	-6.716430e-02	-4.111665e-02
1.773142047682345e-03	-6.794299e-02	-3.695727e-02
1.773260065897031e-03	-6.883937e-02	-2.739163e-02
1.773393843577599e-03	-6.986573e-02	-1.284203e-02
1.773524290315536e-03	-7.084698e-02	3.017008e-03
1.773688648155889e-03	-7.196201e-02	2.178973e-02
1.773865375286183e-03	-7.253911e-02	3.710149e-02
1.774003487056111e-03	-7.352245e-02	4.072635e-02
1.774147184669125e-03	-7.475257e-02	3.415687e-02
1.774285645987984e-03	-7.562879e-02	1.966405e-02
1.774409020691548e-03	-7.589093e-02	2.195284e-03
1.774551411966623e-03	-7.525952e-02	-1.953822e-02
1.774660198890507e-03	-7.414171e-02	-3.502472e-02
1.774770635152325e-03	-7.319047e-02	-4.867924e-02
1.774859256029642e-03	-7.258151e-02	-5.682128e-02
1.774950455813992e-03	-7.217710e-02	-6.144225e-02
1.775036482175643e-03	-7.177845e-02	-6.071012e-02
1.775164885129231e-03	-7.139846e-02	-5.070616e-02
1.775326457283646e-03	-7.215731e-02	-2.947556e-02
1.775451911544689e-03	-7.285738e-02	-8.093759e-03
1.775561867501508e-03	-7.311329e-02	1.248597e-02
1.775686915532199e-03	-7.317051e-02	3.417200e-02
1.775837523871611e-03	-7.311448e-02	5.287303e-02
1.776019253012258e-03	-7.384552e-02	6.198885e-02
1.776184447879425e-03	-7.253076e-02	6.382075e-02
1.776388383710077e-03	-6.833693e-02	6.462848e-02
1.776583686773059e-03	-6.427240e-02	6.423996e-02
1.776841912157724e-03	-5.779193e-02	6.289239e-02
1.777128198518555e-03	-4.811762e-02	5.938610e-02
1.777296931594381e-03	-4.223163e-02	5.206609e-02
1.777524771051529e-03	-3.369002e-02	3.689046e-02
1.777667989179175e-03	-2.802603e-02	2.760036e-02
1.777827144332820e-03	-2.216659e-02	1.966980e-02
1.777993888374741e-03	-1.653080e-02	1.425333e-02
1.778163151323113e-03	-1.173571e-02	6.999061e-03
1.778305884545825e-03	-8.329175e-03	-4.151411e-03
1.778458500997991e-03	-5.128153e-03	-2.028354e-02
1.778621340503786e-03	-2.521195e-03	-3.807425e-02
1.778825217684235e-03	3.269762e-03	-5.149261e-02
1.779036336561490e-03	8.921996e-03	-5.537464e-02
1.779216309021343e-03	6.868087e-03	-5.881079e-02
1.779415126719876e-03	1.610979e-03	-6.266820e-02
1.779553149238717e-03	7.063150e-06	-6.268948e-02
1.779647091542204e-03	-6.063581e-04	-6.199296e-02
1.779770234475180e-03	-1.909330e-03	-6.147524e-02
1.779899070148445e-03	-3.002703e-03	-6.066589e-02
1.779982581350120e-03	-3.910750e-03	-6.024168e-02
1.780066461536599e-03	-5.004913e-03	-5.934206e-02
1.780159149279799e-03	-6.256089e-03	-5.691564e-02
1.780272617713622e-03	-7.819846e-03	-5.203718e-02
1.780401893403191e-03	-9.646893e-03	-4.487640e-02
1.780559151671890e-03	-1.190880e-02	-3.531925e-02
1.780697084514753e-03	-1.390457e-02	-2.744364e-02
1.780823295709569e-03	-1.571551e-02	-2.183957e-02
1.780950033752706e-03	-1.752335e-02	-1.894414e-02
1.781092536021026e-03	-1.952486e-02	-1.949784e-02
1.781253325298296e-03	-2.170166e-02	-2.389836e-02
1.781388412518355e-03	-2.345787e-02	-2.970025e-02
1.781514133134882e-03	-2.506818e-02	-3.604029e-02
1.781639879734473e-03	-2.665088e-02	-4.222412e-02
1.781795699788154e-03	-2.859675e-02	-4.851752e-02
1.781928613648829e-03	-3.025837e-02	-5.182861e-02
1.782038905681737e-03	-3.164142e-02	-5.280950e-02
1.782368113541267e-03	-3.579381e-02	-5.322457e-02
1.782854045314313e-03	-4.185896e-02	-5.372628e-02
1.783071842414366e-03	-4.454459e-02	-5.247995e-02
1.783249208636420e-03	-4.669984e-02	-4.883687e-02
1.783475999663774e-03	-4.945426e-02	-4.111147e-02
1.783616013774728e-03	-5.114177e-02	-3.582828e-02
1.783745607099191e-03	-5.267858e-02	-3.145774e-02
1.783875217284239e-03	-5.418990e-02	-2.849339e-02
1.784035994789286e-03	-5.602475e-02	-2.599917e-02
1.784149727275601e-03	-5.728347e-02	-2.307141e-02
1.784266389441638e-03	-5.855103e-02	-1.771347e-02
1.784386549822438e-03	-5.981774e-02	-1.025178e-02
1.784574753782428e-03	-6.175298e-02	2.466127e-03
1.784779674021127e-03	-6.379259e-02	1.365575e-02
1.785016842261335e-03	-6.597669e-02	2.221823e-02
1.785277995435376e-03	-6.791344e-02	3.261861e-02
1.785522905301496e-03	-6.856934e-02	4.757051e-02
1.785680106734922e-03	-6.987596e-02	5.673604e-02
1.785836408676148e-03	-7.074423e-02	6.327404e-02
1.786021084907328e-03	-7.160661e-02	6.318472e-02
1.786203126429054e-03	-7.181814e-02	5.133745e-02
1.786399237958459e-03	-6.893031e-02	2.919085e-02
1.786580624338688e-03	-6.476293e-02	4.768461e-03
1.786694888333733e-03	-6.194189e-02	-9.969234e-03
1.786810230615134e-03	-5.943096e-02	-2.178922e-02
1.786943377274383e-03	-5.652630e-02	-2.890719e-02
1.787078018976878e-03	-5.387444e-02	-2.815147e-02
1.787199388406471e-03	-5.152786e-02	-2.013815e-02
1.787355968966992e-03	-4.959772e-02	-3.975309e-03
1.787484055879294e-03	-4.922619e-02	1.100564e-02
1.787599810388953e-03	-4.885237e-02	2.519524e-02
1.787717437022001e-03	-4.822595e-02	3.852916e-02
1.787815701823674e-03	-4.742502e-02	4.752328e-02
1.787915321702634e-03	-4.642665e-02	5.300318e-02
1.788033146896706e-03	-4.541221e-02	5.204320e-02
1.788216056004542e-03	-4.301380e-02	3.783523e-02
1.788381773932304e-03	-3.928137e-02	1.654816e-02
1.788505725066605e-03	-3.627300e-02	-3.210589e-03
1.788635790972650e-03	-3.333037e-02	-2.421029e-02
1.788766366230895e-03	-3.033960e-02	-4.164717e-02
1.788906262312059e-03	-2.727666e-02	-5.291562e-02
1.789053539695284e-03	-2.416471e-02	-5.580483e-02
1.789219191560248e-03	-2.151317e-02	-5.334933e-02
1.789403394958229e-03	-2.300104e-02	-5.201770e-02
1.789608874611101e-03	-2.605864e-02	-5.046076e-02
1.789721492759615e-03	-2.673364e-02	-4.842082e-02
1.789825939447956e-03	-2.730691e-02	-4.673461e-02
1.789947706317385e-03	-2.807042e-02	-4.543032e-02
1.790042268674308e-03	-2.873035e-02	-4.474966e-02
1.790139874645402e-03	-2.958003e-02	-4.393242e-02
1.790264026215503e-03	-3.074578e-02	-4.224741e-02
1.790378537627032e-03	-3.181722e-02	-4.015411e-02
1.790515678904454e-03	-3.314419e-02	-3.735102e-02
1.790660138278774e-03	-3.455727e-02	-3.447606e-02
1.790791289281192e-03	-3.586470e-02	-3.234892e-02
1.791105778115353e-03	-3.896984e-02	-2.895910e-02
1.791186006900089e-03	-3.973746e-02	-2.731121e-02
1.791320624462092e-03	-4.102467e-02	-2.246092e-02
1.791452670826401e-03	-4.225986e-02	-1.651168e-02
1.791612946351860e-03	-4.373619e-02	-9.361178e-03
1.791811585033919e-03	-4.535528e-02	-2.425417e-03
1.792025595750100e-03	-4.722393e-02	-8.102208e-04
1.792225213390255e-03	-4.901788e-02	-6.944329e-03
1.792369767648865e-03	-4.997800e-02	-1.581678e-02
1.792506744743326e-03	-5.062185e-02	-2.621298e-02
1.792629517770795e-03	-5.105554e-02	-3.548922e-02
1.792753278855070e-03	-5.153585e-02	-4.378148e-02
1.792845847193328e-03	-5.195072e-02	-4.848437e-02
1.792940542658518e-03	-5.242373e-02	-5.111226e-02
1.793042587921070e-03	-5.293138e-02	-5.045143e-02
1.793188864717368e-03	-5.382449e-02	-4.341114e-02
1.793364194420072e-03	-5.520837e-02	-2.901382e-02
1.793479861781830e-03	-5.607942e-02	-1.707110e-02
1.793601205239394e-03	-5.687081e-02	-3.876150e-03
1.793717758911050e-03	-5.751488e-02	7.064089e-03
1.793911933348632e-03	-5.858900e-02	1.798724e-02
1.794098908644069e-03	-6.001811e-02	1.734871e-02
1.794257508412653e-03	-6.068053e-02	7.816434e-03
1.794386972441396e-03	-6.055520e-02	-4.516453e-03
1.794511296581726e-03	-6.009051e-02	-1.820558e-02
1.794626225545587e-03	-5.943038e-02	-3.066770e-02
1.794741923595633e-03	-5.878609e-02	-4.180153e-02
1.794837123870826e-03	-5.838949e-02	-4.885725e-02
1.794935267020413e-03	-5.809459e-02	-5.297495e-02
1.795043235734569e-03	-5.790115e-02	-5.367027e-02
1.795188319493585e-03	-5.820711e-02	-5.092924e-02
1.795338649567291e-03	-5.915602e-02	-4.594434e-02
1.795467495416397e-03	-5.989524e-02	-4.021410e-02
1.795590749991969e-03	-6.053669e-02	-3.431047e-02
1.795725710215187e-03	-6.124701e-02	-2.848708e-02
1.795863988374235e-03	-6.199112e-02	-2.422404e-02
1.796002833425723e-03	-6.270912e-02	-2.154644e-02
1.796122227658434e-03	-6.327846e-02	-1.877794e-02
1.796216611060313e-03	-6.368836e-02	-1.477516e-02
1.796319194429151e-03	-6.408185e-02	-8.406788e-03
1.796455975654510e-03	-6.455178e-02	1.632169e-03
1.796589411689082e-03	-6.489052e-02	1.152769e-02
1.796795890484879e-03	-6.517775e-02	2.369453e-02
1.796998775807845e-03	-6.557786e-02	2.946259e-02
1.797225852591357e-03	-6.481262e-02	3.213505e-02
1.797414225966209e-03	-6.194434e-02	3.578389e-02
1.797623450585697e-03	-5.851869e-02	3.975815e-02
1.797833846938835e-03	-5.477668e-02	4.242657e-02
1.798064486337784e-03	-5.037566e-02	4.302910e-02
1.798358578474897e-03	-4.316424e-02	4.280403e-02
1.798619363145973e-03	-3.577858e-02	4.256006e-02
1.798903226056390e-03	-2.762555e-02	4.224700e-02
1.799044778531461e-03	-2.354465e-02	4.278389e-02
1.799127739502297e-03	-2.112836e-02	4.423535e-02
1.799210402676463e-03	-1.869197e-02	4.699923e-02
1.799293216352448e-03	-1.618160e-02	5.084939e-02
1.799423944597003e-03	-1.220317e-02	5.807362e-02
1.799563411419024e-03	-8.059144e-03	6.597486e-02
1.799737597366494e-03	-2.907857e-03	7.455988e-02
1.799902304141943e-03	2.067372e-03	7.962324e-02
1.800043270943225e-03	6.519899e-03	7.875523e-02
1.800184004144692e-03	1.104055e-02	6.993756e-02
1.800332297363012e-03	1.631905e-02	5.341381e-02
1.800454486780617e-03	2.095589e-02	3.638652e-02
1.800570955347201e-03	2.525683e-02	1.905058e-02
1.800672182489945e-03	2.876508e-02	4.793465e-03
1.800775497048315e-03	3.200448e-02	-6.706379e-03
1.800948923265858e-03	3.684029e-02	-1.678658e-02
1.801129282657419e-03	4.107942e-02	-1.520277e-02
1.801365401773410e-03	4.845031e-02	2.340049e-03
1.801602429327137e-03	5.058473e-02	2.065028e-02
1.801752611302538e-03	4.774649e-02	2.799673e-02
1.801861371242685e-03	4.680440e-02	3.243519e-02
1.801969600925842e-03	4.669309e-02	3.486481e-02
1.802056789052956e-03	4.697849e-02	3.454863e-02
1.802142376814106e-03	4.727831e-02	3.158435e-02
1.802229785693184e-03	4.748948e-02	2.605252e-02
1.802348642565620e-03	4.801126e-02	1.622899e-02
1.802457152144570e-03	4.886760e-02	6.222442e-03
1.802543771808534e-03	4.940490e-02	-2.332881e-03
1.802629491640039e-03	4.979223e-02	-1.063544e-02
1.802721872509859e-03	5.015731e-02	-1.844113e-02
1.802847499646665e-03	5.077194e-02	-2.570710e-02
1.802995586411106e-03	5.107629e-02	-2.907845e-02
1.803155300635481e-03	4.960680e-02	-2.846392e-02
1.803325915024184e-03	4.745606e-02	-2.419493e-02
1.803460394577671e-03	4.581246e-02	-1.913701e-02
1.803621946214591e-03	4.386528e-02	-1.248130e-02
1.803768971011724e-03	4.210721e-02	-7.212356e-03
1.803912578234903e-03	4.032582e-02	-3.761277e-03
1.804056742968932e-03	3.865056e-02	-4.423410e-04
1.804150322086221e-03	3.763479e-02	4.211083e-03
1.804241526108378e-03	3.666495e-02	1.211828e-02
1.804334746422100e-03	3.573939e-02	2.277142e-02
1.804450387294842e-03	3.473701e-02	3.802322e-02
1.804585972343435e-03	3.374337e-02	5.607682e-02
1.804768882807592e-03	3.149672e-02	7.464309e-02
1.804970424106487e-03	3.084485e-02	8.565129e-02
1.805152682440412e-03	3.268173e-02	8.610348e-02
1.805359220512790e-03	3.551994e-02	7.815698e-02
1.805566330162766e-03	3.954925e-02	6.765188e-02
1.805729284463051e-03	4.313268e-02	5.965419e-02
1.805864117993387e-03	4.658499e-02	5.521545e-02
1.805991919444465e-03	4.985587e-02	5.356067e-02
1.806119463622388e-03	5.292778e-02	5.406347e-02
1.806199908743599e-03	5.478661e-02	5.528109e-02
1.806369657955860e-03	5.885153e-02	5.973452e-02
1.806565793212512e-03	6.349091e-02	6.588219e-02
1.806685394990534e-03	6.627841e-02	6.933412e-02
1.806939463181285e-03	7.216817e-02	7.385364e-02
1.807229222542905e-03	7.934028e-02	7.588546e-02
1.807706492444542e-03	9.182844e-02	8.155388e-02
1.807933837267680e-03	9.788015e-02	8.294713e-02
1.808062127452170e-03	1.013406e-01	8.136930e-02
1.808146162498808e-03	1.035753e-01	7.705802e-02
1.808230195971209e-03	1.057738e-01	6.935887e-02
1.808314548844071e-03	1.079080e-01	5.915195e-02
1.808422451488586e-03	1.105934e-01	4.397966e-02
1.808536825272753e-03	1.135012e-01	2.716935e-02
1.808652551646617e-03	1.161806e-01	1.109363e-02
1.808805586975443e-03	1.189828e-01	-4.810430e-03
1.809018468778350e-03	1.248081e-01	-1.157047e-02
1.809211658676386e-03	1.288990e-01	-7.049091e-03
1.809431854457229e-03	1.279637e-01	8.313805e-04
1.809635176177060e-03	1.220998e-01	5.769685e-03
1.809764199246034e-03	1.202415e-01	1.070912e-02
1.809863190582559e-03	1.192564e-01	1.389641e-02
1.809986729510866e-03	1.176470e-01	1.555963e-02
1.810121236058138e-03	1.163530e-01	1.595217e-02
1.810237306145943e-03	1.150168e-01	1.471691e-02
1.810376942982422e-03	1.131607e-01	1.194009e-02
1.810458681312882e-03	1.120860e-01	1.008143e-02
1.810546400222059e-03	1.109552e-01	8.058548e-03
1.810632611891764e-03	1.098275e-01	6.120116e-03
1.810710563730878e-03	1.088096e-01	4.542395e-03
1.810795659736577e-03	1.076880e-01	3.176123e-03
1.810920298090284e-03	1.060499e-01	2.071872e-03
1.811064980921272e-03	1.040792e-01	2.173558e-03
1.811246950513574e-03	1.014171e-01	3.881648e-03
1.811393440042349e-03	9.915273e-02	6.084040e-03
1.811524731942462e-03	9.716208e-02	8.486688e-03
1.811657345610570e-03	9.516667e-02	1.085754e-02
1.811793621671494e-03	9.315096e-02	1.278427e-02
1.811964467064938e-03	9.074903e-02	1.470347e-02
1.812083728102204e-03	8.923747e-02	1.732013e-02
1.812177640112704e-03	8.815666e-02	2.217406e-02
1.812283881230972e-03	8.711658e-02	3.122348e-02
1.812423360091009e-03	8.576277e-02	4.591072e-02
1.812561056652910e-03	8.424975e-02	6.084110e-02
1.812750282784755e-03	8.200754e-02	7.773389e-02
1.812942241061071e-03	8.195508e-02	8.775905e-02
1.813118617002232e-03	8.263023e-02	8.374910e-02
1.813306592250361e-03	8.411284e-02	6.512813e-02
1.813466173718006e-03	8.670768e-02	4.273379e-02
1.813582514352010e-03	8.888079e-02	2.494150e-02
1.813701177344194e-03	9.089665e-02	8.277521e-03
1.813843970183724e-03	9.328848e-02	-6.305829e-03
1.813981650274121e-03	9.543591e-02	-1.185836e-02
1.814131849176639e-03	9.731759e-02	-7.258646e-03
1.814299381159783e-03	9.766082e-02	6.170526e-03
1.814461790821128e-03	9.582815e-02	2.281669e-02
1.814583143274714e-03	9.414503e-02	3.637682e-02
1.814707820144461e-03	9.319803e-02	5.017532e-02
1.814806718343402e-03	9.270674e-02	5.920637e-02
1.814905365372903e-03	9.219807e-02	6.463462e-02
1.815029441136454e-03	9.126341e-02	6.341884e-02
1.815242039148609e-03	9.102370e-02	4.668234e-02
1.815424197986558e-03	9.288880e-02	2.373570e-02
1.815544649079107e-03	9.426117e-02	5.354941e-03
1.815676073617388e-03	9.538566e-02	-1.403193e-02
1.815820818579060e-03	9.633987e-02	-3.054373e-02
1.815954332308973e-03	9.730063e-02	-3.768847e-02
1.816121525572605e-03	9.638123e-02	-3.918373e-02
1.816282346838901e-03	9.293398e-02	-3.849938e-02
1.816433684258704e-03	9.014808e-02	-3.559814e-02
1.816558958102203e-03	8.795989e-02	-3.246537e-02
1.816704525343309e-03	8.517542e-02	-2.916958e-02
1.816878745597987e-03	8.206202e-02	-2.597658e-02
1.817023301994535e-03	7.949394e-02	-2.332859e-02
1.817110354013088e-03	7.783853e-02	-1.967540e-02
1.817191360299608e-03	7.626040e-02	-1.293856e-02
1.817283267814207e-03	7.443874e-02	-2.103180e-03
1.817375398052439e-03	7.259613e-02	1.102680e-02
1.817465292695541e-03	7.083417e-02	2.518868e-02
1.817596039922993e-03	6.840755e-02	4.583696e-02
1.817751059238644e-03	6.622551e-02	6.684858e-02
1.817940049834808e-03	6.312500e-02	8.029316e-02
1.818120382364936e-03	5.991630e-02	7.767852e-02
1.818229772069954e-03	5.840079e-02	6.751533e-02
1.818341695461262e-03	5.784564e-02	5.154799e-02
1.818494516960551e-03	5.883735e-02	2.721827e-02
1.818603409535567e-03	5.983870e-02	9.570509e-03
1.818715188092567e-03	6.061223e-02	-7.221162e-03
1.818820070887372e-03	6.136659e-02	-1.927462e-02
1.818942489505782e-03	6.200916e-02	-2.705188e-02
1.819055243132516e-03	6.288783e-02	-2.572407e-02
1.819212790157118e-03	6.250882e-02	-1.384553e-02
1.819357522443402e-03	6.017087e-02	2.836719e-03
1.819478541498528e-03	5.872418e-02	2.104087e-02
1.819590766052133e-03	5.767351e-02	3.887293e-02
1.819709295035247e-03	5.667734e-02	5.575547e-02
1.819854130521350e-03	5.492029e-02	6.956843e-02
1.820011469967244e-03	5.391580e-02	7.423559e-02
1.820187405357873e-03	5.468361e-02	6.694983e-02
1.820368701065855e-03	5.649418e-02	4.929185e-02
1.820503229971124e-03	5.842209e-02	3.258024e-02
1.820618890033265e-03	6.010063e-02	1.764844e-02
1.820735154901689e-03	6.175746e-02	4.519999e-03
1.820865007375095e-03	6.358646e-02	-5.608320e-03
1.820997813443338e-03	6.533287e-02	-8.664243e-03
1.821140498498343e-03	6.697290e-02	-2.037667e-03
1.821302526022967e-03	6.737915e-02	1.434444e-02
1.821446066746056e-03	6.627452e-02	3.309701e-02
1.821558072059175e-03	6.539322e-02	4.931359e-02
1.821674173271739e-03	6.494756e-02	6.573135e-02
1.821780441778759e-03	6.494558e-02	7.860799e-02
1.821879412637927e-03	6.504606e-02	8.615614e-02
1.822033893336304e-03	6.553297e-02	8.765635e-02
1.822211358905470e-03	6.707498e-02	7.642636e-02
1.822397176070066e-03	7.017392e-02	5.455360e-02
1.822529965312965e-03	7.306260e-02	3.571977e-02
1.822649049869872e-03	7.547680e-02	1.868495e-02
1.822771299850167e-03	7.788278e-02	4.104421e-03
1.822898920356280e-03	8.030622e-02	-5.445398e-03
1.823032879050677e-03	8.259875e-02	-9.522326e-03
1.823187867259470e-03	8.414751e-02	-1.266424e-02
1.823344303259661e-03	8.428783e-02	-1.813698e-02
1.823509277911169e-03	8.392016e-02	-2.504575e-02
1.823700377450690e-03	8.159781e-02	-3.373638e-02
1.823876787033837e-03	7.947978e-02	-3.848257e-02
1.824055857253113e-03	7.741722e-02	-3.601010e-02
1.824202906438894e-03	7.526651e-02	-2.418653e-02
1.824370228145193e-03	7.241550e-02	-1.012087e-04
1.824510391089010e-03	7.007995e-02	2.459024e-02
1.824654259951941e-03	6.787936e-02	5.000563e-02
1.824793093194143e-03	6.573005e-02	6.954530e-02
1.824948651642164e-03	6.328458e-02	8.100994e-02
1.825111743731888e-03	6.043196e-02	8.076322e-02
1.825245575629847e-03	5.952974e-02	7.472956e-02
1.825408915114104e-03	6.073974e-02	6.458725e-02
1.825576546935816e-03	6.232685e-02	5.232632e-02
1.825703450088578e-03	6.366405e-02	4.340068e-02
1.825825867429560e-03	6.513277e-02	3.678636e-02
1.825947146539951e-03	6.669332e-02	3.347024e-02
1.826070841470683e-03	6.825390e-02	3.421815e-02
1.826182069548349e-03	6.945179e-02	3.844987e-02
1.826274937112635e-03	7.039404e-02	4.440615e-02
1.826367358833305e-03	7.137211e-02	5.198719e-02
1.826473560595586e-03	7.253708e-02	6.169501e-02
1.826610300852071e-03	7.391118e-02	7.399361e-02
1.826746030473404e-03	7.532407e-02	8.438100e-02
1.826893954369917e-03	7.714948e-02	9.133655e-02
1.827066108276866e-03	7.999657e-02	9.240775e-02
1.827220948434905e-03	8.269158e-02	8.620086e-02
1.827391156415900e-03	8.670029e-02	7.462636e-02
1.827521468805410e-03	9.033689e-02	6.437671e-02
1.827642558885250e-03	9.358287e-02	5.468467e-02
1.827763647719364e-03	9.673645e-02	4.654355e-02
1.827901795619301e-03	1.002274e-01	4.072310e-02
1.828044602335025e-03	1.034783e-01	3.792231e-02
1.828184929930429e-03	1.060855e-01	3.544894e-02
1.828326122011014e-03	1.084396e-01	3.167247e-02
1.828476649656224e-03	1.111676e-01	2.717764e-02
1.828686944833747e-03	1.142129e-01	2.122196e-02
1.828934776991815e-03	1.159484e-01	1.642904e-02
1.829199297687070e-03	1.154383e-01	1.369064e-02
1.829374063200502e-03	1.145380e-01	1.285282e-02
1.829551105433066e-03	1.134273e-01	1.232620e-02
1.829766940046632e-03	1.122499e-01	1.238045e-02
1.829975837820054e-03	1.107975e-01	1.211320e-02
1.830113351040431e-03	1.094998e-01	1.018646e-02
1.830232074577753e-03	1.082084e-01	5.920455e-03
1.830359870514629e-03	1.068050e-01	-1.000315e-03
1.830513724291881e-03	1.052029e-01	-1.046439e-02
1.830684223587471e-03	1.033710e-01	-2.037354e-02
1.830842768683058e-03	1.013120e-01	-2.701727e-02
1.831019285311750e-03	9.850034e-02	-2.919506e-02
1.831203772174929e-03	9.486078e-02	-2.548957e-02
1.831360736803499e-03	9.166420e-02	-1.810868e-02
1.831497817766717e-03	8.895585e-02	-9.709090e-03
1.831639276961707e-03	8.611988e-02	-9.843707e-04
1.831782156606493e-03	8.323273e-02	6.351352e-03
1.831918387238638e-03	8.048105e-02	1.041125e-02
1.832097867692274e-03	7.703036e-02	1.169802e-02
1.832272784458076e-03	7.395506e-02	1.074477e-02
1.832433570915592e-03	7.123798e-02	8.917958e-03
1.832607492279342e-03	6.847815e-02	6.749764e-03
1.832808915395234e-03	6.553537e-02	4.865974e-03
1.833050324394798e-03	6.214637e-02	2.807409e-03
1.833171792767364e-03	6.044658e-02	3.676713e-04
1.833268002524397e-03	5.917194e-02	-3.152654e-03
1.833359652729493e-03	5.796799e-02	-7.592559e-03
1.833489959789489e-03	5.634657e-02	-1.460819e-02
1.833623887102680e-03	5.475159e-02	-2.172275e-02
1.833745705143411e-03	5.327678e-02	-2.728228e-02
1.833881288148822e-03	5.152339e-02	-3.139383e-02
1.834023894808465e-03	4.954682e-02	-3.249364e-02
1.834203418748967e-03	4.668976e-02	-3.016532e-02
1.834346329781153e-03	4.431069e-02	-2.622485e-02
1.834466934266693e-03	4.236688e-02	-2.184939e-02
1.834629005152443e-03	3.974250e-02	-1.585153e-02
1.834788062738985e-03	3.715275e-02	-1.096946e-02
1.834935594646662e-03	3.478245e-02	-8.220151e-03
1.835076629788583e-03	3.256500e-02	-7.181481e-03
1.835336011195398e-03	2.867717e-02	-6.092876e-03
1.835477526715665e-03	2.665782e-02	-5.323455e-03
1.835680041133397e-03	2.381891e-02	-4.314870e-03
1.835897076324128e-03	2.089582e-02	-3.256917e-03
1.836054149198951e-03	1.895081e-02	-2.507716e-04
1.836180470971342e-03	1.758982e-02	7.484674e-03
1.836302021451043e-03	1.649174e-02	2.096391e-02
1.836452015373778e-03	1.523465e-02	4.205897e-02
1.836592381099666e-03	1.415651e-02	6.234007e-02
1.836777165580036e-03	1.191169e-02	8.273758e-02
1.836976036130550e-03	1.173851e-02	9.480053e-02
1.837156209583355e-03	1.411076e-02	9.637797e-02
1.837370042810873e-03	1.775727e-02	9.043714e-02
1.837635395252350e-03	2.300955e-02	8.006819e-02
1.837823902385681e-03	2.917226e-02	7.525897e-02
1.837941453022057e-03	3.309326e-02	7.350329e-02
1.838081999481925e-03	3.757672e-02	7.189685e-02
1.838165025826260e-03	4.022455e-02	7.008661e-02
1.838243127051803e-03	4.274157e-02	6.726632e-02
1.838323354848294e-03	4.530537e-02	6.349225e-02
1.838474502749011e-03	5.013548e-02	5.538777e-02
1.838615748226612e-03	5.468895e-02	4.799275e-02
1.838785026369466e-03	5.996498e-02	4.092363e-02
1.838964476248909e-03	6.524806e-02	3.631413e-02
1.839205750339385e-03	7.098057e-02	2.993350e-02
1.839374546805234e-03	7.399577e-02	2.212402e-02
1.839560309486991e-03	7.711131e-02	1.145586e-02
1.839719054099835e-03	8.093335e-02	5.128957e-03
1.839947717556176e-03	8.510159e-02	2.084568e-03
1.840179933164146e-03	8.578756e-02	8.380018e-03
1.840405588465053e-03	8.347507e-02	2.412596e-02
1.840549520877076e-03	8.206306e-02	3.829451e-02
1.840670217798843e-03	8.141285e-02	5.062097e-02
1.840799925652319e-03	8.105128e-02	6.160673e-02
1.840918559574246e-03	8.056770e-02	6.600897e-02
1.841138235240093e-03	8.001800e-02	5.918352e-02
1.841376023208474e-03	8.223549e-02	3.896523e-02
1.841524479738571e-03	8.451633e-02	2.143188e-02
1.841651842109867e-03	8.611698e-02	5.613893e-03
1.841785704500607e-03	8.761063e-02	-7.933542e-03
1.841924006791919e-03	8.894453e-02	-1.543561e-02
1.842072551298093e-03	9.021101e-02	-1.196704e-02
1.842243385398897e-03	9.045813e-02	6.743647e-03
1.842419799781212e-03	8.767980e-02	3.534511e-02
1.842534887206296e-03	8.608828e-02	5.767442e-02
1.842657686024045e-03	8.473872e-02	8.131362e-02
1.842770959138517e-03	8.384988e-02	9.955657e-02
1.842899262185480e-03	8.381724e-02	1.129569e-01
1.843047380058072e-03	8.479342e-02	1.176332e-01
1.843228288274008e-03	8.691517e-02	1.127497e-01
1.843412895241484e-03	9.014319e-02	1.021911e-01
1.843602703029804e-03	9.421934e-02	8.918352e-02
1.843695532603104e-03	9.687075e-02	8.356881e-02
1.843802586624583e-03	9.977674e-02	7.823128e-02
1.843929878754592e-03	1.033906e-01	7.455425e-02
1.844057099694692e-03	1.069046e-01	7.318448e-02
1.844227873276153e-03	1.113745e-01	7.221329e-02
1.844319266274414e-03	1.138200e-01	7.149121e-02
1.844502052270935e-03	1.185809e-01	6.979215e-02
1.844719325441197e-03	1.238394e-01	6.782518e-02
1.844938723978654e-03	1.287715e-01	6.614117e-02
1.845117994806035e-03	1.323656e-01	6.337301e-02
1.845258488113212e-03	1.348983e-01	5.829316e-02
1.845413324907767e-03	1.374958e-01	4.980916e-02
1.845573219718663e-03	1.404151e-01	4.070174e-02
1.845766454771463e-03	1.439395e-01	3.207295e-02
1.845978365844996e-03	1.473033e-01	2.927190e-02
1.846210706484286e-03	1.489399e-01	3.546523e-02
1.846432421104258e-03	1.478775e-01	4.769847e-02
1.846568810304945e-03	1.469929e-01	5.734535e-02
1.846711932945218e-03	1.465997e-01	6.748289e-02
1.846843631308502e-03	1.465781e-01	7.474163e-02
1.846964323801491e-03	1.465750e-01	7.761708e-02
1.847136451350728e-03	1.470116e-01	7.623860e-02
1.847295287547928e-03	1.482431e-01	7.167740e-02
1.847423042215164e-03	1.493801e-01	6.607786e-02
1.847552344376877e-03	1.505577e-01	5.965963e-02
1.847685412325877e-03	1.518282e-01	5.348462e-02
1.847818743544719e-03	1.531362e-01	4.883373e-02
1.847961857453404e-03	1.543987e-01	4.631181e-02
1.848093295921902e-03	1.554540e-01	4.650059e-02
1.848262046140824e-03	1.563137e-01	4.860051e-02
1.848405169020068e-03	1.566556e-01	5.105869e-02
1.848563347257088e-03	1.569549e-01	5.425529e-02
1.848703089551811e-03	1.571834e-01	5.692238e-02
1.848842935090425e-03	1.574533e-01	5.901204e-02
1.848968011829748e-03	1.577336e-01	5.979393e-02
1.849093066420470e-03	1.580372e-01	5.866899e-02
1.849196473719683e-03	1.583088e-01	5.563872e-02
1.849305866698285e-03	1.585680e-01	5.040516e-02
1.849430790847228e-03	1.589680e-01	4.316504e-02
1.849556354525411e-03	1.593975e-01	3.555726e-02
1.849724124844145e-03	1.599199e-01	2.659552e-02
1.849885493585155e-03	1.602588e-01	2.124949e-02
1.850069981204459e-03	1.598618e-01	1.912943e-02
1.850254454144228e-03	1.582180e-01	1.851992e-02
1.850410577024840e-03	1.565924e-01	1.856701e-02
1.850587903669126e-03	1.546758e-01	1.894000e-02
1.850772121381574e-03	1.523671e-01	1.926067e-02
1.851028383826690e-03	1.490407e-01	2.033706e-02
1.851189085243937e-03	1.469995e-01	2.245387e-02
1.851325076238267e-03	1.451258e-01	2.557831e-02
1.851449785341121e-03	1.433638e-01	2.919318e-02
1.851576990028809e-03	1.415649e-01	3.298885e-02
1.851753335953787e-03	1.391385e-01	3.738748e-02
1.851948366601680e-03	1.365239e-01	4.003404e-02
1.852171740920275e-03	1.343757e-01	4.137069e-02
1.852352613981866e-03	1.332638e-01	4.223722e-02
1.852548197022261e-03	1.321876e-01	4.304262e-02
1.852740569256068e-03	1.312346e-01	4.362828e-02
1.852948824800923e-03	1.304551e-01	4.433997e-02
1.853120262622187e-03	1.300474e-01	4.589404e-02
1.853273460960608e-03	1.298601e-01	4.900050e-02
1.853435822050422e-03	1.297002e-01	5.368014e-02
1.853610873519413e-03	1.295827e-01	5.895005e-02
1.853801121549522e-03	1.296153e-01	6.333143e-02
1.854020882086181e-03	1.303913e-01	6.744535e-02
1.854179298303139e-03	1.315420e-01	7.254133e-02
1.854325755131489e-03	1.328192e-01	8.065054e-02
1.854478588254583e-03	1.342591e-01	9.130262e-02
1.854679437076461e-03	1.363184e-01	1.047746e-01
1.854868189930573e-03	1.387553e-01	1.143259e-01
1.854986318500859e-03	1.407693e-01	1.168634e-01
1.855108081776867e-03	1.428230e-01	1.145974e-01
1.855245517021210e-03	1.459346e-01	1.083557e-01
1.855321310868495e-03	1.477989e-01	1.032082e-01
1.855449307093461e-03	1.508690e-01	9.249358e-02
1.855578313011203e-03	1.544279e-01	8.173822e-02
1.855708822732671e-03	1.580677e-01	7.195711e-02
1.855852627727475e-03	1.619266e-01	6.393206e-02
1.855966715375998e-03	1.648551e-01	6.068142e-02
1.856108353577385e-03	1.680434e-01	5.878489e-02
1.856245556687872e-03	1.705799e-01	5.600581e-02
1.856392031901255e-03	1.729580e-01	5.157043e-02
1.856573603510540e-03	1.764423e-01	4.650624e-02
1.856796316982537e-03	1.796153e-01	4.160433e-02
1.857045822685470e-03	1.809224e-01	3.971535e-02
1.857316315360250e-03	1.799775e-01	4.218473e-02
1.857486160457576e-03	1.792251e-01	4.630400e-02
1.857622406783748e-03	1.786672e-01	5.032526e-02
1.857770759208542e-03	1.779564e-01	5.399375e-02
1.857937540944691e-03	1.772542e-01	5.633533e-02
1.858081438090724e-03	1.767238e-01	5.531336e-02
1.858204809514074e-03	1.762702e-01	5.073637e-02
1.858320836321297e-03	1.759132e-01	4.349366e-02
1.858440835911852e-03	1.756009e-01	3.429177e-02
1.858567496785617e-03	1.753021e-01	2.422388e-02
1.858730685289549e-03	1.747294e-01	1.270781e-02
1.858880694545500e-03	1.740490e-01	6.318152e-03
1.859071395985176e-03	1.727870e-01	6.249547e-03
1.859264349293762e-03	1.695868e-01	1.262273e-02
1.859430993739416e-03	1.661042e-01	2.224723e-02
1.859560123143193e-03	1.636148e-01	3.128944e-02
1.859689743303563e-03	1.612413e-01	4.000083e-02
1.859820273694641e-03	1.588641e-01	4.654126e-02
1.859983008042283e-03	1.559134e-01	5.072914e-02
1.860196916891349e-03	1.531530e-01	5.426756e-02
1.860335248796888e-03	1.523033e-01	5.771887e-02
1.860507317243446e-03	1.512529e-01	6.262267e-02
1.860707793993177e-03	1.502200e-01	6.772999e-02
1.860891220726925e-03	1.498728e-01	7.123448e-02
1.861189071350278e-03	1.504295e-01	7.692368e-02
1.861365143296915e-03	1.515049e-01	8.292486e-02
1.861579221262610e-03	1.530189e-01	9.222268e-02
1.861745824663701e-03	1.543446e-01	9.824806e-02
1.861960400646905e-03	1.568380e-01	1.030076e-01
1.862157771192578e-03	1.600655e-01	1.056707e-01
1.862371591482894e-03	1.642098e-01	1.087927e-01
1.862564883163894e-03	1.682158e-01	1.121795e-01
1.862713163194792e-03	1.716344e-01	1.146713e-01
1.862888083787243e-03	1.758899e-01	1.163543e-01
1.863074178204160e-03	1.806155e-01	1.147043e-01
1.863228550651740e-03	1.846986e-01	1.083580e-01
1.863374922449736e-03	1.888282e-01	9.818082e-02
1.863502004200726e-03	1.924992e-01	8.768530e-02
1.863641259003429e-03	1.963513e-01	7.640393e-02
1.863815131498541e-03	2.009740e-01	6.525268e-02
1.863948241189838e-03	2.041507e-01	6.044459e-02
1.864047333406458e-03	2.062599e-01	6.053743e-02
1.864155275520996e-03	2.083845e-01	6.464145e-02
1.864274817294631e-03	2.106408e-01	7.283861e-02
1.864401395343819e-03	2.131401e-01	8.447221e-02
1.864548561800064e-03	2.148030e-01	9.827290e-02
1.864686006264004e-03	2.154511e-01	1.096901e-01
1.864813866177918e-03	2.163049e-01	1.184101e-01
1.864914447833439e-03	2.173339e-01	1.228916e-01
1.865012202124872e-03	2.185315e-01	1.238173e-01
1.865109685870129e-03	2.196174e-01	1.197706e-01
1.865241948330761e-03	2.213420e-01	1.076775e-01
1.865373269877410e-03	2.237662e-01	9.127778e-02
1.865485315819108e-03	2.259848e-01	7.498883e-02
1.865600949974771e-03	2.282098e-01	5.774964e-02
1.865696189319805e-03	2.299677e-01	4.483534e-02
1.865807926532452e-03	2.318821e-01	3.322716e-02
1.865948786205036e-03	2.342660e-01	2.564989e-02
1.866108432482260e-03	2.361740e-01	2.326471e-02
1.866292796575798e-03	2.359491e-01	2.090981e-02
1.866478695198013e-03	2.329228e-01	1.601709e-02
1.866658027199798e-03	2.300023e-01	1.211565e-02
1.866819489432473e-03	2.281727e-01	1.080526e-02
1.866993454402641e-03	2.249828e-01	1.097411e-02
1.867157000104830e-03	2.214738e-01	1.546921e-02
1.867330832411767e-03	2.173217e-01	2.578701e-02
1.867512272531718e-03	2.127713e-01	4.006140e-02
1.867657128282232e-03	2.092031e-01	5.159307e-02
1.867812043370304e-03	2.053835e-01	6.078580e-02
1.868003142635514e-03	2.007697e-01	6.680052e-02
1.868220086379426e-03	1.969954e-01	7.240964e-02
1.868374671625979e-03	1.957870e-01	7.888542e-02
1.868553077861344e-03	1.944059e-01	8.723281e-02
1.868742345547068e-03	1.932758e-01	9.465386e-02
1.868952214318393e-03	1.929367e-01	9.843855e-02
1.869226643381420e-03	1.933544e-01	9.481849e-02
1.869521880990111e-03	1.961203e-01	8.585885e-02
1.869676259690956e-03	1.982245e-01	8.065021e-02
1.869802536499114e-03	1.997679e-01	7.693891e-02
1.869927586921368e-03	2.012847e-01	7.489385e-02
1.870060129276690e-03	2.027959e-01	7.441434e-02
1.870193359088478e-03	2.041106e-01	7.476482e-02
1.870316237931488e-03	2.051956e-01	7.534631e-02
1.870450801078159e-03	2.063501e-01	7.617910e-02
1.870620810784541e-03	2.076621e-01	7.720855e-02
1.870809783021861e-03	2.089877e-01	7.811587e-02
1.870994282132738e-03	2.103247e-01	7.922196e-02
1.871081220125418e-03	2.109853e-01	8.078067e-02
1.871141675084290e-03	2.114232e-01	8.316872e-02
1.871196188107215e-03	2.118456e-01	8.649476e-02
1.871267829746034e-03	2.124048e-01	9.202850e-02
1.871345541334761e-03	2.129955e-01	9.903549e-02
1.871430021660349e-03	2.137066e-01	1.075323e-01
1.871567400797975e-03	2.148769e-01	1.215635e-01
1.871720113016032e-03	2.162427e-01	1.358132e-01
1.871817167049818e-03	2.173833e-01	1.431023e-01
1.871910857820892e-03	2.187350e-01	1.474742e-01
1.872020442809064e-03	2.206568e-01	1.492070e-01
1.872088731529700e-03	2.218751e-01	1.476123e-01
1.872180682960547e-03	2.230015e-01	1.408616e-01
1.872364585822239e-03	2.268755e-01	1.226294e-01
1.872498972346503e-03	2.310532e-01	1.078542e-01
1.872612508697952e-03	2.343591e-01	9.458278e-02
1.872726933509919e-03	2.375031e-01	8.277501e-02
1.872867495332295e-03	2.411881e-01	7.281949e-02
1.873011245983164e-03	2.446458e-01	6.937943e-02
1.873151346562062e-03	2.474797e-01	7.263049e-02
1.873287321937173e-03	2.495432e-01	8.007770e-02
1.873383117582869e-03	2.510496e-01	8.746699e-02
1.873492996138947e-03	2.526399e-01	9.701153e-02
1.873620127032860e-03	2.537936e-01	1.074004e-01
1.873751483237862e-03	2.544550e-01	1.162708e-01
1.873875426736027e-03	2.552674e-01	1.223666e-01
1.873973234821360e-03	2.561989e-01	1.249845e-01
1.874071529650594e-03	2.573230e-01	1.260856e-01
1.874168803099926e-03	2.585716e-01	1.271806e-01
1.874298876807391e-03	2.604683e-01	1.294855e-01
1.874434210297732e-03	2.627250e-01	1.325436e-01
1.874582824181714e-03	2.652998e-01	1.359702e-01
1.874740512454430e-03	2.680394e-01	1.387547e-01
1.874981869759898e-03	2.725789e-01	1.414799e-01
1.875254280621436e-03	2.790259e-01	1.451936e-01
1.875672383789415e-03	2.899701e-01	1.535842e-01
1.875847037140035e-03	2.946482e-01	1.559879e-01
1.876042020627700e-03	3.001433e-01	1.549940e-01
1.876157700752584e-03	3.033887e-01	1.490679e-01
1.876281680982188e-03	3.069481e-01	1.363844e-01
1.876393966452554e-03	3.101485e-01	1.212156e-01
1.876539370878178e-03	3.142662e-01	9.964034e-02
1.876681109769361e-03	3.181685e-01	8.062381e-02
1.876873017238527e-03	3.226186e-01	6.309257e-02
1.877051060498728e-03	3.255254e-01	5.786397e-02
1.877149522694256e-03	3.272976e-01	6.228784e-02
1.877242422199008e-03	3.287947e-01	7.128441e-02
1.877337128762941e-03	3.299046e-01	8.306180e-02
1.877448847999638e-03	3.307378e-01	9.879649e-02
1.877579561114817e-03	3.297388e-01	1.162164e-01
1.877688071727121e-03	3.280969e-01	1.290082e-01
1.877797062069902e-03	3.273140e-01	1.404486e-01
1.877879451605684e-03	3.271855e-01	1.468974e-01
1.877969623791550e-03	3.272726e-01	1.507523e-01
1.878051039104589e-03	3.274060e-01	1.518307e-01
1.878178384643608e-03	3.279330e-01	1.521340e-01
1.878321361717844e-03	3.294165e-01	1.529625e-01
1.878428354198720e-03	3.306119e-01	1.534163e-01
1.878554045828193e-03	3.320855e-01	1.537404e-01
1.878683446731980e-03	3.339180e-01	1.540776e-01
1.878942248539553e-03	3.380270e-01	1.542820e-01
1.879289278803307e-03	3.439523e-01	1.533098e-01
1.879661451019092e-03	3.519671e-01	1.525045e-01
1.879920780331190e-03	3.577606e-01	1.521058e-01
1.880073029625682e-03	3.610840e-01	1.521876e-01
1.880349572594301e-03	3.670287e-01	1.530792e-01
1.880766454909066e-03	3.757271e-01	1.548242e-01
1.881002860389952e-03	3.804922e-01	1.551644e-01
1.881096854578255e-03	3.823462e-01	1.526973e-01
1.881140589807095e-03	3.831579e-01	1.498755e-01
1.881209091615639e-03	3.842622e-01	1.435169e-01
1.881322034306377e-03	3.861450e-01	1.303114e-01
1.881425748298869e-03	3.877579e-01	1.161192e-01
1.881589027865899e-03	3.903359e-01	9.312232e-02
1.881745738188854e-03	3.932500e-01	7.405506e-02
1.881847589734502e-03	3.944161e-01	6.427940e-02
1.881924120059150e-03	3.949478e-01	5.976924e-02
1.882000094323796e-03	3.955646e-01	5.864678e-02
1.882114604962523e-03	3.960220e-01	6.049409e-02
1.882228144759691e-03	3.956280e-01	6.438185e-02
1.882381906568575e-03	3.930423e-01	7.068621e-02
1.882562098422498e-03	3.897019e-01	7.975569e-02
1.882708371062909e-03	3.872526e-01	8.740345e-02
1.882843818230301e-03	3.846182e-01	9.262651e-02
1.882977914969000e-03	3.818655e-01	9.524523e-02
1.883117356921698e-03	3.793642e-01	9.631126e-02
1.883199151752231e-03	3.779674e-01	9.658211e-02
1.883397809872538e-03	3.743637e-01	9.678069e-02
1.883670481333974e-03	3.697459e-01	9.699896e-02
1.883843247840722e-03	3.669930e-01	9.711470e-02
1.884055395502357e-03	3.637009e-01	9.664157e-02
1.884195945583462e-03	3.615877e-01	9.511659e-02
1.884316373859649e-03	3.598699e-01	9.263888e-02
1.884440493119704e-03	3.581916e-01	8.941659e-02
1.884566316986829e-03	3.565444e-01	8.598760e-02
1.884707725508320e-03	3.547069e-01	8.252944e-02
1.884853875260929e-03	3.527492e-01	7.999475e-02
1.884992122251196e-03	3.507976e-01	7.874121e-02
1.885279673402992e-03	3.460441e-01	7.567017e-02
1.885580859752975e-03	3.409013e-01	6.967635e-02
1.885743159890219e-03	3.381130e-01	6.698439e-02
1.885937095855822e-03	3.346267e-01	6.542648e-02
1.886119986747008e-03	3.311308e-01	6.634530e-02
1.886317083800024e-03	3.269954e-01	6.964862e-02
1.886468135112905e-03	3.236584e-01	7.318790e-02
1.886625676264242e-03	3.202561e-01	7.718898e-02
1.886770312703598e-03	3.172080e-01	8.024481e-02
1.886936869822682e-03	3.138763e-01	8.238332e-02
1.887128370895794e-03	3.105900e-01	8.396083e-02
1.887272525491913e-03	3.084803e-01	8.543663e-02
1.887458849732475e-03	3.058767e-01	8.778019e-02
1.887638842111004e-03	3.035170e-01	8.994551e-02
1.887873377746139e-03	3.007245e-01	9.161213e-02
1.888146267221830e-03	2.980188e-01	9.089555e-02
1.888407222747592e-03	2.962331e-01	8.765896e-02
1.888577197525327e-03	2.953673e-01	8.463231e-02
1.888694395275947e-03	2.947532e-01	8.250639e-02
1.888808905184476e-03	2.941430e-01	8.088967e-02
1.888932661540910e-03	2.934605e-01	7.990195e-02
1.889056848195752e-03	2.926791e-01	7.936148e-02
1.889155230027636e-03	2.919932e-01	7.868722e-02
1.889256609912468e-03	2.912791e-01	7.748151e-02
1.889364334296593e-03	2.905023e-01	7.577223e-02
1.889499231903945e-03	2.895303e-01	7.338224e-02
1.889641384074178e-03	2.884988e-01	7.103111e-02
1.889835020839141e-03	2.870321e-01	6.885011e-02
1.890038938049668e-03	2.852491e-01	6.808715e-02
1.890238755294750e-03	2.831262e-01	6.836966e-02
1.890392475765561e-03	2.813504e-01	6.894113e-02
1.890575674658698e-03	2.792487e-01	6.982602e-02
1.890729740862397e-03	2.774738e-01	7.053262e-02
1.890898398238425e-03	2.755663e-01	7.124755e-02
1.891040103767342e-03	2.740389e-01	7.260226e-02
1.891116208806719e-03	2.732745e-01	7.496166e-02
1.891197402824858e-03	2.724642e-01	7.966651e-02
1.891273117465553e-03	2.717562e-01	8.569948e-02
1.891375908860284e-03	2.708319e-01	9.559099e-02
1.891497657941493e-03	2.696871e-01	1.081482e-01
1.891672307585722e-03	2.681033e-01	1.248743e-01
1.891854550943933e-03	2.673944e-01	1.377827e-01
1.892023410312936e-03	2.678511e-01	1.434705e-01
1.892163316097394e-03	2.688395e-01	1.440616e-01
1.892306578986109e-03	2.704142e-01	1.430888e-01
1.892421667759730e-03	2.719945e-01	1.419579e-01
1.892504007943737e-03	2.732596e-01	1.409953e-01
1.892612088533727e-03	2.750840e-01	1.397482e-01
1.892828249713707e-03	2.788773e-01	1.376125e-01
1.893213675383741e-03	2.870270e-01	1.350767e-01
1.893418934364458e-03	2.917852e-01	1.329756e-01
1.893615442133880e-03	2.963348e-01	1.300774e-01
1.893752347114161e-03	2.995390e-01	1.283740e-01
1.893904178589211e-03	3.030031e-01	1.272804e-01
1.894037068149678e-03	3.059532e-01	1.277532e-01
1.894150349517403e-03	3.085192e-01	1.305011e-01
1.894294940876704e-03	3.117288e-01	1.370125e-01
1.894439013865703e-03	3.146357e-01	1.451772e-01
1.894574329902543e-03	3.172718e-01	1.533381e-01
1.894727268089625e-03	3.202348e-01	1.615897e-01
1.894867320243248e-03	3.229872e-01	1.667109e-01
1.895017406850859e-03	3.260820e-01	1.676980e-01
1.895182528966072e-03	3.297208e-01	1.623484e-01
1.895362656587455e-03	3.346578e-01	1.512412e-01
1.895491595123910e-03	3.385047e-01	1.412294e-01
1.895625524230350e-03	3.422475e-01	1.303503e-01
1.895765978442372e-03	3.460671e-01	1.208675e-01
1.895913571761249e-03	3.498601e-01	1.150929e-01
1.896064828938486e-03	3.536500e-01	1.158271e-01
1.896261359814730e-03	3.578858e-01	1.248599e-01
1.896441582297852e-03	3.603671e-01	1.370338e-01
1.896573131083810e-03	3.618190e-01	1.470873e-01
1.896706647381600e-03	3.630608e-01	1.564097e-01
1.896839339457832e-03	3.642843e-01	1.634936e-01
1.896944219892464e-03	3.655042e-01	1.666725e-01
1.897043896350589e-03	3.668343e-01	1.664735e-01
1.897143772451250e-03	3.681662e-01	1.622887e-01
1.897259851711086e-03	3.697748e-01	1.531158e-01
1.897390434917543e-03	3.720271e-01	1.397293e-01
1.897507691812979e-03	3.742926e-01	1.263648e-01
1.897626273073648e-03	3.764811e-01	1.129915e-01
1.897764716049695e-03	3.789543e-01	9.999429e-02
1.897905759093312e-03	3.814564e-01	9.222372e-02
1.898066660137495e-03	3.833921e-01	8.884470e-02
1.898191140702590e-03	3.838200e-01	8.722419e-02
1.898303809154789e-03	3.840251e-01	8.564319e-02
1.898477732044550e-03	3.834519e-01	8.228824e-02
1.898649315234745e-03	3.817025e-01	7.843810e-02
1.898818754422394e-03	3.797539e-01	7.588254e-02
1.899016722709130e-03	3.778951e-01	7.706198e-02
1.899214927439672e-03	3.754146e-01	8.377939e-02
1.899372046519220e-03	3.726596e-01	9.316309e-02
1.899514793036870e-03	3.698239e-01	1.036322e-01
1.899661048161959e-03	3.669066e-01	1.140678e-01
1.899815243376602e-03	3.640870e-01	1.226806e-01
1.899966929960341e-03	3.617119e-01	1.271174e-01
1.900150916375231e-03	3.599336e-01	1.290579e-01
1.900302270016831e-03	3.593099e-01	1.301215e-01
1.900486698432127e-03	3.588742e-01	1.312925e-01
1.900666831862784e-03	3.586424e-01	1.321661e-01
1.900861108815258e-03	3.585294e-01	1.321042e-01
1.901102766103076e-03	3.588223e-01	1.284453e-01
1.901222771971994e-03	3.590558e-01	1.220181e-01
1.901351250052112e-03	3.594538e-01	1.102397e-01
1.901481610676421e-03	3.601238e-01	9.632702e-02
1.901606621026077e-03	3.608257e-01	8.306472e-02
1.901772739252887e-03	3.615961e-01	6.865227e-02
1.901937277388006e-03	3.619875e-01	6.158435e-02
1.902118524544680e-03	3.609998e-01	6.430226e-02
1.902306357147559e-03	3.584290e-01	7.689735e-02
1.902463199818517e-03	3.554918e-01	9.237027e-02
1.902583853641403e-03	3.530990e-01	1.054821e-01
1.902705764092353e-03	3.508485e-01	1.178667e-01
1.902820896401544e-03	3.489376e-01	1.270793e-01
1.902937439331237e-03	3.470778e-01	1.317421e-01
1.903092627669649e-03	3.449220e-01	1.298251e-01
1.903284909045676e-03	3.440181e-01	1.194684e-01
1.903440862699735e-03	3.444088e-01	1.069529e-01
1.903560351968718e-03	3.444922e-01	9.557427e-02
1.903680727693006e-03	3.445160e-01	8.476543e-02
1.903820721176796e-03	3.444813e-01	7.511693e-02
1.903955037225128e-03	3.443611e-01	7.076102e-02
1.904117837591424e-03	3.435181e-01	7.152155e-02
1.904290551919812e-03	3.414760e-01	7.618272e-02
1.904427953880454e-03	3.394945e-01	8.175820e-02
1.904562946838655e-03	3.375572e-01	8.806987e-02
1.904711109129293e-03	3.353833e-01	9.448335e-02
1.904847908305802e-03	3.334616e-01	9.894669e-02
1.904978047617295e-03	3.317756e-01	1.013778e-01
1.905118189092241e-03	3.303372e-01	1.033764e-01
1.905226052853749e-03	3.294524e-01	1.057646e-01
1.905364770157875e-03	3.283891e-01	1.100599e-01
1.905524300739853e-03	3.272572e-01	1.155251e-01
1.905697205188962e-03	3.261902e-01	1.206653e-01
1.905944838740450e-03	3.254888e-01	1.261659e-01
1.906168016343886e-03	3.257953e-01	1.315418e-01
1.906325652608733e-03	3.266184e-01	1.381094e-01
1.906515008845358e-03	3.277521e-01	1.484546e-01
1.906694417807124e-03	3.289555e-01	1.574745e-01
1.906897526847930e-03	3.309931e-01	1.641345e-01
1.907082989698216e-03	3.331530e-01	1.634517e-01
1.907364940338715e-03	3.377914e-01	1.533385e-01
1.907534083015972e-03	3.421574e-01	1.455372e-01
1.907659755791824e-03	3.452556e-01	1.391036e-01
1.907784120595745e-03	3.481625e-01	1.339702e-01
1.907949219695127e-03	3.518893e-01	1.299408e-01
1.908099731636603e-03	3.548606e-01	1.271452e-01
1.908226012254607e-03	3.569869e-01	1.230294e-01
1.908362501124842e-03	3.590776e-01	1.160716e-01
1.908524150375531e-03	3.616801e-01	1.069951e-01
1.908740012427951e-03	3.648449e-01	9.611167e-02
1.908903020950634e-03	3.666136e-01	9.137307e-02
1.909071971302105e-03	3.676641e-01	9.359166e-02
1.909215239956409e-03	3.676943e-01	1.034758e-01
1.909338095190612e-03	3.672117e-01	1.180460e-01
1.909455622345201e-03	3.664812e-01	1.351211e-01
1.909574743688219e-03	3.657372e-01	1.532899e-01
1.909687393060718e-03	3.653297e-01	1.694582e-01
1.909801155239815e-03	3.654754e-01	1.834097e-01
1.909882439824139e-03	3.658092e-01	1.904599e-01
1.909974625399063e-03	3.663551e-01	1.945075e-01
1.910053180417064e-03	3.670473e-01	1.950991e-01
1.910136312598281e-03	3.678233e-01	1.931863e-01
1.910302576960717e-03	3.699956e-01	1.861734e-01
1.910514261494011e-03	3.734718e-01	1.747412e-01
1.910677691470058e-03	3.775586e-01	1.666656e-01
1.910809673503891e-03	3.810586e-01	1.615361e-01
1.910941976363595e-03	3.844516e-01	1.584164e-01
1.911066374226114e-03	3.874177e-01	1.560999e-01
1.911143177886567e-03	3.891427e-01	1.532166e-01
1.911230568984040e-03	3.910789e-01	1.475828e-01
1.911319273012205e-03	3.929086e-01	1.399198e-01
1.911460611630003e-03	3.957377e-01	1.257618e-01
1.911596064966023e-03	3.983114e-01	1.123772e-01
1.911808699584337e-03	4.022894e-01	9.673982e-02
1.912019502820227e-03	4.068115e-01	9.179003e-02
1.912194148713051e-03	4.079424e-01	9.348893e-02
1.912358548021480e-03	4.068518e-01	9.769581e-02
1.912483202889376e-03	4.053029e-01	1.017581e-01
1.912621611159614e-03	4.035862e-01	1.068748e-01
1.912744500243457e-03	4.023221e-01	1.113188e-01
1.912859416386244e-03	4.013274e-01	1.145885e-01
1.912988961356568e-03	4.003371e-01	1.172273e-01
1.913065877522726e-03	3.998201e-01	1.193726e-01
1.913128101271793e-03	3.993091e-01	1.227107e-01
1.913201112060333e-03	3.987381e-01	1.289893e-01
1.913284735927522e-03	3.980890e-01	1.383521e-01
1.913374007894549e-03	3.974395e-01	1.502396e-01
1.913494419330691e-03	3.965512e-01	1.675746e-01
1.913632209032385e-03	3.957427e-01	1.871768e-01
1.913738716804750e-03	3.956113e-01	2.007138e-01
1.913846646766163e-03	3.959104e-01	2.115726e-01
1.913915355732754e-03	3.962974e-01	2.159815e-01
1.914001631617293e-03	3.968879e-01	2.170018e-01
1.914174183386369e-03	3.986196e-01	2.094398e-01
1.914416103123092e-03	4.019996e-01	1.885480e-01
1.914574069308483e-03	4.066463e-01	1.735662e-01
1.914693226462742e-03	4.102020e-01	1.624023e-01
1.914812481580135e-03	4.135107e-01	1.534711e-01
1.914936874345824e-03	4.168629e-01	1.483161e-01
1.915061128438321e-03	4.200413e-01	1.479793e-01
1.915196446176188e-03	4.231101e-01	1.516258e-01
1.915322329529439e-03	4.256988e-01	1.574423e-01
1.915464614061549e-03	4.283346e-01	1.655019e-01
1.915594366718309e-03	4.304394e-01	1.729766e-01
1.915724993565063e-03	4.324876e-01	1.797336e-01
1.915852439381361e-03	4.344297e-01	1.845485e-01
1.915971401037336e-03	4.363347e-01	1.865555e-01
1.916070367013860e-03	4.380151e-01	1.849940e-01
1.916159186994897e-03	4.395527e-01	1.798102e-01
1.916249532984953e-03	4.411215e-01	1.710136e-01
1.916346418807571e-03	4.428959e-01	1.589460e-01
1.916444890939194e-03	4.446297e-01	1.449060e-01
1.916572714966266e-03	4.467976e-01	1.262583e-01
1.916723775544460e-03	4.497093e-01	1.078487e-01
1.916912462805255e-03	4.534410e-01	9.454190e-02
1.917084997226331e-03	4.545810e-01	9.076118e-02
1.917183322637739e-03	4.543846e-01	9.230664e-02
1.917293795538152e-03	4.540869e-01	9.664145e-02
1.917396922480502e-03	4.531407e-01	1.013339e-01
1.917501192041112e-03	4.515642e-01	1.062809e-01
1.917651265096617e-03	4.492317e-01	1.135478e-01
1.917780839721004e-03	4.475281e-01	1.191966e-01
1.917926938014468e-03	4.454448e-01	1.232210e-01
1.918065219094164e-03	4.437958e-01	1.255746e-01
1.918143016409292e-03	4.428911e-01	1.269413e-01
1.918225098178435e-03	4.418101e-01	1.289013e-01
1.918315936829551e-03	4.406571e-01	1.316990e-01
1.918443041469101e-03	4.390840e-01	1.361749e-01
1.918570622727362e-03	4.375626e-01	1.406707e-01
1.918771685707157e-03	4.353220e-01	1.463041e-01
1.918992734498289e-03	4.334138e-01	1.485040e-01
1.919155900719577e-03	4.322735e-01	1.435679e-01
1.919358563751106e-03	4.316376e-01	1.292033e-01
1.919502921509040e-03	4.316988e-01	1.160689e-01
1.919654806490539e-03	4.316627e-01	1.019232e-01
1.919798628077390e-03	4.314931e-01	9.147586e-02
1.919956806665739e-03	4.307583e-01	8.609931e-02
1.920121443446557e-03	4.293768e-01	8.926000e-02
1.920301313243574e-03	4.267863e-01	1.010404e-01
1.920449483704129e-03	4.237735e-01	1.145947e-01
1.920568957985113e-03	4.213191e-01	1.267886e-01
1.920689245082414e-03	4.189854e-01	1.383048e-01
1.920819818521839e-03	4.167487e-01	1.482620e-01
1.920938672578556e-03	4.149759e-01	1.536599e-01
1.921087170512884e-03	4.136013e-01	1.583464e-01
1.921217320186317e-03	4.132815e-01	1.651917e-01
1.921360874202572e-03	4.133888e-01	1.766153e-01
1.921521852411924e-03	4.133966e-01	1.910481e-01
1.921640349894816e-03	4.135493e-01	2.013851e-01
1.921762345181925e-03	4.143400e-01	2.101665e-01
1.921945272361044e-03	4.167253e-01	2.179110e-01
1.922212773743660e-03	4.205313e-01	2.213196e-01
1.922402946437635e-03	4.253206e-01	2.237430e-01
1.922653491608831e-03	4.333642e-01	2.275054e-01
1.922911319804716e-03	4.427360e-01	2.295119e-01
1.923112245601502e-03	4.505837e-01	2.259268e-01
1.923255889410351e-03	4.563750e-01	2.167983e-01
1.923402773695018e-03	4.626046e-01	2.021249e-01
1.923522506051753e-03	4.677267e-01	1.885615e-01
1.923663339575081e-03	4.734274e-01	1.733781e-01
1.923839668351550e-03	4.802011e-01	1.599694e-01
1.924030886920274e-03	4.866280e-01	1.534359e-01
1.924228767680540e-03	4.916869e-01	1.507959e-01
1.924401683379245e-03	4.950331e-01	1.484553e-01
1.924598805056498e-03	4.981117e-01	1.456353e-01
1.924869325150594e-03	5.032414e-01	1.452106e-01
1.925068818502990e-03	5.049663e-01	1.479964e-01
1.925237851254521e-03	5.041721e-01	1.559786e-01
1.925411483301753e-03	5.025265e-01	1.704559e-01
1.925529157625366e-03	5.016840e-01	1.826450e-01
1.925637392533313e-03	5.012974e-01	1.941571e-01
1.925756691629665e-03	5.012419e-01	2.053660e-01
1.925869245318209e-03	5.011147e-01	2.117534e-01
1.926088674400069e-03	5.022230e-01	2.169148e-01
1.926251840523457e-03	5.044750e-01	2.189610e-01
1.926418946355970e-03	5.069608e-01	2.199648e-01
1.926602936268723e-03	5.097740e-01	2.205320e-01
1.926861085792896e-03	5.143575e-01	2.209803e-01
1.927252283487400e-03	5.241619e-01	2.236944e-01
1.927634498748360e-03	5.346272e-01	2.270420e-01
1.927913065277528e-03	5.422193e-01	2.282901e-01
1.928081589685025e-03	5.469284e-01	2.262146e-01
1.928186874631476e-03	5.498853e-01	2.211493e-01
1.928289523530076e-03	5.527260e-01	2.125136e-01
1.928400271370762e-03	5.557300e-01	2.008268e-01
1.928531084306423e-03	5.591385e-01	1.859273e-01
1.928695382321915e-03	5.632519e-01	1.691364e-01
1.928886756089804e-03	5.676895e-01	1.568581e-01
1.929108298713833e-03	5.715449e-01	1.512201e-01
1.929306905931889e-03	5.759434e-01	1.506760e-01
1.929530146541140e-03	5.771376e-01	1.468737e-01
1.929766329868733e-03	5.734099e-01	1.395305e-01
1.929949176402870e-03	5.700321e-01	1.360463e-01
1.930085079300566e-03	5.686854e-01	1.383395e-01
1.930266974213198e-03	5.666882e-01	1.472006e-01
1.930414666613280e-03	5.644330e-01	1.573447e-01
1.930534213513282e-03	5.621759e-01	1.664274e-01
1.930663621778463e-03	5.596922e-01	1.757298e-01
1.930814184038930e-03	5.569600e-01	1.840837e-01
1.930970004364966e-03	5.545987e-01	1.888579e-01
1.931134895055182e-03	5.530433e-01	1.911759e-01
1.931272873719234e-03	5.523443e-01	1.929035e-01
1.931429172376366e-03	5.518875e-01	1.952732e-01
1.931613480080953e-03	5.515063e-01	1.978916e-01
1.931795662479474e-03	5.513375e-01	1.997263e-01
1.932047260207405e-03	5.519544e-01	2.024344e-01
1.932217744296812e-03	5.531014e-01	2.067692e-01
1.932449079568702e-03	5.549438e-01	2.160964e-01
1.932658713905288e-03	5.566603e-01	2.247353e-01
1.932887268225420e-03	5.590420e-01	2.310971e-01
1.933096780577431e-03	5.614218e-01	2.307622e-01
1.933354949900520e-03	5.659154e-01	2.243824e-01
1.933514559610823e-03	5.697814e-01	2.190390e-01
1.933643196773278e-03	5.726963e-01	2.141048e-01
1.933770314126897e-03	5.755033e-01	2.100839e-01
1.933928743035228e-03	5.789326e-01	2.071910e-01
1.934079443901387e-03	5.819730e-01	2.060218e-01
1.934230681652567e-03	5.846685e-01	2.047718e-01
1.934378439534022e-03	5.870854e-01	2.027980e-01
1.934531697308983e-03	5.894879e-01	2.005100e-01
1.934755010377442e-03	5.931162e-01	1.982732e-01
1.935016928598969e-03	5.960446e-01	1.947110e-01
1.935162409578246e-03	5.969152e-01	1.888836e-01
1.935299959672644e-03	5.977025e-01	1.784138e-01
1.935440726815872e-03	5.984823e-01	1.643341e-01
1.935608855037014e-03	5.994672e-01	1.471723e-01
1.935786385098852e-03	6.003387e-01	1.331812e-01
1.935981728646229e-03	6.001306e-01	1.273437e-01
1.936190054682060e-03	5.974439e-01	1.335714e-01
1.936386832316865e-03	5.937606e-01	1.496245e-01
1.936519191135428e-03	5.905812e-01	1.634109e-01
1.936641262290236e-03	5.876584e-01	1.764564e-01
1.936756861177093e-03	5.850132e-01	1.871581e-01
1.936873025028625e-03	5.825787e-01	1.947429e-01
1.936991453190054e-03	5.804022e-01	1.980100e-01
1.937119124717689e-03	5.785178e-01	1.967462e-01
1.937252234945326e-03	5.772076e-01	1.919136e-01
1.937379051299515e-03	5.763540e-01	1.850964e-01
1.937511637568795e-03	5.756821e-01	1.767746e-01
1.937639554524067e-03	5.751442e-01	1.688136e-01
1.937767761379749e-03	5.746065e-01	1.621474e-01
1.937908146330191e-03	5.738972e-01	1.575558e-01
1.938036358071147e-03	5.731777e-01	1.566244e-01
1.938199437182692e-03	5.717386e-01	1.582962e-01
1.938324188543504e-03	5.703304e-01	1.607206e-01
1.938457490796701e-03	5.688526e-01	1.642042e-01
1.938600548438052e-03	5.672278e-01	1.681362e-01
1.938721912342853e-03	5.658451e-01	1.711448e-01
1.938854645619002e-03	5.644082e-01	1.736286e-01
1.938980368481363e-03	5.631606e-01	1.753087e-01
1.939111109516426e-03	5.620919e-01	1.777729e-01
1.939215341410433e-03	5.613791e-01	1.815846e-01
1.939333755716470e-03	5.606754e-01	1.880410e-01
1.939496827516415e-03	5.596919e-01	1.982273e-01
1.939664394013865e-03	5.587984e-01	2.080080e-01
1.939876510004247e-03	5.581772e-01	2.164073e-01
1.940094824532572e-03	5.587714e-01	2.205684e-01
1.940303156869482e-03	5.606037e-01	2.231375e-01
1.940494652120276e-03	5.629073e-01	2.257321e-01
1.940698006054810e-03	5.655614e-01	2.279796e-01
1.940976392684054e-03	5.697628e-01	2.307635e-01
1.941192177130201e-03	5.739268e-01	2.354340e-01
1.941382619817551e-03	5.781700e-01	2.431425e-01
1.941580836182501e-03	5.825292e-01	2.527618e-01
1.941744253543894e-03	5.862509e-01	2.594573e-01
1.941955624995508e-03	5.915437e-01	2.631904e-01
1.942142002472125e-03	5.964313e-01	2.574993e-01
1.942348882233840e-03	6.029229e-01	2.407659e-01
1.942503907956092e-03	6.084609e-01	2.239615e-01
1.942646976808223e-03	6.132857e-01	2.078800e-01
1.942795197424175e-03	6.178873e-01	1.947657e-01
1.942964879007462e-03	6.226058e-01	1.877026e-01
1.943139581015309e-03	6.270764e-01	1.906531e-01
1.943365515354905e-03	6.309830e-01	2.028705e-01
1.943524115064076e-03	6.325143e-01	2.136129e-01
1.943663982086231e-03	6.340253e-01	2.236659e-01
1.943812485447141e-03	6.344658e-01	2.312141e-01
1.943951422081138e-03	6.346151e-01	2.345261e-01
1.944076791435626e-03	6.354589e-01	2.342938e-01
1.944168942075893e-03	6.363213e-01	2.315739e-01
1.944266563396350e-03	6.372359e-01	2.264306e-01
1.944362894875826e-03	6.381741e-01	2.199292e-01
1.944475838499554e-03	6.393890e-01	2.114233e-01
1.944577233698641e-03	6.405453e-01	2.036954e-01
1.944679377573064e-03	6.416119e-01	1.963945e-01
1.944782651041926e-03	6.426240e-01	1.904559e-01
1.944912435609622e-03	6.438713e-01	1.863580e-01
1.945061987903627e-03	6.451729e-01	1.874478e-01
1.945233337463243e-03	6.459424e-01	1.957439e-01
1.945412822888820e-03	6.451746e-01	2.088997e-01
1.945536619658042e-03	6.443214e-01	2.194928e-01
1.945663273771406e-03	6.438210e-01	2.305400e-01
1.945772923995748e-03	6.436026e-01	2.387435e-01
1.945883493301884e-03	6.434720e-01	2.440893e-01
1.946024694535755e-03	6.433012e-01	2.440030e-01
1.946208233141397e-03	6.435328e-01	2.320119e-01
1.946398658336486e-03	6.454608e-01	2.102786e-01
1.946520832580054e-03	6.470947e-01	1.932367e-01
1.946653086229602e-03	6.484966e-01	1.747011e-01
1.946794429801952e-03	6.498892e-01	1.588611e-01
1.946930815315963e-03	6.510935e-01	1.513020e-01
1.947094172927801e-03	6.519501e-01	1.550810e-01
1.947266681824341e-03	6.505554e-01	1.708181e-01
1.947408601651366e-03	6.476556e-01	1.900820e-01
1.947522811512900e-03	6.456426e-01	2.087328e-01
1.947641086700264e-03	6.436929e-01	2.278774e-01
1.947760603983962e-03	6.419855e-01	2.446030e-01
1.947873826033619e-03	6.406228e-01	2.552547e-01
1.948013920962644e-03	6.393792e-01	2.582104e-01
1.948199952675136e-03	6.392442e-01	2.476091e-01
1.948383084997504e-03	6.403988e-01	2.261388e-01
1.948515476399132e-03	6.418975e-01	2.066789e-01
1.948624800908401e-03	6.431033e-01	1.901656e-01
1.948737000353822e-03	6.442356e-01	1.753085e-01
1.948858141218914e-03	6.453925e-01	1.639619e-01
1.948983327431701e-03	6.464094e-01	1.584507e-01
1.949130870593358e-03	6.467064e-01	1.559856e-01
1.949278920476981e-03	6.456166e-01	1.525650e-01
1.949437365525595e-03	6.433388e-01	1.470150e-01
1.949602401851626e-03	6.405981e-01	1.412091e-01
1.949785078714894e-03	6.378255e-01	1.368203e-01
1.949959012337208e-03	6.346751e-01	1.359298e-01
1.950128751954795e-03	6.310716e-01	1.414784e-01
1.950280116568837e-03	6.272135e-01	1.537602e-01
1.950444859055674e-03	6.222252e-01	1.726052e-01
1.950578300272910e-03	6.180145e-01	1.891145e-01
1.950716691125331e-03	6.138607e-01	2.045590e-01
1.950869164069142e-03	6.101341e-01	2.174794e-01
1.950973213835500e-03	6.082608e-01	2.225562e-01
1.951078804103951e-03	6.066795e-01	2.254307e-01
1.951188506766610e-03	6.056114e-01	2.299309e-01
1.951288962683557e-03	6.050594e-01	2.363762e-01
1.951461196532368e-03	6.049915e-01	2.501469e-01
1.951642719068364e-03	6.052081e-01	2.639531e-01
1.951856150279928e-03	6.065814e-01	2.748485e-01
1.952128256191114e-03	6.088944e-01	2.768860e-01
1.952408780884005e-03	6.141721e-01	2.721005e-01
1.952636149518060e-03	6.218503e-01	2.682214e-01
1.952812287504959e-03	6.279290e-01	2.653835e-01
1.952972766130182e-03	6.333960e-01	2.637305e-01
1.953106336239484e-03	6.378677e-01	2.623840e-01
1.953252024836877e-03	6.427458e-01	2.586278e-01
1.953328357464627e-03	6.452654e-01	2.555709e-01
1.953481022720128e-03	6.502405e-01	2.486811e-01
1.953643329217008e-03	6.554701e-01	2.417993e-01
1.953851689481013e-03	6.619154e-01	2.355864e-01
1.954068993882417e-03	6.676678e-01	2.303687e-01
1.954204867493899e-03	6.705319e-01	2.239375e-01
1.954361871872010e-03	6.734351e-01	2.114714e-01
1.954520303455646e-03	6.759241e-01	1.965750e-01
1.954733991010683e-03	6.790684e-01	1.789395e-01
1.954938367783509e-03	6.838150e-01	1.727004e-01
1.955119723614207e-03	6.862992e-01	1.795754e-01
1.955334271722720e-03	6.837495e-01	1.991797e-01
1.955463479556291e-03	6.802283e-01	2.152232e-01
1.955569073616236e-03	6.783001e-01	2.310501e-01
1.955675589212966e-03	6.770906e-01	2.468411e-01
1.955778645716283e-03	6.763272e-01	2.600953e-01
1.955871671103676e-03	6.754271e-01	2.674749e-01
1.956038220315751e-03	6.745795e-01	2.706129e-01
1.956228059621999e-03	6.750341e-01	2.633984e-01
1.956447880073982e-03	6.771120e-01	2.466787e-01
1.956587148266318e-03	6.790242e-01	2.343649e-01
1.956706530910793e-03	6.805949e-01	2.242529e-01
1.956825523890076e-03	6.821816e-01	2.166640e-01
1.956955572120696e-03	6.839041e-01	2.125588e-01
1.957089550286004e-03	6.853097e-01	2.123984e-01
1.957210377553828e-03	6.863047e-01	2.147342e-01
1.957346644729567e-03	6.871574e-01	2.188796e-01
1.957496496414395e-03	6.875863e-01	2.239852e-01
1.957629429155910e-03	6.877329e-01	2.284454e-01
1.957775237229939e-03	6.879441e-01	2.326942e-01
1.957909691505744e-03	6.882509e-01	2.353963e-01
1.958023711502420e-03	6.886767e-01	2.372967e-01
1.958136960116318e-03	6.892524e-01	2.407901e-01
1.958243926883718e-03	6.898838e-01	2.466855e-01
1.958348795969594e-03	6.905425e-01	2.545543e-01
1.958486706570775e-03	6.914603e-01	2.663077e-01
1.958643583433269e-03	6.926799e-01	2.790719e-01
1.958849694207031e-03	6.946535e-01	2.905868e-01
1.959068308143204e-03	6.965466e-01	2.903218e-01
1.959282513717923e-03	6.995909e-01	2.759902e-01
1.959516178927632e-03	7.063594e-01	2.525133e-01
1.959642390032393e-03	7.103880e-01	2.391004e-01
1.959783440079913e-03	7.139519e-01	2.259791e-01
1.959924110102109e-03	7.172402e-01	2.184673e-01
1.960066982858299e-03	7.202269e-01	2.179520e-01
1.960229890000227e-03	7.231738e-01	2.240637e-01
1.960406090770314e-03	7.259743e-01	2.350695e-01
1.960573792691227e-03	7.267672e-01	2.456453e-01
1.960710831356850e-03	7.266903e-01	2.531671e-01
1.960849834175264e-03	7.268188e-01	2.589023e-01
1.960979086833284e-03	7.273849e-01	2.614244e-01
1.961076048870709e-03	7.279712e-01	2.595762e-01
1.961181320882047e-03	7.286406e-01	2.525609e-01
1.961277096200575e-03	7.292731e-01	2.422058e-01
1.961395878653743e-03	7.301656e-01	2.260024e-01
1.961508805267520e-03	7.311858e-01	2.093224e-01
1.961650938590635e-03	7.324227e-01	1.890880e-01
1.961789352150952e-03	7.336290e-01	1.737596e-01
1.961947200565534e-03	7.344095e-01	1.653182e-01
1.962111732528160e-03	7.342880e-01	1.695837e-01
1.962307778232917e-03	7.307815e-01	1.865186e-01
1.962438348788459e-03	7.278519e-01	2.033954e-01
1.962552687478216e-03	7.253782e-01	2.203853e-01
1.962669737352605e-03	7.227626e-01	2.368488e-01
1.962790980027314e-03	7.202204e-01	2.508550e-01
1.962911215132794e-03	7.180575e-01	2.594734e-01
1.963043601375682e-03	7.159335e-01	2.611739e-01
1.963226727986728e-03	7.147001e-01	2.557806e-01
1.963384508432582e-03	7.151093e-01	2.474934e-01
1.963526195408276e-03	7.152152e-01	2.374718e-01
1.963657887808216e-03	7.154523e-01	2.282435e-01
1.963789980574065e-03	7.158385e-01	2.207748e-01
1.963920120387947e-03	7.162073e-01	2.163716e-01
1.964047461445801e-03	7.163649e-01	2.144142e-01
1.964175074231468e-03	7.161336e-01	2.123663e-01
1.964291673238796e-03	7.157325e-01	2.092977e-01
1.964412962706621e-03	7.152542e-01	2.052345e-01
1.964572986466752e-03	7.145363e-01	1.996382e-01
1.964742463281389e-03	7.136386e-01	1.948625e-01
1.964958989514961e-03	7.120540e-01	1.925375e-01
1.965190417483908e-03	7.098062e-01	1.963243e-01
1.965436571087126e-03	7.061172e-01	2.053596e-01
1.965583463897920e-03	7.035392e-01	2.118995e-01
1.965736594866219e-03	7.011248e-01	2.184016e-01
1.965885841219124e-03	6.989871e-01	2.227577e-01
1.966030179309936e-03	6.971535e-01	2.245238e-01
1.966222145224997e-03	6.954210e-01	2.253325e-01
1.966378754946450e-03	6.945078e-01	2.258961e-01
1.966550797079589e-03	6.936190e-01	2.263048e-01
1.966751709366620e-03	6.926905e-01	2.265962e-01
1.966943549882537e-03	6.919870e-01	2.271359e-01
1.967077478088980e-03	6.917241e-01	2.291004e-01
1.967190305941761e-03	6.916770e-01	2.336132e-01
1.967311342723616e-03	6.917992e-01	2.416486e-01
1.967475364855318e-03	6.918750e-01	2.547123e-01
1.967640185821062e-03	6.919400e-01	2.674679e-01
1.967836144893050e-03	6.926100e-01	2.785452e-01
1.968050277430740e-03	6.944210e-01	2.831353e-01
1.968299688533996e-03	6.978337e-01	2.815638e-01
1.968463840946484e-03	7.008327e-01	2.786860e-01
1.968660561849275e-03	7.052566e-01	2.752014e-01
1.968875132716119e-03	7.106074e-01	2.727776e-01
1.969045131127593e-03	7.147749e-01	2.718952e-01
1.969204077942760e-03	7.185451e-01	2.711290e-01
1.969366098646458e-03	7.224916e-01	2.695606e-01
1.969556551506205e-03	7.270430e-01	2.674054e-01
1.969754007507515e-03	7.316840e-01	2.656765e-01
1.969995200555714e-03	7.370606e-01	2.653545e-01
1.970140080517995e-03	7.401301e-01	2.677475e-01
1.970272869805805e-03	7.429161e-01	2.730423e-01
1.970409984020425e-03	7.456210e-01	2.805080e-01
1.970541213192413e-03	7.480888e-01	2.883177e-01
1.970681141541775e-03	7.506835e-01	2.960859e-01
1.970831554789025e-03	7.534823e-01	3.022558e-01
1.970987735445986e-03	7.564920e-01	3.037575e-01
1.971137286083793e-03	7.594081e-01	2.963445e-01
1.971296479744613e-03	7.629560e-01	2.779537e-01
1.971443672994418e-03	7.669220e-01	2.548479e-01
1.971576632340228e-03	7.704865e-01	2.322312e-01
1.971715938600025e-03	7.737405e-01	2.109163e-01
1.971874874853715e-03	7.767501e-01	1.946822e-01
1.972042507081554e-03	7.803592e-01	1.922019e-01
1.972265035490157e-03	7.863331e-01	2.078242e-01
1.972481931173606e-03	7.839937e-01	2.250121e-01
1.972643149760049e-03	7.789308e-01	2.370383e-01
1.972752315404966e-03	7.763701e-01	2.451489e-01
1.972861532930311e-03	7.751439e-01	2.523336e-01
1.972943915929952e-03	7.745652e-01	2.558731e-01
1.973030682745844e-03	7.737527e-01	2.578422e-01
1.973131392688139e-03	7.730844e-01	2.611943e-01
1.973242602592025e-03	7.726451e-01	2.675478e-01
1.973350736512080e-03	7.723583e-01	2.758083e-01
1.973475358917945e-03	7.720090e-01	2.864785e-01
1.973608028941280e-03	7.718482e-01	2.974654e-01
1.973821420340904e-03	7.723175e-01	3.103672e-01
1.974053005282238e-03	7.737513e-01	3.121774e-01
1.974246710381803e-03	7.748057e-01	2.974423e-01
1.974464194993838e-03	7.789022e-01	2.697572e-01
1.974590734915312e-03	7.824627e-01	2.523324e-01
1.974722736316336e-03	7.852825e-01	2.350675e-01
1.974862495388926e-03	7.879238e-01	2.221370e-01
1.974997047473970e-03	7.903660e-01	2.166823e-01
1.975152002453005e-03	7.927344e-01	2.150169e-01
1.975316150576043e-03	7.937005e-01	2.122530e-01
1.975488787238776e-03	7.935539e-01	2.079746e-01
1.975756481682565e-03	7.901070e-01	2.000646e-01
1.975958188125882e-03	7.867209e-01	1.978413e-01
1.976135330472157e-03	7.850126e-01	2.054657e-01
1.976279465956696e-03	7.827977e-01	2.196163e-01
1.976405501464030e-03	7.801618e-01	2.370100e-01
1.976539469310540e-03	7.770254e-01	2.573784e-01
1.976661752570048e-03	7.742065e-01	2.749791e-01
1.976802977632457e-03	7.715016e-01	2.911914e-01
1.976949273865704e-03	7.694079e-01	2.999818e-01
1.977137803724924e-03	7.688836e-01	3.016918e-01
1.977333802953297e-03	7.698040e-01	2.974401e-01
1.977533524181088e-03	7.711900e-01	2.901495e-01
1.977748386997101e-03	7.733859e-01	2.825534e-01
1.977904446072429e-03	7.755791e-01	2.792689e-01
1.978056595329917e-03	7.777289e-01	2.779571e-01
1.978140082043823e-03	7.788580e-01	2.774205e-01
1.978268498607657e-03	7.807165e-01	2.759295e-01
1.978418540958884e-03	7.828958e-01	2.734774e-01
1.978584541190291e-03	7.853239e-01	2.706611e-01
1.978767278546807e-03	7.880500e-01	2.682820e-01
1.978974385984364e-03	7.910498e-01	2.670321e-01
1.979194610769420e-03	7.936560e-01	2.662880e-01
1.979354371493304e-03	7.952096e-01	2.654373e-01
1.979547696718677e-03	7.970273e-01	2.642458e-01
1.979786852270996e-03	7.990121e-01	2.630719e-01
1.980010170544044e-03	8.005659e-01	2.619948e-01
1.980144620217033e-03	8.013086e-01	2.600692e-01
1.980270543833023e-03	8.018982e-01	2.562454e-01
1.980402625690867e-03	8.024295e-01	2.506355e-01
1.980568514113572e-03	8.031188e-01	2.431142e-01
1.980747491329921e-03	8.038647e-01	2.365407e-01
1.980955428798673e-03	8.043344e-01	2.329800e-01
1.981163771433421e-03	8.037897e-01	2.341051e-01
1.981369810701535e-03	8.020680e-01	2.382256e-01
1.981498781292437e-03	8.007681e-01	2.417959e-01
1.981640030588144e-03	7.994643e-01	2.460593e-01
1.981780711691944e-03	7.981956e-01	2.496656e-01
1.981921678243116e-03	7.970002e-01	2.520967e-01
1.982065431387100e-03	7.960126e-01	2.541601e-01
1.982162999902413e-03	7.955005e-01	2.566659e-01
1.982278483791356e-03	7.948946e-01	2.613908e-01
1.982395983372218e-03	7.943455e-01	2.674547e-01
1.982550426393956e-03	7.936927e-01	2.759110e-01
1.982751332271787e-03	7.930232e-01	2.851483e-01
1.982960774072962e-03	7.927576e-01	2.892187e-01
1.983173736441433e-03	7.931212e-01	2.837609e-01
1.983398368872172e-03	7.949349e-01	2.691968e-01
1.983546202939758e-03	7.967725e-01	2.569351e-01
1.983680797496318e-03	7.982920e-01	2.458357e-01
1.983820200709354e-03	7.997479e-01	2.371577e-01
1.983967608677364e-03	8.011224e-01	2.334675e-01
1.984117499062682e-03	8.023811e-01	2.377603e-01
1.984292903543069e-03	8.026660e-01	2.510062e-01
1.984447280513725e-03	8.015641e-01	2.666276e-01
1.984565222925597e-03	8.006965e-01	2.799778e-01
1.984687573794159e-03	8.001961e-01	2.933677e-01
1.984801865038476e-03	8.000604e-01	3.037224e-01
1.984909202983437e-03	8.000332e-01	3.094666e-01
1.985075661533736e-03	8.009395e-01	3.137776e-01
1.985213279325997e-03	8.026002e-01	3.172852e-01
1.985370255656420e-03	8.047435e-01	3.223387e-01
1.985535192939027e-03	8.070435e-01	3.277891e-01
1.985794285850749e-03	8.115098e-01	3.341383e-01
1.986063392046610e-03	8.181473e-01	3.335624e-01
1.986239178397511e-03	8.229404e-01	3.223632e-01
1.986424053065173e-03	8.290011e-01	3.010556e-01
1.986545321907544e-03	8.332237e-01	2.849323e-01
1.986689136813119e-03	8.376751e-01	2.666513e-01
1.986847278764385e-03	8.422181e-01	2.524683e-01
1.987014278657698e-03	8.464384e-01	2.480533e-01
1.987198894020835e-03	8.508250e-01	2.568013e-01
1.987431727996462e-03	8.539961e-01	2.777605e-01
1.987579751277404e-03	8.546621e-01	2.928373e-01
1.987705347501217e-03	8.545822e-01	3.045353e-01
1.987831577487019e-03	8.542467e-01	3.130009e-01
1.987970365986675e-03	8.545154e-01	3.181071e-01
1.988064286088686e-03	8.552672e-01	3.185074e-01
1.988153764440559e-03	8.560868e-01	3.161227e-01
1.988242319016639e-03	8.566342e-01	3.114109e-01
1.988398863975729e-03	8.582191e-01	3.009623e-01
1.988523336559091e-03	8.601592e-01	2.922574e-01
1.988650147715695e-03	8.619643e-01	2.832947e-01
1.988767801455256e-03	8.636123e-01	2.763114e-01
1.988884864271023e-03	8.651682e-01	2.717715e-01
1.989005939723237e-03	8.665877e-01	2.691743e-01
1.989140770812284e-03	8.676408e-01	2.653402e-01
1.989261994768043e-03	8.681007e-01	2.586997e-01
1.989392411319176e-03	8.684760e-01	2.488126e-01
1.989561986588227e-03	8.688185e-01	2.350299e-01
1.989762936484738e-03	8.689588e-01	2.219598e-01
1.989984944191842e-03	8.676815e-01	2.158203e-01
1.990229697328143e-03	8.637974e-01	2.194602e-01
1.990447351833121e-03	8.592114e-01	2.293166e-01
1.990587756865532e-03	8.556801e-01	2.369336e-01
1.990724073507709e-03	8.522428e-01	2.438813e-01
1.990860087262968e-03	8.488989e-01	2.489495e-01
1.990991689288564e-03	8.459169e-01	2.521478e-01
1.991118122123509e-03	8.434777e-01	2.559631e-01
1.991220502907906e-03	8.417050e-01	2.615855e-01
1.991337649427269e-03	8.398099e-01	2.709440e-01
1.991502822632467e-03	8.371126e-01	2.859125e-01
1.991667058997176e-03	8.345020e-01	2.995302e-01
1.991884501703498e-03	8.323045e-01	3.116335e-01
1.992111833304128e-03	8.321182e-01	3.158229e-01
1.992381541834829e-03	8.336801e-01	3.137864e-01
1.992587440413126e-03	8.357372e-01	3.106153e-01
1.992815735899350e-03	8.387105e-01	3.073093e-01
1.993094217276898e-03	8.428321e-01	3.018576e-01
1.993221811138806e-03	8.448786e-01	2.952292e-01
1.993331312919830e-03	8.466394e-01	2.852790e-01
1.993435947378968e-03	8.482472e-01	2.737139e-01
1.993572491886186e-03	8.502256e-01	2.580925e-01
1.993738914664725e-03	8.530940e-01	2.427625e-01
1.993941115872737e-03	8.567464e-01	2.336719e-01
1.994133118861047e-03	8.585207e-01	2.350986e-01
1.994327160000432e-03	8.576843e-01	2.434203e-01
1.994505648441099e-03	8.547768e-01	2.532889e-01
1.994637900399891e-03	8.527271e-01	2.614965e-01
1.994755405784711e-03	8.514224e-01	2.684926e-01
1.994859893403189e-03	8.504575e-01	2.732361e-01
1.994969548467954e-03	8.493455e-01	2.758069e-01
1.995105325681123e-03	8.484000e-01	2.774337e-01
1.995199971848679e-03	8.479564e-01	2.786262e-01
1.995322439062484e-03	8.473583e-01	2.805148e-01
1.995452892147073e-03	8.468180e-01	2.827866e-01
1.995602156579237e-03	8.463288e-01	2.853604e-01
1.995777493325127e-03	8.459674e-01	2.877977e-01
1.996086354354830e-03	8.462716e-01	2.935088e-01
1.996239243093614e-03	8.470560e-01	3.008370e-01
1.996423504060646e-03	8.482189e-01	3.151952e-01
1.996615753504914e-03	8.493820e-01	3.312390e-01
1.996794539518600e-03	8.507782e-01	3.427161e-01
1.997017363235537e-03	8.525135e-01	3.462169e-01
1.997253552975666e-03	8.564368e-01	3.380958e-01
1.997477536510912e-03	8.632070e-01	3.240426e-01
1.997610278657679e-03	8.675211e-01	3.142706e-01
1.997746010172418e-03	8.714513e-01	3.049246e-01
1.997876086186093e-03	8.751235e-01	2.989863e-01
1.998013753848075e-03	8.788081e-01	2.974248e-01
1.998157440196600e-03	8.823194e-01	3.010610e-01
1.998296764453358e-03	8.852362e-01	3.084838e-01
1.998421474456657e-03	8.875564e-01	3.172504e-01
1.998541852168054e-03	8.896790e-01	3.265160e-01
1.998663047057717e-03	8.917793e-01	3.353627e-01
1.998805046514299e-03	8.941303e-01	3.436438e-01
1.998925603424853e-03	8.961854e-01	3.478372e-01
1.999033061833799e-03	8.981507e-01	3.474411e-01
1.999143618161135e-03	9.001645e-01	3.407482e-01
1.999267759416585e-03	9.025817e-01	3.262706e-01
1.999397437189130e-03	9.054885e-01	3.062446e-01
1.999531289757601e-03	9.087419e-01	2.834253e-01
1.999659891852560e-03	9.116451e-01	2.626804e-01
1.999826162509924e-03	9.147270e-01	2.421793e-01
1.999981643918330e-03	9.168155e-01	2.303711e-01
2.000000000000000e-03	9.169791e-01	2.298122e-01
